customer_id,first_purchase_date,last_purchase_date,delivered_order_count,total_revenue,cohort_year,cohort_month,customer_lifespan_days,customer_lifespan_years,repeat_purchase_status,repeat_purchase_flag,purchase_frequency_class,average_order_value,customer_type,industry_segment,region
C0001,2019-01-26,2024-11-15,34,55019747.4,2019,2019-01,2120,5.804243668720055,Repeat Customer,1,Frequent,1618227.8647058823,Retail,Construction,East
C0002,2019-01-24,2024-09-07,51,71712838.0,2019,2019-01,2053,5.620807665982204,Repeat Customer,1,Very Frequent,1406134.0784313725,Fleet Owner,Manufacturing,South
C0003,2019-04-05,2024-10-30,38,44728031.8,2019,2019-04,2035,5.5715263518138265,Repeat Customer,1,Frequent,1177053.4684210524,Government,Logistics,West
C0004,2019-03-21,2024-12-31,46,60843242.8,2019,2019-03,2112,5.782340862422998,Repeat Customer,1,Very Frequent,1322679.1913043477,Fleet Owner,Logistics,South
C0005,2019-02-28,2024-10-04,45,74996415.4,2019,2019-02,2045,5.598904859685147,Repeat Customer,1,Very Frequent,1666587.008888889,Dealer,Construction,West
C0006,2019-06-05,2024-09-02,40,65482805.4,2019,2019-06,1916,5.245722108145106,Repeat Customer,1,Very Frequent,1637070.135,Government,Construction,West
C0007,2019-05-08,2024-11-03,31,36509378.2,2019,2019-05,2006,5.492128678986996,Repeat Customer,1,Frequent,1177721.8774193549,Corporate,Manufacturing,West
C0008,2019-03-04,2024-07-16,34,48368868.0,2019,2019-03,1961,5.368925393566051,Repeat Customer,1,Frequent,1422613.7647058824,Corporate,Logistics,West
C0009,2019-04-14,2024-11-04,34,68836324.8,2019,2019-04,2031,5.560574948665297,Repeat Customer,1,Frequent,2024597.788235294,Corporate,Rental,West
C0010,2019-01-23,2024-11-27,46,63051038.4,2019,2019-01,2135,5.845311430527036,Repeat Customer,1,Very Frequent,1370674.7478260868,Dealer,Construction,South
C0011,2019-01-03,2024-11-22,41,57187490.8,2019,2019-01,2150,5.886379192334018,Repeat Customer,1,Very Frequent,1394816.8487804877,Retail,Infrastructure,West
C0012,2019-01-28,2024-10-10,37,53404468.4,2019,2019-01,2082,5.700205338809035,Repeat Customer,1,Frequent,1443364.0108108108,Fleet Owner,Logistics,South
C0013,2019-01-02,2024-10-27,44,76843692.4,2019,2019-01,2125,5.817932922655715,Repeat Customer,1,Very Frequent,1746447.5545454547,Dealer,Construction,West
C0014,2019-03-05,2024-12-21,27,41523847.6,2019,2019-03,2118,5.798767967145791,Repeat Customer,1,Moderate,1537920.2814814816,Fleet Owner,Construction,East
C0015,2019-02-18,2024-11-16,34,61028370.8,2019,2019-02,2098,5.7440109514031485,Repeat Customer,1,Frequent,1794952.0823529412,Government,Rental,West
C0016,2019-01-18,2024-12-18,35,70872336.2,2019,2019-01,2161,5.916495550992471,Repeat Customer,1,Frequent,2024923.8914285714,Government,Rental,East
C0017,2019-01-31,2024-12-21,39,59194497.0,2019,2019-01,2151,5.88911704312115,Repeat Customer,1,Frequent,1517807.6153846155,Government,Infrastructure,South
C0018,2019-06-10,2024-11-14,31,49286607.8,2019,2019-06,1984,5.431895961670089,Repeat Customer,1,Frequent,1589890.5741935482,Retail,Construction,West
C0019,2019-01-19,2024-12-10,37,42528118.4,2019,2019-01,2152,5.891854893908282,Repeat Customer,1,Frequent,1149408.6054054054,Government,Logistics,East
C0020,2019-01-26,2024-10-17,37,42586254.6,2019,2019-01,2091,5.724845995893224,Repeat Customer,1,Frequent,1150979.854054054,Dealer,Logistics,East
C0021,2019-01-16,2024-10-01,45,59956738.4,2019,2019-01,2085,5.708418891170431,Repeat Customer,1,Very Frequent,1332371.9644444445,Corporate,Mining,South
C0022,2019-01-13,2024-11-06,38,56759064.0,2019,2019-01,2124,5.815195071868583,Repeat Customer,1,Frequent,1493659.5789473683,Retail,Infrastructure,South
C0023,2019-01-05,2024-12-27,32,58217713.2,2019,2019-01,2183,5.976728268309377,Repeat Customer,1,Frequent,1819303.5375,Corporate,Mining,South
C0024,2019-01-22,2024-09-17,44,60658309.2,2019,2019-01,2065,5.653661875427789,Repeat Customer,1,Very Frequent,1378597.9363636365,Dealer,Rental,South
C0025,2019-01-29,2024-08-18,38,70349653.0,2019,2019-01,2028,5.552361396303901,Repeat Customer,1,Frequent,1851306.6578947369,Corporate,Infrastructure,West
C0026,2019-01-09,2024-12-29,36,60554977.0,2019,2019-01,2181,5.971252566735113,Repeat Customer,1,Frequent,1682082.6944444445,Fleet Owner,Mining,North
C0027,2019-03-25,2024-12-26,39,54309976.4,2019,2019-03,2103,5.757700205338809,Repeat Customer,1,Frequent,1392563.4974358974,Fleet Owner,Logistics,West
C0028,2019-01-22,2024-11-13,29,38208624.0,2019,2019-01,2122,5.809719370294319,Repeat Customer,1,Moderate,1317538.7586206896,Retail,Infrastructure,South
C0029,2019-01-16,2024-06-30,38,58176890.6,2019,2019-01,1992,5.453798767967146,Repeat Customer,1,Frequent,1530970.805263158,Dealer,Construction,South
C0030,2019-01-30,2024-09-02,32,58263942.8,2019,2019-01,2042,5.590691307323751,Repeat Customer,1,Frequent,1820748.2125,Corporate,Construction,South
C0031,2019-04-11,2024-08-13,34,50500841.8,2019,2019-04,1951,5.341546885694729,Repeat Customer,1,Frequent,1485318.8764705881,Government,Mining,East
C0032,2019-01-23,2024-10-25,44,71991263.0,2019,2019-01,2102,5.754962354551677,Repeat Customer,1,Very Frequent,1636165.0681818181,Government,Logistics,West
C0033,2019-03-05,2024-12-12,30,49354094.2,2019,2019-03,2109,5.774127310061601,Repeat Customer,1,Frequent,1645136.4733333334,Government,Mining,South
C0034,2019-01-05,2024-10-06,32,42477752.2,2019,2019-01,2101,5.752224503764545,Repeat Customer,1,Frequent,1327429.75625,Government,Construction,West
C0035,2019-01-07,2024-11-12,38,53340276.800000004,2019,2019-01,2136,5.848049281314168,Repeat Customer,1,Frequent,1403691.494736842,Dealer,Infrastructure,Central
C0036,2019-06-26,2024-12-18,31,48929201.8,2019,2019-06,2002,5.4811772758384665,Repeat Customer,1,Frequent,1578361.3483870968,Fleet Owner,Construction,East
C0037,2019-06-12,2024-10-25,36,45505928.0,2019,2019-06,1962,5.371663244353183,Repeat Customer,1,Frequent,1264053.5555555555,Corporate,Construction,West
C0038,2019-01-08,2024-11-29,36,57808311.2,2019,2019-01,2152,5.891854893908282,Repeat Customer,1,Frequent,1605786.4222222222,Fleet Owner,Rental,North
C0039,2019-04-17,2024-11-28,38,62706510.2,2019,2019-04,2052,5.618069815195072,Repeat Customer,1,Frequent,1650171.3210526316,Fleet Owner,Rental,South
C0040,2019-02-23,2024-12-21,43,53757984.6,2019,2019-02,2128,5.8261464750171115,Repeat Customer,1,Very Frequent,1250185.688372093,Government,Logistics,North
C0041,2019-01-11,2024-06-11,38,68044561.6,2019,2019-01,1978,5.415468856947296,Repeat Customer,1,Frequent,1790646.3578947366,Government,Rental,South
C0042,2019-01-25,2024-10-13,41,73882726.2,2019,2019-01,2088,5.716632443531828,Repeat Customer,1,Very Frequent,1802017.712195122,Fleet Owner,Rental,South
C0043,2019-04-04,2024-06-14,36,47644638.800000004,2019,2019-04,1898,5.196440793976728,Repeat Customer,1,Frequent,1323462.188888889,Corporate,Construction,South
C0044,2019-01-05,2024-11-17,34,49589458.0,2019,2019-01,2143,5.867214236824093,Repeat Customer,1,Frequent,1458513.4705882352,Government,Mining,West
C0045,2019-02-02,2024-12-15,42,75275350.60000001,2019,2019-02,2143,5.867214236824093,Repeat Customer,1,Very Frequent,1792270.2523809527,Corporate,Rental,East
C0046,2019-02-03,2024-12-09,46,87078641.0,2019,2019-02,2136,5.848049281314168,Repeat Customer,1,Very Frequent,1893013.9347826086,Retail,Rental,West
C0047,2019-04-06,2024-08-25,30,57880918.0,2019,2019-04,1968,5.388090349075975,Repeat Customer,1,Frequent,1929363.9333333333,Corporate,Rental,West
C0048,2019-04-05,2024-09-12,31,49413459.2,2019,2019-04,1987,5.4401095140314855,Repeat Customer,1,Frequent,1593982.5548387098,Dealer,Mining,South
C0049,2019-01-25,2024-12-25,39,82316206.2,2019,2019-01,2161,5.916495550992471,Repeat Customer,1,Frequent,2110671.953846154,Dealer,Manufacturing,South
C0050,2019-01-11,2024-12-14,27,56151044.8,2019,2019-01,2164,5.924709103353867,Repeat Customer,1,Moderate,2079668.3259259257,Dealer,Mining,East
C0051,2019-02-15,2024-11-15,36,59420710.4,2019,2019-02,2100,5.749486652977413,Repeat Customer,1,Frequent,1650575.288888889,Retail,Infrastructure,North
C0052,2019-02-12,2024-12-11,35,56612172.2,2019,2019-02,2129,5.8288843258042435,Repeat Customer,1,Frequent,1617490.6342857145,Government,Manufacturing,North East
C0053,2019-05-16,2024-09-18,27,45016037.4,2019,2019-05,1952,5.344284736481861,Repeat Customer,1,Moderate,1667260.6444444444,Fleet Owner,Construction,North
C0054,2019-01-31,2024-12-14,37,63424926.8,2019,2019-01,2144,5.8699520876112254,Repeat Customer,1,Frequent,1714187.2108108108,Fleet Owner,Manufacturing,South
C0055,2019-04-01,2024-12-11,32,59056095.2,2019,2019-04,2081,5.6974674880219025,Repeat Customer,1,Frequent,1845502.975,Dealer,Construction,North
C0056,2019-01-08,2024-11-10,36,60885469.8,2019,2019-01,2133,5.839835728952772,Repeat Customer,1,Frequent,1691263.0499999998,Dealer,Mining,North
C0057,2019-03-20,2024-12-04,32,49701788.6,2019,2019-03,2086,5.711156741957564,Repeat Customer,1,Frequent,1553180.89375,Retail,Logistics,East
C0058,2019-01-23,2024-12-24,40,56831525.0,2019,2019-01,2162,5.919233401779603,Repeat Customer,1,Very Frequent,1420788.125,Retail,Infrastructure,West
C0059,2019-01-21,2024-12-20,32,56859509.4,2019,2019-01,2160,5.9137577002053385,Repeat Customer,1,Frequent,1776859.66875,Retail,Manufacturing,South
C0060,2019-07-20,2024-11-24,44,77163010.4,2019,2019-07,1954,5.349760438056126,Repeat Customer,1,Very Frequent,1753704.781818182,Dealer,Mining,South
C0061,2019-01-29,2024-09-08,29,33890240.0,2019,2019-01,2049,5.6098562628336754,Repeat Customer,1,Moderate,1168628.9655172413,Dealer,Construction,West
C0062,2019-03-18,2024-10-31,36,78963082.0,2019,2019-03,2054,5.623545516769336,Repeat Customer,1,Frequent,2193418.9444444445,Dealer,Construction,South
C0063,2019-02-28,2024-12-19,38,72065344.4,2019,2019-02,2121,5.806981519507187,Repeat Customer,1,Frequent,1896456.4315789475,Retail,Rental,North
C0064,2019-03-21,2024-10-18,32,57893888.0,2019,2019-03,2038,5.579739904175223,Repeat Customer,1,Frequent,1809184.0,Corporate,Manufacturing,North
C0065,2019-01-07,2024-12-12,36,59751563.6,2019,2019-01,2166,5.930184804928132,Repeat Customer,1,Frequent,1659765.6555555556,Corporate,Mining,West
C0066,2019-01-29,2024-10-11,32,54037060.800000004,2019,2019-01,2082,5.700205338809035,Repeat Customer,1,Frequent,1688658.1500000001,Retail,Manufacturing,Central
C0067,2019-05-29,2024-12-30,31,55575120.6,2019,2019-05,2042,5.590691307323751,Repeat Customer,1,Frequent,1792745.8258064517,Retail,Manufacturing,West
C0068,2019-03-11,2024-12-06,39,57372766.4,2019,2019-03,2097,5.7412731006160165,Repeat Customer,1,Frequent,1471096.5743589744,Retail,Mining,North
C0069,2019-02-18,2024-12-11,47,77108269.8,2019,2019-02,2123,5.812457221081451,Repeat Customer,1,Very Frequent,1640601.485106383,Dealer,Logistics,North
C0070,2019-02-04,2024-12-20,41,76883391.4,2019,2019-02,2146,5.87542778918549,Repeat Customer,1,Very Frequent,1875204.668292683,Government,Logistics,West
C0071,2019-01-24,2024-11-26,42,72076738.0,2019,2019-01,2133,5.839835728952772,Repeat Customer,1,Very Frequent,1716112.8095238095,Corporate,Rental,North
C0072,2019-06-15,2024-12-23,26,55369763.0,2019,2019-06,2018,5.5249828884325805,Repeat Customer,1,Moderate,2129606.269230769,Government,Logistics,West
C0073,2019-03-23,2024-11-12,32,56970903.6,2019,2019-03,2061,5.642710472279261,Repeat Customer,1,Frequent,1780340.7375,Corporate,Rental,North
C0074,2019-01-10,2024-12-31,39,50426138.6,2019,2019-01,2182,5.973990417522245,Repeat Customer,1,Frequent,1292977.912820513,Fleet Owner,Infrastructure,East
C0075,2019-04-17,2024-10-20,33,50186853.4,2019,2019-04,2013,5.51129363449692,Repeat Customer,1,Frequent,1520813.7393939393,Retail,Mining,South
C0076,2019-01-12,2024-10-06,45,80026994.2,2019,2019-01,2094,5.73305954825462,Repeat Customer,1,Very Frequent,1778377.648888889,Government,Mining,South
C0077,2019-02-05,2024-12-16,34,57865492.6,2019,2019-02,2141,5.861738535249829,Repeat Customer,1,Frequent,1701926.2529411765,Corporate,Mining,North
C0078,2019-01-31,2024-06-22,31,42565724.6,2019,2019-01,1969,5.390828199863107,Repeat Customer,1,Frequent,1373087.8903225807,Dealer,Rental,South
C0079,2019-01-25,2024-11-28,31,47175266.2,2019,2019-01,2134,5.842573579739904,Repeat Customer,1,Frequent,1521782.7806451614,Retail,Rental,North
C0080,2019-02-20,2024-11-03,42,56541324.2,2019,2019-02,2083,5.702943189596167,Repeat Customer,1,Very Frequent,1346222.004761905,Retail,Mining,South
C0081,2019-01-03,2024-12-23,37,56355210.0,2019,2019-01,2181,5.971252566735113,Repeat Customer,1,Frequent,1523113.7837837837,Corporate,Rental,West
C0082,2019-03-17,2024-12-18,46,77500928.6,2019,2019-03,2103,5.757700205338809,Repeat Customer,1,Very Frequent,1684802.7956521737,Fleet Owner,Manufacturing,West
C0083,2019-05-23,2024-10-04,45,89672688.2,2019,2019-05,1961,5.368925393566051,Repeat Customer,1,Very Frequent,1992726.4044444445,Dealer,Infrastructure,North
C0084,2019-04-29,2024-09-22,39,73317161.4,2019,2019-04,1973,5.401779603011636,Repeat Customer,1,Frequent,1879927.2153846156,Corporate,Logistics,West
C0085,2019-01-01,2024-09-20,37,60463527.2,2019,2019-01,2089,5.71937029431896,Repeat Customer,1,Frequent,1634149.3837837838,Retail,Mining,South
C0086,2019-01-12,2024-11-22,29,59655682.6,2019,2019-01,2141,5.861738535249829,Repeat Customer,1,Moderate,2057092.5034482758,Retail,Construction,West
C0087,2019-01-22,2024-12-17,39,50370513.4,2019,2019-01,2156,5.90280629705681,Repeat Customer,1,Frequent,1291551.6256410256,Government,Logistics,South
C0088,2019-01-26,2024-08-06,36,57330201.8,2019,2019-01,2019,5.5277207392197125,Repeat Customer,1,Frequent,1592505.6055555556,Corporate,Infrastructure,West
C0089,2019-01-02,2024-11-14,37,47111014.0,2019,2019-01,2143,5.867214236824093,Repeat Customer,1,Frequent,1273270.6486486488,Corporate,Rental,West
C0090,2019-03-16,2024-10-22,43,51915256.6,2019,2019-03,2047,5.604380561259411,Repeat Customer,1,Very Frequent,1207331.5488372094,Government,Infrastructure,North
C0091,2019-01-09,2024-09-07,30,39090471.8,2019,2019-01,2068,5.661875427789186,Repeat Customer,1,Frequent,1303015.7266666666,Retail,Construction,South
C0092,2019-01-17,2024-07-30,36,46760586.8,2019,2019-01,2021,5.533196440793977,Repeat Customer,1,Frequent,1298905.1888888888,Fleet Owner,Logistics,West
C0093,2019-02-13,2024-12-01,36,57944235.8,2019,2019-02,2118,5.798767967145791,Repeat Customer,1,Frequent,1609562.1055555556,Dealer,Manufacturing,South
C0094,2019-01-18,2024-09-20,31,46343009.2,2019,2019-01,2072,5.672826830937714,Repeat Customer,1,Frequent,1494935.7806451614,Corporate,Logistics,West
C0095,2019-05-21,2024-12-26,29,55610118.2,2019,2019-05,2046,5.601642710472279,Repeat Customer,1,Moderate,1917590.2827586208,Fleet Owner,Logistics,West
C0096,2019-01-02,2024-12-30,34,51986858.4,2019,2019-01,2189,5.993155373032169,Repeat Customer,1,Frequent,1529025.2470588235,Corporate,Construction,South
C0097,2019-03-22,2024-12-16,26,47499351.2,2019,2019-03,2096,5.738535249828884,Repeat Customer,1,Moderate,1826898.1230769232,Corporate,Construction,West
C0098,2019-03-14,2024-12-18,35,56088743.0,2019,2019-03,2106,5.765913757700205,Repeat Customer,1,Frequent,1602535.5142857144,Corporate,Mining,East
C0099,2019-01-10,2024-12-26,44,56469516.0,2019,2019-01,2177,5.960301163586585,Repeat Customer,1,Very Frequent,1283398.0909090908,Fleet Owner,Rental,South
C0100,2019-01-25,2024-09-10,38,48373950.0,2019,2019-01,2055,5.626283367556468,Repeat Customer,1,Frequent,1272998.6842105263,Government,Construction,North
C0101,2019-02-26,2024-10-10,38,62629058.6,2019,2019-02,2053,5.620807665982204,Repeat Customer,1,Frequent,1648133.1210526316,Corporate,Logistics,South
C0102,2019-03-11,2024-10-24,34,71864051.2,2019,2019-03,2054,5.623545516769336,Repeat Customer,1,Frequent,2113648.564705882,Government,Infrastructure,East
C0103,2019-02-21,2024-08-29,40,75304293.2,2019,2019-02,2016,5.519507186858316,Repeat Customer,1,Very Frequent,1882607.33,Dealer,Infrastructure,South
C0104,2019-04-06,2024-12-30,34,42120081.4,2019,2019-04,2095,5.735797399041752,Repeat Customer,1,Frequent,1238825.9235294117,Fleet Owner,Infrastructure,South
C0105,2019-05-25,2024-11-26,41,57202879.8,2019,2019-05,2012,5.508555783709788,Repeat Customer,1,Very Frequent,1395192.1902439024,Government,Logistics,North
C0106,2019-04-07,2024-11-12,39,58339475.8,2019,2019-04,2046,5.601642710472279,Repeat Customer,1,Frequent,1495883.9948717947,Dealer,Infrastructure,Central
C0107,2019-01-16,2024-12-11,49,85196217.6,2019,2019-01,2156,5.90280629705681,Repeat Customer,1,Very Frequent,1738698.318367347,Fleet Owner,Construction,North
C0108,2019-01-03,2024-12-29,24,31126705.0,2019,2019-01,2187,5.987679671457905,Repeat Customer,1,Moderate,1296946.0416666667,Corporate,Rental,North
C0109,2019-01-14,2024-12-09,44,69451949.0,2019,2019-01,2156,5.90280629705681,Repeat Customer,1,Very Frequent,1578453.3863636365,Retail,Mining,South
C0110,2019-01-25,2024-06-21,42,90807306.0,2019,2019-01,1974,5.404517453798768,Repeat Customer,1,Very Frequent,2162078.714285714,Dealer,Logistics,Central
C0111,2019-04-09,2024-12-16,33,55916542.2,2019,2019-04,2078,5.689253935660506,Repeat Customer,1,Frequent,1694440.6727272728,Corporate,Construction,South
C0112,2019-02-27,2024-12-01,33,46248326.6,2019,2019-02,2104,5.760438056125941,Repeat Customer,1,Frequent,1401464.4424242424,Fleet Owner,Mining,South
C0113,2019-01-13,2024-12-23,41,78713400.0,2019,2019-01,2171,5.943874058863792,Repeat Customer,1,Very Frequent,1919839.024390244,Corporate,Logistics,South
C0114,2019-02-09,2024-09-27,33,48515792.8,2019,2019-02,2057,5.631759069130732,Repeat Customer,1,Frequent,1470175.5393939393,Retail,Mining,East
C0115,2019-05-07,2024-11-28,29,44357793.6,2019,2019-05,2032,5.563312799452429,Repeat Customer,1,Moderate,1529579.0896551725,Fleet Owner,Mining,South
C0116,2019-01-08,2024-07-28,35,64081942.6,2019,2019-01,2028,5.552361396303901,Repeat Customer,1,Frequent,1830912.6457142858,Dealer,Construction,North
C0117,2019-01-01,2024-08-12,31,38951277.4,2019,2019-01,2050,5.6125941136208075,Repeat Customer,1,Frequent,1256492.8193548387,Government,Mining,North East
C0118,2019-02-03,2024-12-10,32,41835680.2,2019,2019-02,2137,5.8507871321013,Repeat Customer,1,Frequent,1307365.00625,Retail,Rental,South
C0119,2019-01-07,2024-10-26,51,67143205.2,2019,2019-01,2119,5.801505817932923,Repeat Customer,1,Very Frequent,1316533.4352941178,Government,Manufacturing,West
C0120,2019-01-02,2024-11-15,34,50313583.0,2019,2019-01,2144,5.8699520876112254,Repeat Customer,1,Frequent,1479811.2647058824,Fleet Owner,Construction,South
C0121,2019-01-22,2024-12-01,34,47029566.199999996,2019,2019-01,2140,5.859000684462697,Repeat Customer,1,Frequent,1383222.5352941174,Government,Construction,West
C0122,2019-01-12,2024-11-05,31,48051119.4,2019,2019-01,2124,5.815195071868583,Repeat Customer,1,Frequent,1550036.1096774193,Dealer,Rental,North East
C0123,2019-01-16,2024-11-04,36,70019319.0,2019,2019-01,2119,5.801505817932923,Repeat Customer,1,Frequent,1944981.0833333333,Corporate,Infrastructure,East
C0124,2019-01-11,2024-11-04,42,54870405.8,2019,2019-01,2124,5.815195071868583,Repeat Customer,1,Very Frequent,1306438.2333333332,Dealer,Construction,West
C0125,2019-02-17,2024-12-09,30,31904862.6,2019,2019-02,2122,5.809719370294319,Repeat Customer,1,Frequent,1063495.4200000002,Government,Mining,West
C0126,2019-03-05,2024-04-05,33,64059034.8,2019,2019-03,1858,5.086926762491444,Repeat Customer,1,Frequent,1941182.8727272726,Dealer,Manufacturing,South
C0127,2019-03-01,2024-06-25,28,48960650.8,2019,2019-03,1943,5.319644079397673,Repeat Customer,1,Moderate,1748594.6714285712,Government,Construction,East
C0128,2019-01-02,2024-12-18,33,69172996.2,2019,2019-01,2177,5.960301163586585,Repeat Customer,1,Frequent,2096151.4000000001,Retail,Mining,West
C0129,2019-01-06,2024-10-31,36,76393252.6,2019,2019-01,2125,5.817932922655715,Repeat Customer,1,Frequent,2122034.794444444,Corporate,Mining,North
C0130,2019-02-17,2024-11-16,39,60017312.8,2019,2019-02,2099,5.746748802190281,Repeat Customer,1,Frequent,1538905.4564102564,Government,Mining,West
C0131,2019-02-21,2024-06-14,32,59008448.8,2019,2019-02,1940,5.3114305270362765,Repeat Customer,1,Frequent,1844014.025,Corporate,Rental,South
C0132,2019-02-22,2024-10-01,37,49004629.4,2019,2019-02,2048,5.607118412046543,Repeat Customer,1,Frequent,1324449.4432432433,Corporate,Construction,Central
C0133,2019-03-27,2024-04-07,29,51247358.0,2019,2019-03,1838,5.032169746748802,Repeat Customer,1,Moderate,1767150.2758620689,Government,Mining,South
C0134,2019-03-03,2024-11-24,48,85243025.2,2019,2019-03,2093,5.730321697467488,Repeat Customer,1,Very Frequent,1775896.3583333334,Fleet Owner,Infrastructure,West
C0135,2019-03-09,2024-08-27,35,62791824.6,2019,2019-03,1998,5.470225872689938,Repeat Customer,1,Frequent,1794052.1314285714,Retail,Rental,South
C0136,2019-03-23,2024-11-13,37,45774176.2,2019,2019-03,2062,5.645448323066393,Repeat Customer,1,Frequent,1237139.8972972974,Dealer,Mining,West
C0137,2019-06-13,2024-06-10,21,42806442.6,2019,2019-06,1824,4.993839835728953,Repeat Customer,1,Moderate,2038402.0285714287,Dealer,Infrastructure,South
C0138,2019-01-10,2024-12-25,34,62582651.4,2019,2019-01,2176,5.9575633127994525,Repeat Customer,1,Frequent,1840666.217647059,Corporate,Mining,South
C0139,2019-03-13,2024-10-31,29,37337910.0,2019,2019-03,2059,5.637234770704997,Repeat Customer,1,Moderate,1287514.1379310344,Government,Mining,West
C0140,2019-03-18,2024-11-24,37,60136648.6,2019,2019-03,2078,5.689253935660506,Repeat Customer,1,Frequent,1625314.827027027,Retail,Logistics,West
C0141,2019-04-06,2024-11-15,36,66220737.2,2019,2019-04,2050,5.6125941136208075,Repeat Customer,1,Frequent,1839464.9222222222,Corporate,Rental,West
C0142,2019-02-06,2024-12-08,45,84828043.0,2019,2019-02,2132,5.83709787816564,Repeat Customer,1,Very Frequent,1885067.6222222222,Retail,Manufacturing,West
C0143,2019-01-11,2024-08-02,27,44644618.2,2019,2019-01,2030,5.557837097878165,Repeat Customer,1,Moderate,1653504.3777777778,Corporate,Infrastructure,South
C0144,2019-04-02,2024-08-23,25,39589546.2,2019,2019-04,1970,5.393566050650239,Repeat Customer,1,Moderate,1583581.8480000002,Fleet Owner,Construction,West
C0145,2019-04-01,2024-12-29,33,34445949.4,2019,2019-04,2099,5.746748802190281,Repeat Customer,1,Frequent,1043816.6484848484,Retail,Construction,West
C0146,2019-01-20,2024-12-31,30,61245406.2,2019,2019-01,2172,5.946611909650924,Repeat Customer,1,Frequent,2041513.54,Retail,Mining,West
C0147,2019-07-21,2024-12-22,30,44007572.2,2019,2019-07,1981,5.423682409308693,Repeat Customer,1,Frequent,1466919.0733333335,Dealer,Rental,North
C0148,2019-01-28,2024-12-09,35,54884128.4,2019,2019-01,2142,5.864476386036961,Repeat Customer,1,Frequent,1568117.9542857143,Government,Construction,South
C0149,2019-02-28,2024-12-12,38,65235052.4,2019,2019-02,2114,5.7878165639972625,Repeat Customer,1,Frequent,1716711.9052631578,Government,Manufacturing,West
C0150,2019-07-12,2024-11-09,30,41608958.8,2019,2019-07,1947,5.330595482546201,Repeat Customer,1,Frequent,1386965.2933333332,Fleet Owner,Manufacturing,West
C0151,2019-03-03,2024-11-28,27,39556960.6,2019,2019-03,2097,5.7412731006160165,Repeat Customer,1,Moderate,1465072.6148148149,Government,Infrastructure,East
C0152,2019-03-10,2024-11-18,40,62249804.2,2019,2019-03,2080,5.69472963723477,Repeat Customer,1,Very Frequent,1556245.105,Corporate,Manufacturing,South
C0153,2019-01-17,2024-12-12,56,108200489.6,2019,2019-01,2156,5.90280629705681,Repeat Customer,1,Very Frequent,1932151.5999999999,Retail,Rental,East
C0154,2019-01-29,2024-08-21,45,74171590.6,2019,2019-01,2031,5.560574948665297,Repeat Customer,1,Very Frequent,1648257.5688888887,Fleet Owner,Logistics,North
C0155,2019-11-15,2024-12-17,31,41576324.2,2019,2019-11,1859,5.089664613278576,Repeat Customer,1,Frequent,1341171.748387097,Fleet Owner,Mining,East
C0156,2019-01-14,2024-09-17,33,67117436.4,2019,2019-01,2073,5.675564681724846,Repeat Customer,1,Frequent,2033861.7090909092,Government,Manufacturing,South
C0157,2019-02-15,2024-12-30,34,55572804.4,2019,2019-02,2145,5.8726899383983575,Repeat Customer,1,Frequent,1634494.2470588235,Dealer,Infrastructure,North
C0158,2019-03-03,2024-09-26,36,58875735.2,2019,2019-03,2034,5.568788501026694,Repeat Customer,1,Frequent,1635437.088888889,Corporate,Infrastructure,East
C0159,2019-02-02,2024-12-26,34,49934036.2,2019,2019-02,2154,5.897330595482546,Repeat Customer,1,Frequent,1468648.1235294119,Dealer,Construction,South
C0160,2019-02-19,2024-11-23,44,70762190.2,2019,2019-02,2104,5.760438056125941,Repeat Customer,1,Very Frequent,1608231.5954545455,Retail,Rental,West
C0161,2019-03-24,2024-11-17,37,60837361.2,2019,2019-03,2065,5.653661875427789,Repeat Customer,1,Frequent,1644253.0054054055,Dealer,Mining,West
C0162,2019-07-05,2024-10-14,28,62233145.6,2019,2019-07,1928,5.278576317590692,Repeat Customer,1,Moderate,2222612.342857143,Retail,Mining,East
C0163,2019-06-02,2024-08-05,38,46377823.0,2019,2019-06,1891,5.177275838466803,Repeat Customer,1,Frequent,1220469.0263157894,Dealer,Logistics,West
C0164,2019-01-11,2024-11-13,36,45625652.8,2019,2019-01,2133,5.839835728952772,Repeat Customer,1,Frequent,1267379.2444444443,Government,Construction,North
C0165,2019-02-27,2024-12-24,50,79168592.4,2019,2019-02,2127,5.823408624229979,Repeat Customer,1,Very Frequent,1583371.8480000002,Fleet Owner,Manufacturing,North
C0166,2019-01-18,2024-12-08,32,69504759.6,2019,2019-01,2151,5.88911704312115,Repeat Customer,1,Frequent,2172023.7375,Fleet Owner,Manufacturing,West
C0167,2019-01-03,2024-12-28,31,50383279.4,2019,2019-01,2186,5.984941820670773,Repeat Customer,1,Frequent,1625267.0774193548,Retail,Mining,West
C0168,2019-06-02,2024-12-18,34,64028787.0,2019,2019-06,2026,5.546885694729637,Repeat Customer,1,Frequent,1883199.6176470588,Dealer,Infrastructure,West
C0169,2019-03-25,2024-10-27,40,69450095.6,2019,2019-03,2043,5.593429158110883,Repeat Customer,1,Very Frequent,1736252.39,Fleet Owner,Construction,West
C0170,2019-03-21,2024-12-20,27,38882680.4,2019,2019-03,2101,5.752224503764545,Repeat Customer,1,Moderate,1440099.274074074,Government,Construction,South
C0171,2019-04-27,2024-10-19,30,55348450.2,2019,2019-04,2002,5.4811772758384665,Repeat Customer,1,Frequent,1844948.34,Fleet Owner,Construction,South
C0172,2019-08-18,2024-11-27,37,57323600.2,2019,2019-08,1928,5.278576317590692,Repeat Customer,1,Frequent,1549286.491891892,Dealer,Manufacturing,South
C0173,2019-03-29,2024-10-18,31,57999777.4,2019,2019-03,2030,5.557837097878165,Repeat Customer,1,Frequent,1870960.5612903226,Retail,Logistics,South
C0174,2019-01-11,2024-12-03,29,29793255.0,2019,2019-01,2153,5.894592744695414,Repeat Customer,1,Moderate,1027353.6206896552,Government,Mining,West
C0175,2019-01-24,2024-11-01,36,59434888.8,2019,2019-01,2108,5.771389459274469,Repeat Customer,1,Frequent,1650969.1333333333,Fleet Owner,Rental,East
C0176,2019-01-14,2024-08-07,42,66901722.800000004,2019,2019-01,2032,5.563312799452429,Repeat Customer,1,Very Frequent,1592898.161904762,Dealer,Logistics,South
C0177,2019-04-01,2024-12-25,28,35762840.4,2019,2019-04,2095,5.735797399041752,Repeat Customer,1,Moderate,1277244.3,Dealer,Construction,West
C0178,2019-01-22,2024-12-09,54,89493824.6,2019,2019-01,2148,5.880903490759754,Repeat Customer,1,Very Frequent,1657293.048148148,Dealer,Logistics,East
C0179,2019-05-20,2024-07-21,32,43222736.0,2019,2019-05,1889,5.171800136892539,Repeat Customer,1,Frequent,1350710.5,Government,Infrastructure,South
C0180,2019-01-04,2024-12-10,27,30093537.8,2019,2019-01,2167,5.932922655715264,Repeat Customer,1,Moderate,1114575.474074074,Fleet Owner,Logistics,South
C0181,2019-04-13,2024-12-15,36,53087081.0,2019,2019-04,2073,5.675564681724846,Repeat Customer,1,Frequent,1474641.138888889,Government,Construction,West
C0182,2019-03-03,2024-08-03,29,40856091.0,2019,2019-03,1980,5.420944558521561,Repeat Customer,1,Moderate,1408830.7241379311,Dealer,Infrastructure,East
C0183,2019-02-03,2024-12-05,27,32313901.0,2019,2019-02,2132,5.83709787816564,Repeat Customer,1,Moderate,1196811.148148148,Government,Mining,West
C0184,2019-03-12,2024-11-28,29,61479056.4,2019,2019-03,2088,5.716632443531828,Repeat Customer,1,Moderate,2119967.4620689657,Retail,Rental,South
C0185,2019-03-25,2024-09-16,33,47500335.2,2019,2019-03,2002,5.4811772758384665,Repeat Customer,1,Frequent,1439404.0969696972,Dealer,Logistics,West
C0186,2019-02-17,2024-12-11,40,70676837.0,2019,2019-02,2124,5.815195071868583,Repeat Customer,1,Very Frequent,1766920.925,Fleet Owner,Infrastructure,East
C0187,2019-05-02,2024-11-08,30,46901016.0,2019,2019-05,2017,5.522245037645448,Repeat Customer,1,Frequent,1563367.2,Retail,Rental,North
C0188,2019-03-04,2024-12-27,39,54387524.8,2019,2019-03,2125,5.817932922655715,Repeat Customer,1,Frequent,1394551.917948718,Corporate,Logistics,West
C0189,2019-03-03,2024-11-11,35,61121980.8,2019,2019-03,2080,5.69472963723477,Repeat Customer,1,Frequent,1746342.3085714285,Government,Manufacturing,South
C0190,2019-05-15,2024-12-29,35,56351528.4,2019,2019-05,2055,5.626283367556468,Repeat Customer,1,Frequent,1610043.6685714286,Retail,Manufacturing,North
C0191,2019-02-03,2024-12-12,29,65787839.8,2019,2019-02,2139,5.856262833675565,Repeat Customer,1,Moderate,2268546.1999999997,Corporate,Manufacturing,South
C0192,2019-01-19,2024-08-29,40,69269688.4,2019,2019-01,2049,5.6098562628336754,Repeat Customer,1,Very Frequent,1731742.2100000002,Fleet Owner,Logistics,East
C0193,2019-01-10,2024-11-30,38,67795348.0,2019,2019-01,2151,5.88911704312115,Repeat Customer,1,Frequent,1784088.105263158,Dealer,Infrastructure,West
C0194,2019-04-15,2024-12-26,33,48202752.8,2019,2019-04,2082,5.700205338809035,Repeat Customer,1,Frequent,1460689.4787878788,Fleet Owner,Construction,South
C0195,2019-02-15,2024-12-28,31,56797913.6,2019,2019-02,2143,5.867214236824093,Repeat Customer,1,Frequent,1832190.7612903225,Fleet Owner,Logistics,East
C0196,2019-01-09,2024-10-28,48,71291851.6,2019,2019-01,2119,5.801505817932923,Repeat Customer,1,Very Frequent,1485246.9083333332,Fleet Owner,Rental,North East
C0197,2019-02-22,2024-10-18,47,77464617.6,2019,2019-02,2065,5.653661875427789,Repeat Customer,1,Very Frequent,1648183.3531914891,Government,Manufacturing,West
C0198,2019-03-27,2024-08-01,36,63577917.2,2019,2019-03,1954,5.349760438056126,Repeat Customer,1,Frequent,1766053.2555555557,Government,Mining,West
C0199,2019-01-19,2024-10-21,33,48930073.4,2019,2019-01,2102,5.754962354551677,Repeat Customer,1,Frequent,1482729.4969696968,Government,Mining,West
C0200,2019-02-09,2024-11-25,47,84469856.6,2019,2019-02,2116,5.793292265571527,Repeat Customer,1,Very Frequent,1797230.9914893615,Retail,Logistics,East
C0201,2019-02-01,2024-12-13,47,80475593.0,2019,2019-02,2142,5.864476386036961,Repeat Customer,1,Very Frequent,1712246.6595744682,Dealer,Infrastructure,South
C0202,2019-09-19,2024-09-21,28,50389917.2,2019,2019-09,1829,5.007529089664613,Repeat Customer,1,Moderate,1799639.9000000001,Government,Logistics,North
C0203,2019-02-25,2024-11-19,35,53777085.6,2019,2019-02,2094,5.73305954825462,Repeat Customer,1,Frequent,1536488.1600000001,Government,Manufacturing,West
C0204,2019-05-20,2024-12-08,31,39880662.0,2019,2019-05,2029,5.555099247091033,Repeat Customer,1,Frequent,1286472.9677419355,Retail,Rental,South
C0205,2019-02-07,2024-11-15,33,51965845.0,2019,2019-02,2108,5.771389459274469,Repeat Customer,1,Frequent,1574722.5757575757,Retail,Construction,North
C0206,2019-01-08,2024-12-11,40,89674652.2,2019,2019-01,2164,5.924709103353867,Repeat Customer,1,Very Frequent,2241866.305,Retail,Construction,West
C0207,2019-02-10,2024-10-13,45,87068691.0,2019,2019-02,2072,5.672826830937714,Repeat Customer,1,Very Frequent,1934859.8,Corporate,Rental,East
C0208,2019-01-20,2024-12-30,30,46904115.8,2019,2019-01,2171,5.943874058863792,Repeat Customer,1,Frequent,1563470.5266666666,Fleet Owner,Logistics,North
C0209,2019-10-18,2024-11-22,44,65445658.4,2019,2019-10,1862,5.0978781656399725,Repeat Customer,1,Very Frequent,1487401.3272727272,Corporate,Infrastructure,East
C0210,2019-02-20,2024-11-26,30,53509817.8,2019,2019-02,2106,5.765913757700205,Repeat Customer,1,Frequent,1783660.5933333333,Retail,Infrastructure,West
C0211,2019-03-06,2024-11-20,42,59389779.2,2019,2019-03,2086,5.711156741957564,Repeat Customer,1,Very Frequent,1414042.361904762,Fleet Owner,Manufacturing,South
C0212,2019-02-01,2024-08-23,31,45262151.0,2019,2019-02,2030,5.557837097878165,Repeat Customer,1,Frequent,1460069.3870967743,Retail,Infrastructure,North East
C0213,2019-02-26,2024-08-31,30,66248437.6,2019,2019-02,2013,5.51129363449692,Repeat Customer,1,Frequent,2208281.2533333334,Fleet Owner,Rental,West
C0214,2019-01-12,2024-12-26,31,50612095.0,2019,2019-01,2175,5.95482546201232,Repeat Customer,1,Frequent,1632648.2258064516,Corporate,Rental,West
C0215,2019-02-28,2024-12-24,49,73940925.4,2019,2019-02,2126,5.820670773442847,Repeat Customer,1,Very Frequent,1508998.4775510204,Corporate,Rental,South
C0216,2019-01-27,2024-11-20,39,62009378.6,2019,2019-01,2124,5.815195071868583,Repeat Customer,1,Frequent,1589984.0666666667,Government,Mining,East
C0217,2019-01-19,2024-12-18,36,61360958.2,2019,2019-01,2160,5.9137577002053385,Repeat Customer,1,Frequent,1704471.0611111112,Corporate,Infrastructure,North
C0218,2019-02-02,2024-10-16,36,44324901.0,2019,2019-02,2083,5.702943189596167,Repeat Customer,1,Frequent,1231247.25,Fleet Owner,Construction,West
C0219,2019-01-09,2024-12-21,39,59976015.0,2019,2019-01,2173,5.949349760438056,Repeat Customer,1,Frequent,1537846.5384615385,Government,Manufacturing,West
C0220,2019-01-19,2024-11-06,43,53467975.0,2019,2019-01,2118,5.798767967145791,Repeat Customer,1,Very Frequent,1243441.2790697673,Government,Infrastructure,Central
C0221,2019-01-17,2024-09-05,44,82001959.0,2019,2019-01,2058,5.634496919917864,Repeat Customer,1,Very Frequent,1863680.8863636365,Dealer,Logistics,North
C0222,2019-01-30,2024-12-13,41,57177978.6,2019,2019-01,2144,5.8699520876112254,Repeat Customer,1,Very Frequent,1394584.843902439,Fleet Owner,Logistics,North
C0223,2019-03-01,2024-10-15,33,54079206.6,2019,2019-03,2055,5.626283367556468,Repeat Customer,1,Frequent,1638763.8363636364,Corporate,Logistics,West
C0224,2019-01-30,2024-10-31,36,54050072.4,2019,2019-01,2101,5.752224503764545,Repeat Customer,1,Frequent,1501390.9,Retail,Manufacturing,East
C0225,2019-03-17,2024-07-17,48,69254158.0,2019,2019-03,1949,5.336071184120465,Repeat Customer,1,Very Frequent,1442794.9583333333,Fleet Owner,Logistics,North
C0226,2019-01-22,2024-09-28,26,47025541.0,2019,2019-01,2076,5.683778234086242,Repeat Customer,1,Moderate,1808674.6538461538,Dealer,Logistics,West
C0227,2019-02-13,2024-10-24,34,57926647.6,2019,2019-02,2080,5.69472963723477,Repeat Customer,1,Frequent,1703724.9294117647,Fleet Owner,Infrastructure,East
C0228,2019-03-27,2024-09-10,34,61132479.4,2019,2019-03,1994,5.45927446954141,Repeat Customer,1,Frequent,1798014.0999999999,Government,Construction,South
C0229,2019-05-15,2024-11-29,28,44419985.8,2019,2019-05,2025,5.544147843942505,Repeat Customer,1,Moderate,1586428.0642857142,Government,Mining,East
C0230,2019-02-19,2024-10-31,38,62086661.8,2019,2019-02,2081,5.6974674880219025,Repeat Customer,1,Frequent,1633859.5210526315,Dealer,Infrastructure,North
C0231,2019-02-21,2024-11-08,32,51646725.4,2019,2019-02,2087,5.713894592744696,Repeat Customer,1,Frequent,1613960.16875,Government,Infrastructure,West
C0232,2019-01-24,2024-12-29,37,57544368.0,2019,2019-01,2166,5.930184804928132,Repeat Customer,1,Frequent,1555253.189189189,Government,Mining,South
C0233,2019-05-29,2024-10-21,28,49889164.0,2019,2019-05,1972,5.3990417522245036,Repeat Customer,1,Moderate,1781755.857142857,Government,Logistics,East
C0234,2019-01-09,2024-12-26,29,72295152.4,2019,2019-01,2178,5.963039014373717,Repeat Customer,1,Moderate,2492936.2896551727,Corporate,Infrastructure,West
C0235,2019-05-08,2024-09-10,38,60478356.4,2019,2019-05,1952,5.344284736481861,Repeat Customer,1,Frequent,1591535.694736842,Fleet Owner,Mining,East
C0236,2019-03-21,2024-10-25,41,57861179.0,2019,2019-03,2045,5.598904859685147,Repeat Customer,1,Very Frequent,1411248.268292683,Corporate,Mining,West
C0237,2019-01-28,2024-10-15,44,74820743.4,2019,2019-01,2087,5.713894592744696,Repeat Customer,1,Very Frequent,1700471.4409090912,Dealer,Infrastructure,South
C0238,2019-01-22,2024-03-25,30,36717219.2,2019,2019-01,1889,5.171800136892539,Repeat Customer,1,Frequent,1223907.3066666669,Corporate,Construction,South
C0239,2019-10-11,2024-10-27,32,44962159.0,2019,2019-10,1843,5.045859000684462,Repeat Customer,1,Frequent,1405067.46875,Government,Logistics,South
C0240,2019-02-19,2024-11-10,46,92835709.4,2019,2019-02,2091,5.724845995893224,Repeat Customer,1,Very Frequent,2018167.595652174,Corporate,Manufacturing,South
C0241,2019-02-01,2024-10-31,39,73396972.0,2019,2019-02,2099,5.746748802190281,Repeat Customer,1,Frequent,1881973.641025641,Government,Construction,West
C0242,2019-01-30,2024-11-18,47,73225487.6,2019,2019-01,2119,5.801505817932923,Repeat Customer,1,Very Frequent,1557989.0978723404,Government,Construction,South
C0243,2019-11-20,2024-12-10,28,42431751.6,2019,2019-11,1847,5.0568104038329915,Repeat Customer,1,Moderate,1515419.7,Government,Construction,North
C0244,2019-05-06,2024-12-09,44,77550764.4,2019,2019-05,2044,5.596167008898015,Repeat Customer,1,Very Frequent,1762517.3727272728,Government,Logistics,North
C0245,2019-01-01,2024-11-30,33,56554752.6,2019,2019-01,2160,5.9137577002053385,Repeat Customer,1,Frequent,1713780.3818181818,Dealer,Logistics,South
C0246,2019-01-26,2024-11-02,35,77080113.6,2019,2019-01,2107,5.768651608487337,Repeat Customer,1,Frequent,2202288.96,Retail,Manufacturing,North
C0247,2019-02-14,2024-11-13,39,67759559.60000001,2019,2019-02,2099,5.746748802190281,Repeat Customer,1,Frequent,1737424.6051282054,Corporate,Logistics,East
C0248,2019-01-10,2024-12-04,30,45208412.0,2019,2019-01,2155,5.900068446269678,Repeat Customer,1,Frequent,1506947.0666666667,Fleet Owner,Rental,West
C0249,2019-01-16,2024-09-03,35,63391180.8,2019,2019-01,2057,5.631759069130732,Repeat Customer,1,Frequent,1811176.5942857142,Corporate,Construction,West
C0250,2019-03-08,2024-12-20,43,74416923.4,2019,2019-03,2114,5.7878165639972625,Repeat Customer,1,Very Frequent,1730626.1255813956,Government,Infrastructure,East
C0251,2019-01-09,2024-07-06,36,60544705.8,2019,2019-01,2005,5.489390828199863,Repeat Customer,1,Frequent,1681797.3833333333,Dealer,Mining,North
C0252,2019-08-03,2024-10-07,34,45321304.6,2019,2019-08,1892,5.1800136892539355,Repeat Customer,1,Frequent,1332979.5470588235,Retail,Construction,South
C0253,2019-03-28,2024-11-27,39,72946151.6,2019,2019-03,2071,5.670088980150582,Repeat Customer,1,Frequent,1870414.1435897434,Retail,Rental,West
C0254,2019-07-01,2024-09-25,48,89556446.6,2019,2019-07,1913,5.23750855578371,Repeat Customer,1,Very Frequent,1865759.3041666665,Dealer,Mining,West
C0255,2019-01-05,2024-11-11,45,71144094.2,2019,2019-01,2137,5.8507871321013,Repeat Customer,1,Very Frequent,1580979.8711111112,Retail,Infrastructure,South
C0256,2019-01-03,2024-09-19,30,58794725.4,2019,2019-01,2086,5.711156741957564,Repeat Customer,1,Frequent,1959824.18,Corporate,Infrastructure,North East
C0257,2019-01-18,2024-12-23,43,76189558.0,2019,2019-01,2166,5.930184804928132,Repeat Customer,1,Very Frequent,1771850.1860465116,Corporate,Logistics,North
C0258,2019-02-04,2024-10-10,28,62250978.4,2019,2019-02,2075,5.68104038329911,Repeat Customer,1,Moderate,2223249.2285714285,Corporate,Mining,South
C0259,2019-02-02,2024-12-13,33,60202150.6,2019,2019-02,2141,5.861738535249829,Repeat Customer,1,Frequent,1824307.593939394,Fleet Owner,Logistics,South
C0260,2019-08-24,2024-09-05,32,55524668.6,2019,2019-08,1839,5.034907597535934,Repeat Customer,1,Frequent,1735145.89375,Dealer,Logistics,South
C0261,2019-05-06,2024-12-06,33,62999554.6,2019,2019-05,2041,5.587953456536619,Repeat Customer,1,Frequent,1909077.412121212,Dealer,Manufacturing,North
C0262,2019-02-26,2024-12-04,26,36628894.0,2019,2019-02,2108,5.771389459274469,Repeat Customer,1,Moderate,1408803.6153846155,Corporate,Logistics,North
C0263,2019-03-06,2024-11-01,35,61677496.4,2019,2019-03,2067,5.6591375770020536,Repeat Customer,1,Frequent,1762214.1828571428,Government,Rental,South
C0264,2019-01-02,2024-11-02,36,67321592.8,2019,2019-01,2131,5.834360027378508,Repeat Customer,1,Frequent,1870044.2444444443,Retail,Infrastructure,West
C0265,2019-02-19,2024-09-27,29,47931619.6,2019,2019-02,2047,5.604380561259411,Repeat Customer,1,Moderate,1652814.4689655174,Retail,Mining,West
C0266,2019-01-22,2024-09-24,35,50717014.0,2019,2019-01,2072,5.672826830937714,Repeat Customer,1,Frequent,1449057.5428571429,Fleet Owner,Rental,South
C0267,2019-03-07,2024-03-25,29,46440405.199999996,2019,2019-03,1845,5.0513347022587265,Repeat Customer,1,Moderate,1601393.2827586206,Fleet Owner,Infrastructure,South
C0268,2019-01-21,2024-10-07,32,63709103.6,2019,2019-01,2086,5.711156741957564,Repeat Customer,1,Frequent,1990909.4875,Government,Mining,West
C0269,2019-01-12,2024-11-22,41,61642030.4,2019,2019-01,2141,5.861738535249829,Repeat Customer,1,Very Frequent,1503464.156097561,Government,Mining,South
C0270,2019-03-27,2024-12-20,43,68114112.8,2019,2019-03,2095,5.735797399041752,Repeat Customer,1,Very Frequent,1584049.134883721,Corporate,Manufacturing,North
C0271,2019-06-05,2024-11-26,24,37757473.800000004,2019,2019-06,2001,5.478439425051334,Repeat Customer,1,Moderate,1573228.0750000002,Corporate,Infrastructure,South
C0272,2019-09-01,2024-12-13,39,75550922.6,2019,2019-09,1930,5.284052019164956,Repeat Customer,1,Frequent,1937203.1435897434,Government,Construction,North
C0273,2019-05-04,2024-12-31,37,60830001.0,2019,2019-05,2068,5.661875427789186,Repeat Customer,1,Frequent,1644054.0810810812,Dealer,Manufacturing,East
C0274,2019-01-08,2024-06-27,39,54639688.2,2019,2019-01,1997,5.467488021902806,Repeat Customer,1,Frequent,1401017.6461538463,Dealer,Mining,North
C0275,2019-06-17,2024-11-06,45,64270295.0,2019,2019-06,1969,5.390828199863107,Repeat Customer,1,Very Frequent,1428228.7777777778,Fleet Owner,Construction,West
C0276,2019-01-08,2024-12-29,44,67350598.6,2019,2019-01,2182,5.973990417522245,Repeat Customer,1,Very Frequent,1530695.4227272726,Dealer,Manufacturing,Central
C0277,2019-05-28,2024-09-14,36,43668914.6,2019,2019-05,1936,5.300479123887748,Repeat Customer,1,Frequent,1213025.4055555556,Dealer,Logistics,West
C0278,2019-08-12,2024-12-03,38,47107787.2,2019,2019-08,1940,5.3114305270362765,Repeat Customer,1,Frequent,1239678.6105263159,Fleet Owner,Logistics,West
C0279,2019-05-12,2024-11-12,26,35292218.0,2019,2019-05,2011,5.505817932922656,Repeat Customer,1,Moderate,1357393.0,Dealer,Rental,West
C0280,2019-01-12,2024-11-05,42,59078520.8,2019,2019-01,2124,5.815195071868583,Repeat Customer,1,Very Frequent,1406631.4476190475,Corporate,Construction,West
C0281,2019-07-26,2024-06-25,26,46282268.6,2019,2019-07,1796,4.917180013689254,Repeat Customer,1,Moderate,1780087.2538461538,Government,Logistics,South
C0282,2019-01-17,2024-12-24,44,69381309.6,2019,2019-01,2168,5.935660506502396,Repeat Customer,1,Very Frequent,1576847.9454545453,Government,Logistics,East
C0283,2019-04-14,2024-09-04,31,44490975.8,2019,2019-04,1970,5.393566050650239,Repeat Customer,1,Frequent,1435192.7677419353,Retail,Logistics,North
C0284,2019-01-09,2024-12-23,41,69641823.4,2019,2019-01,2175,5.95482546201232,Repeat Customer,1,Very Frequent,1698581.0585365854,Corporate,Manufacturing,East
C0285,2019-02-11,2024-12-05,47,54036327.8,2019,2019-02,2124,5.815195071868583,Repeat Customer,1,Very Frequent,1149709.1021276596,Government,Infrastructure,West
C0286,2019-01-06,2024-12-29,36,60273490.2,2019,2019-01,2184,5.979466119096509,Repeat Customer,1,Frequent,1674263.6166666667,Dealer,Construction,South
C0287,2019-03-22,2024-11-27,36,55179366.6,2019,2019-03,2077,5.686516084873374,Repeat Customer,1,Frequent,1532760.1833333333,Dealer,Manufacturing,South
C0288,2019-02-21,2024-10-18,55,97218403.8,2019,2019-02,2066,5.6563997262149215,Repeat Customer,1,Very Frequent,1767607.3418181818,Dealer,Infrastructure,North
C0289,2019-02-07,2024-10-29,35,50221149.2,2019,2019-02,2091,5.724845995893224,Repeat Customer,1,Frequent,1434889.9771428572,Corporate,Logistics,South
C0290,2019-03-04,2024-11-15,40,57372288.2,2019,2019-03,2083,5.702943189596167,Repeat Customer,1,Very Frequent,1434307.205,Corporate,Construction,West
C0291,2019-03-13,2024-12-03,46,79064597.0,2019,2019-03,2092,5.727583846680356,Repeat Customer,1,Very Frequent,1718795.5869565217,Retail,Construction,South
C0292,2019-01-11,2024-04-28,27,30979627.8,2019,2019-01,1934,5.295003422313484,Repeat Customer,1,Moderate,1147393.6222222222,Corporate,Rental,Central
C0293,2019-01-19,2024-09-25,36,66815451.4,2019,2019-01,2076,5.683778234086242,Repeat Customer,1,Frequent,1855984.7611111111,Dealer,Logistics,West
C0294,2019-03-26,2024-12-27,45,79772077.0,2019,2019-03,2103,5.757700205338809,Repeat Customer,1,Very Frequent,1772712.822222222,Government,Infrastructure,South
C0295,2019-03-07,2024-10-09,38,65390145.6,2019,2019-03,2043,5.593429158110883,Repeat Customer,1,Frequent,1720793.305263158,Corporate,Mining,East
C0296,2019-01-02,2024-11-07,40,56944680.8,2019,2019-01,2136,5.848049281314168,Repeat Customer,1,Very Frequent,1423617.02,Corporate,Manufacturing,East
C0297,2019-02-13,2024-07-01,34,73065015.6,2019,2019-02,1965,5.379876796714579,Repeat Customer,1,Frequent,2148971.0470588235,Fleet Owner,Rental,South
C0298,2019-01-05,2024-11-20,33,46771231.0,2019,2019-01,2146,5.87542778918549,Repeat Customer,1,Frequent,1417310.0303030303,Fleet Owner,Construction,South
C0299,2019-01-24,2024-08-30,34,48095055.8,2019,2019-01,2045,5.598904859685147,Repeat Customer,1,Frequent,1414560.4647058824,Retail,Logistics,South
C0300,2019-05-05,2024-11-18,40,72746205.0,2019,2019-05,2024,5.541409993155373,Repeat Customer,1,Very Frequent,1818655.125,Dealer,Mining,North
C0301,2019-01-13,2024-12-19,46,63821535.6,2019,2019-01,2167,5.932922655715264,Repeat Customer,1,Very Frequent,1387424.6869565218,Dealer,Mining,East
C0302,2019-02-05,2024-12-24,36,63607092.0,2019,2019-02,2149,5.883641341546886,Repeat Customer,1,Frequent,1766863.6666666667,Fleet Owner,Mining,West
C0303,2019-04-05,2024-12-01,27,32465859.599999998,2019,2019-04,2067,5.6591375770020536,Repeat Customer,1,Moderate,1202439.2444444443,Corporate,Mining,West
C0304,2019-01-26,2024-12-25,48,86460648.4,2019,2019-01,2160,5.9137577002053385,Repeat Customer,1,Very Frequent,1801263.5083333335,Dealer,Construction,North
C0305,2019-05-16,2024-11-27,31,48238808.800000004,2019,2019-05,2022,5.535934291581109,Repeat Customer,1,Frequent,1556090.6064516131,Fleet Owner,Logistics,North
C0306,2019-07-19,2024-12-16,42,69813587.0,2019,2019-07,1977,5.412731006160164,Repeat Customer,1,Very Frequent,1662228.261904762,Fleet Owner,Manufacturing,East
C0307,2019-01-15,2024-11-24,42,73655534.6,2019,2019-01,2140,5.859000684462697,Repeat Customer,1,Very Frequent,1753703.2047619047,Dealer,Manufacturing,West
C0308,2019-02-19,2024-12-12,33,50359329.6,2019,2019-02,2123,5.812457221081451,Repeat Customer,1,Frequent,1526040.290909091,Retail,Mining,North
C0309,2019-03-04,2024-12-17,31,38065991.6,2019,2019-03,2115,5.790554414784395,Repeat Customer,1,Frequent,1227935.2129032258,Government,Manufacturing,West
C0310,2019-05-30,2024-11-07,39,59059490.6,2019,2019-05,1988,5.4428473648186175,Repeat Customer,1,Frequent,1514345.912820513,Government,Infrastructure,East
C0311,2019-02-03,2024-09-17,41,69331648.2,2019,2019-02,2053,5.620807665982204,Repeat Customer,1,Very Frequent,1691015.8097560976,Government,Infrastructure,North
C0312,2019-04-16,2024-11-17,37,65437706.6,2019,2019-04,2042,5.590691307323751,Repeat Customer,1,Frequent,1768586.664864865,Government,Construction,West
C0313,2019-05-28,2024-09-02,30,48205237.4,2019,2019-05,1924,5.2676249144421625,Repeat Customer,1,Frequent,1606841.2466666666,Corporate,Mining,West
C0314,2019-01-22,2024-09-26,36,58625243.800000004,2019,2019-01,2074,5.678302532511978,Repeat Customer,1,Frequent,1628478.9944444445,Retail,Logistics,East
C0315,2019-01-09,2024-12-17,40,61457629.4,2019,2019-01,2169,5.938398357289528,Repeat Customer,1,Very Frequent,1536440.7349999999,Dealer,Rental,West
C0316,2019-03-08,2024-09-22,33,45390754.0,2019,2019-03,2025,5.544147843942505,Repeat Customer,1,Frequent,1375477.393939394,Dealer,Manufacturing,East
C0317,2019-01-17,2024-12-25,32,43291415.2,2019,2019-01,2169,5.938398357289528,Repeat Customer,1,Frequent,1352856.725,Corporate,Manufacturing,South
C0318,2019-01-08,2024-10-17,36,62202116.0,2019,2019-01,2109,5.774127310061601,Repeat Customer,1,Frequent,1727836.5555555555,Corporate,Logistics,North
C0319,2019-05-16,2024-12-08,33,60426895.0,2019,2019-05,2033,5.566050650239562,Repeat Customer,1,Frequent,1831118.0303030303,Dealer,Mining,South
C0320,2019-04-01,2024-12-30,34,53574056.6,2019,2019-04,2100,5.749486652977413,Repeat Customer,1,Frequent,1575707.5470588235,Retail,Construction,North
C0321,2019-01-04,2024-06-28,38,54558976.4,2019,2019-01,2002,5.4811772758384665,Repeat Customer,1,Frequent,1435762.5368421052,Retail,Logistics,South
C0322,2019-04-10,2024-12-10,28,40996678.0,2019,2019-04,2071,5.670088980150582,Repeat Customer,1,Moderate,1464167.0714285714,Government,Construction,West
C0323,2019-01-11,2024-12-22,36,50291498.8,2019,2019-01,2172,5.946611909650924,Repeat Customer,1,Frequent,1396986.0777777778,Government,Manufacturing,West
C0324,2019-01-24,2024-08-24,35,52335374.8,2019,2019-01,2039,5.582477754962355,Repeat Customer,1,Frequent,1495296.4228571428,Corporate,Mining,South
C0325,2019-03-03,2024-11-09,30,52920013.4,2019,2019-03,2078,5.689253935660506,Repeat Customer,1,Frequent,1764000.4466666665,Corporate,Rental,East
C0326,2019-03-14,2024-12-30,42,66177447.4,2019,2019-03,2118,5.798767967145791,Repeat Customer,1,Very Frequent,1575653.5095238094,Government,Mining,East
C0327,2019-02-01,2024-12-06,43,61017008.6,2019,2019-02,2135,5.845311430527036,Repeat Customer,1,Very Frequent,1419000.2,Retail,Mining,West
C0328,2019-01-03,2024-12-05,37,62646507.6,2019,2019-01,2163,5.921971252566735,Repeat Customer,1,Frequent,1693148.854054054,Government,Rental,East
C0329,2019-01-03,2024-12-26,36,64307436.8,2019,2019-01,2184,5.979466119096509,Repeat Customer,1,Frequent,1786317.6888888888,Dealer,Infrastructure,Central
C0330,2019-02-12,2024-08-10,38,54285450.6,2019,2019-02,2006,5.492128678986996,Repeat Customer,1,Frequent,1428564.4894736842,Retail,Infrastructure,East
C0331,2019-04-12,2024-12-15,42,67826105.8,2019,2019-04,2074,5.678302532511978,Repeat Customer,1,Very Frequent,1614907.280952381,Dealer,Logistics,North
C0332,2019-01-19,2024-11-11,35,44566684.4,2019,2019-01,2123,5.812457221081451,Repeat Customer,1,Frequent,1273333.8399999999,Corporate,Mining,South
C0333,2019-01-09,2024-12-02,39,63220923.0,2019,2019-01,2154,5.897330595482546,Repeat Customer,1,Frequent,1621049.3076923077,Corporate,Mining,South
C0334,2019-01-03,2024-08-24,33,37526956.6,2019,2019-01,2060,5.639972621492129,Repeat Customer,1,Frequent,1137180.5030303032,Corporate,Mining,South
C0335,2019-01-31,2024-11-03,38,60351028.0,2019,2019-01,2103,5.757700205338809,Repeat Customer,1,Frequent,1588184.9473684211,Government,Infrastructure,North East
C0336,2019-04-29,2024-09-26,33,39095696.4,2019,2019-04,1977,5.412731006160164,Repeat Customer,1,Frequent,1184718.0727272728,Government,Rental,East
C0337,2019-04-15,2024-08-25,34,73457151.8,2019,2019-04,1959,5.363449691991787,Repeat Customer,1,Frequent,2160504.464705882,Corporate,Manufacturing,North
C0338,2019-02-01,2024-11-23,33,52210070.0,2019,2019-02,2122,5.809719370294319,Repeat Customer,1,Frequent,1582123.3333333333,Corporate,Rental,West
C0339,2019-05-01,2024-08-16,24,40193008.4,2019,2019-05,1934,5.295003422313484,Repeat Customer,1,Moderate,1674708.6833333333,Fleet Owner,Logistics,South
C0340,2019-01-05,2024-12-04,35,63532821.6,2019,2019-01,2160,5.9137577002053385,Repeat Customer,1,Frequent,1815223.4742857143,Government,Mining,South
C0341,2019-03-10,2024-10-07,36,66838579.4,2019,2019-03,2038,5.579739904175223,Repeat Customer,1,Frequent,1856627.2055555554,Fleet Owner,Mining,North
C0342,2019-12-04,2024-10-09,36,72821567.8,2019,2019-12,1771,4.848733744010952,Repeat Customer,1,Frequent,2022821.3277777778,Dealer,Infrastructure,North
C0343,2019-02-28,2024-11-21,40,68419201.6,2019,2019-02,2093,5.730321697467488,Repeat Customer,1,Very Frequent,1710480.0399999998,Corporate,Construction,West
C0344,2019-01-04,2024-06-17,28,48151864.0,2019,2019-01,1991,5.451060917180014,Repeat Customer,1,Moderate,1719709.4285714286,Fleet Owner,Mining,West
C0345,2019-02-21,2024-11-20,40,50444735.6,2019,2019-02,2099,5.746748802190281,Repeat Customer,1,Very Frequent,1261118.3900000001,Retail,Infrastructure,West
C0346,2019-01-21,2024-11-15,39,54686860.8,2019,2019-01,2125,5.817932922655715,Repeat Customer,1,Frequent,1402227.2,Retail,Construction,East
C0347,2019-03-04,2024-12-03,24,22536660.4,2019,2019-03,2101,5.752224503764545,Repeat Customer,1,Moderate,939027.5166666666,Retail,Mining,North
C0348,2019-04-15,2024-10-24,34,50897650.4,2019,2019-04,2019,5.5277207392197125,Repeat Customer,1,Frequent,1496989.717647059,Retail,Logistics,North
C0349,2019-01-31,2024-10-19,33,56613876.0,2019,2019-01,2088,5.716632443531828,Repeat Customer,1,Frequent,1715572.0,Corporate,Rental,West
C0350,2019-05-03,2024-11-25,32,41227777.0,2019,2019-05,2033,5.566050650239562,Repeat Customer,1,Frequent,1288368.03125,Dealer,Logistics,North East
C0351,2019-03-29,2024-09-12,34,44776790.6,2019,2019-03,1994,5.45927446954141,Repeat Customer,1,Frequent,1316964.4294117647,Corporate,Rental,East
C0352,2019-02-23,2024-11-11,30,40262666.2,2019,2019-02,2088,5.716632443531828,Repeat Customer,1,Frequent,1342088.8733333335,Corporate,Mining,South
C0353,2019-01-16,2024-10-08,27,31979908.6,2019,2019-01,2092,5.727583846680356,Repeat Customer,1,Moderate,1184441.0592592594,Dealer,Manufacturing,North
C0354,2019-01-06,2024-12-25,37,56690884.8,2019,2019-01,2180,5.968514715947981,Repeat Customer,1,Frequent,1532186.0756756756,Corporate,Logistics,South
C0355,2019-01-03,2024-12-18,32,58903770.4,2019,2019-01,2176,5.9575633127994525,Repeat Customer,1,Frequent,1840742.825,Government,Infrastructure,South
C0356,2019-03-16,2024-12-05,45,79690881.0,2019,2019-03,2091,5.724845995893224,Repeat Customer,1,Very Frequent,1770908.4666666666,Dealer,Mining,East
C0357,2019-01-05,2024-11-17,28,57734552.2,2019,2019-01,2143,5.867214236824093,Repeat Customer,1,Moderate,2061948.2928571429,Corporate,Mining,West
C0358,2019-04-17,2024-10-01,36,59405501.6,2019,2019-04,1994,5.45927446954141,Repeat Customer,1,Frequent,1650152.8222222223,Government,Infrastructure,West
C0359,2019-02-12,2024-11-28,46,85617784.0,2019,2019-02,2116,5.793292265571527,Repeat Customer,1,Very Frequent,1861256.1739130435,Fleet Owner,Mining,South
C0360,2019-05-25,2024-11-17,31,54662201.0,2019,2019-05,2003,5.4839151266255985,Repeat Customer,1,Frequent,1763296.8064516129,Dealer,Construction,West
C0361,2019-01-15,2024-09-26,32,52532617.8,2019,2019-01,2081,5.6974674880219025,Repeat Customer,1,Frequent,1641644.30625,Government,Logistics,South
C0362,2019-02-26,2024-10-11,37,53495189.2,2019,2019-02,2054,5.623545516769336,Repeat Customer,1,Frequent,1445815.9243243244,Corporate,Rental,West
C0363,2019-05-10,2024-11-07,32,53560072.2,2019,2019-05,2008,5.49760438056126,Repeat Customer,1,Frequent,1673752.25625,Fleet Owner,Logistics,South
C0364,2019-03-14,2024-11-18,32,54408370.8,2019,2019-03,2076,5.683778234086242,Repeat Customer,1,Frequent,1700261.5875,Government,Infrastructure,East
C0365,2019-01-04,2024-09-15,39,60336743.2,2019,2019-01,2081,5.6974674880219025,Repeat Customer,1,Frequent,1547095.9794871795,Government,Manufacturing,East
C0366,2019-03-09,2024-10-26,26,43711261.800000004,2019,2019-03,2058,5.634496919917864,Repeat Customer,1,Moderate,1681202.376923077,Corporate,Logistics,East
C0367,2019-02-28,2024-11-04,27,57592654.8,2019,2019-02,2076,5.683778234086242,Repeat Customer,1,Moderate,2133061.288888889,Fleet Owner,Logistics,South
C0368,2019-02-17,2024-11-01,31,51837532.8,2019,2019-02,2084,5.705681040383299,Repeat Customer,1,Frequent,1672178.4774193547,Fleet Owner,Construction,South
C0369,2019-01-26,2024-12-13,40,64656844.2,2019,2019-01,2148,5.880903490759754,Repeat Customer,1,Very Frequent,1616421.105,Government,Manufacturing,West
C0370,2019-02-18,2024-12-18,36,53881174.6,2019,2019-02,2130,5.831622176591376,Repeat Customer,1,Frequent,1496699.2944444446,Corporate,Infrastructure,East
C0371,2019-01-03,2024-11-02,47,82052808.0,2019,2019-01,2130,5.831622176591376,Repeat Customer,1,Very Frequent,1745804.425531915,Retail,Rental,South
C0372,2019-02-15,2024-07-10,36,52822436.0,2019,2019-02,1972,5.3990417522245036,Repeat Customer,1,Frequent,1467289.888888889,Government,Logistics,South
C0373,2019-04-03,2024-09-02,38,69753317.8,2019,2019-04,1979,5.418206707734429,Repeat Customer,1,Frequent,1835613.6263157893,Corporate,Manufacturing,South
C0374,2019-03-07,2024-12-10,41,68389697.6,2019,2019-03,2105,5.763175906913073,Repeat Customer,1,Very Frequent,1668041.4048780487,Corporate,Manufacturing,West
C0375,2019-02-20,2024-11-03,42,81286325.6,2019,2019-02,2083,5.702943189596167,Repeat Customer,1,Very Frequent,1935388.7047619047,Fleet Owner,Mining,West
C0376,2019-07-01,2024-11-24,29,52106248.6,2019,2019-07,1973,5.401779603011636,Repeat Customer,1,Moderate,1796767.1931034483,Retail,Construction,North
C0377,2019-02-01,2024-12-07,37,68519191.2,2019,2019-02,2136,5.848049281314168,Repeat Customer,1,Frequent,1851870.0324324325,Dealer,Logistics,West
C0378,2019-01-19,2024-11-16,35,50644577.199999996,2019,2019-01,2128,5.8261464750171115,Repeat Customer,1,Frequent,1446987.92,Retail,Manufacturing,North
C0379,2019-03-29,2024-12-15,41,64194052.6,2019,2019-03,2088,5.716632443531828,Repeat Customer,1,Very Frequent,1565708.6,Retail,Mining,West
C0380,2019-01-29,2024-11-03,50,77887431.8,2019,2019-01,2105,5.763175906913073,Repeat Customer,1,Very Frequent,1557748.636,Fleet Owner,Manufacturing,South
C0381,2019-07-06,2024-11-17,29,62038399.0,2019,2019-07,1961,5.368925393566051,Repeat Customer,1,Moderate,2139255.1379310344,Corporate,Mining,South
C0382,2019-04-17,2024-11-19,33,42929317.0,2019,2019-04,2043,5.593429158110883,Repeat Customer,1,Frequent,1300888.393939394,Retail,Manufacturing,South
C0383,2019-02-18,2024-11-19,41,68192154.0,2019,2019-02,2101,5.752224503764545,Repeat Customer,1,Very Frequent,1663223.268292683,Fleet Owner,Infrastructure,North
C0384,2019-02-05,2024-09-09,39,72157498.2,2019,2019-02,2043,5.593429158110883,Repeat Customer,1,Frequent,1850192.2615384615,Retail,Construction,South
C0385,2019-07-27,2024-09-23,37,67435700.6,2019,2019-07,1885,5.160848733744011,Repeat Customer,1,Frequent,1822586.5027027025,Corporate,Manufacturing,West
C0386,2019-04-23,2024-11-04,32,48819152.6,2019,2019-04,2022,5.535934291581109,Repeat Customer,1,Frequent,1525598.51875,Retail,Construction,North
C0387,2019-01-02,2024-10-26,34,47133318.0,2019,2019-01,2124,5.815195071868583,Repeat Customer,1,Frequent,1386274.0588235294,Dealer,Infrastructure,East
C0388,2019-03-21,2024-12-12,27,39389408.6,2019,2019-03,2093,5.730321697467488,Repeat Customer,1,Moderate,1458866.9851851852,Fleet Owner,Infrastructure,West
C0389,2019-04-04,2024-11-25,30,48796477.0,2019,2019-04,2062,5.645448323066393,Repeat Customer,1,Frequent,1626549.2333333334,Retail,Mining,West
C0390,2019-03-23,2024-11-09,32,64132451.0,2019,2019-03,2058,5.634496919917864,Repeat Customer,1,Frequent,2004139.09375,Fleet Owner,Construction,North
C0391,2019-01-14,2024-11-30,33,47080496.4,2019,2019-01,2147,5.878165639972622,Repeat Customer,1,Frequent,1426681.709090909,Government,Construction,West
C0392,2019-02-11,2024-12-12,31,38571708.8,2019,2019-02,2131,5.834360027378508,Repeat Customer,1,Frequent,1244248.6709677419,Fleet Owner,Logistics,East
C0393,2019-03-27,2024-12-18,39,51240981.8,2019,2019-03,2093,5.730321697467488,Repeat Customer,1,Frequent,1313871.3282051282,Retail,Rental,East
C0394,2019-03-08,2024-11-21,40,69936379.2,2019,2019-03,2085,5.708418891170431,Repeat Customer,1,Very Frequent,1748409.48,Government,Construction,South
C0395,2019-02-21,2024-12-20,44,64514679.8,2019,2019-02,2129,5.8288843258042435,Repeat Customer,1,Very Frequent,1466242.7227272727,Corporate,Manufacturing,East
C0396,2019-01-14,2024-12-07,38,64506474.4,2019,2019-01,2154,5.897330595482546,Repeat Customer,1,Frequent,1697538.8,Government,Manufacturing,West
C0397,2019-02-11,2024-11-22,36,56279511.4,2019,2019-02,2111,5.779603011635865,Repeat Customer,1,Frequent,1563319.7611111111,Fleet Owner,Mining,West
C0398,2019-09-10,2024-12-02,35,57843305.6,2019,2019-09,1910,5.229295003422314,Repeat Customer,1,Frequent,1652665.8742857142,Government,Rental,South
C0399,2019-01-03,2024-12-25,39,59287998.0,2019,2019-01,2183,5.976728268309377,Repeat Customer,1,Frequent,1520205.076923077,Fleet Owner,Rental,South
C0400,2019-04-06,2024-10-23,35,51694363.6,2019,2019-04,2027,5.549623545516769,Repeat Customer,1,Frequent,1476981.8171428572,Government,Infrastructure,North
C0401,2019-01-11,2024-10-25,36,58231157.8,2019,2019-01,2114,5.7878165639972625,Repeat Customer,1,Frequent,1617532.161111111,Government,Logistics,North East
C0402,2019-01-25,2024-07-12,35,43498305.199999996,2019,2019-01,1995,5.462012320328542,Repeat Customer,1,Frequent,1242808.72,Fleet Owner,Rental,South
C0403,2019-02-19,2024-12-10,45,80523517.0,2019,2019-02,2121,5.806981519507187,Repeat Customer,1,Very Frequent,1789411.4888888889,Government,Construction,East
C0404,2019-02-10,2024-12-26,31,46035794.4,2019,2019-02,2146,5.87542778918549,Repeat Customer,1,Frequent,1485025.6258064515,Government,Mining,West
C0405,2019-01-30,2024-06-25,32,50787823.0,2019,2019-01,1973,5.401779603011636,Repeat Customer,1,Frequent,1587119.46875,Corporate,Infrastructure,West
C0406,2019-02-25,2024-10-11,32,64818334.4,2019,2019-02,2055,5.626283367556468,Repeat Customer,1,Frequent,2025572.95,Dealer,Logistics,West
C0407,2019-02-01,2024-12-25,38,54609453.4,2019,2019-02,2154,5.897330595482546,Repeat Customer,1,Frequent,1437090.8789473684,Dealer,Logistics,South
C0408,2019-07-06,2024-11-02,36,60127186.2,2019,2019-07,1946,5.327857631759069,Repeat Customer,1,Frequent,1670199.6166666667,Government,Infrastructure,South
C0409,2019-01-19,2024-10-09,45,60821412.6,2019,2019-01,2090,5.722108145106092,Repeat Customer,1,Very Frequent,1351586.9466666668,Government,Logistics,West
C0410,2019-03-03,2024-11-27,39,59804309.8,2019,2019-03,2096,5.738535249828884,Repeat Customer,1,Frequent,1533443.841025641,Corporate,Mining,South
C0411,2019-07-14,2024-12-12,43,72229183.0,2019,2019-07,1978,5.415468856947296,Repeat Customer,1,Very Frequent,1679748.441860465,Corporate,Mining,South
C0412,2019-04-20,2024-05-28,32,43246987.6,2019,2019-04,1865,5.106091718001369,Repeat Customer,1,Frequent,1351468.3625,Corporate,Infrastructure,East
C0413,2019-02-06,2024-11-08,41,62380011.4,2019,2019-02,2102,5.754962354551677,Repeat Customer,1,Very Frequent,1521463.6926829268,Fleet Owner,Manufacturing,South
C0414,2019-02-16,2024-12-31,40,66316815.6,2019,2019-02,2145,5.8726899383983575,Repeat Customer,1,Very Frequent,1657920.3900000001,Dealer,Construction,South
C0415,2019-03-21,2024-10-11,33,68592455.6,2019,2019-03,2031,5.560574948665297,Repeat Customer,1,Frequent,2078559.2606060605,Government,Infrastructure,North East
C0416,2019-01-05,2024-10-20,37,46006682.0,2019,2019-01,2115,5.790554414784395,Repeat Customer,1,Frequent,1243423.8378378379,Dealer,Manufacturing,South
C0417,2019-12-18,2024-09-11,32,51984530.4,2019,2019-12,1729,4.733744010951403,Repeat Customer,1,Frequent,1624516.575,Fleet Owner,Mining,East
C0418,2019-03-18,2024-11-14,30,47167025.6,2019,2019-03,2068,5.661875427789186,Repeat Customer,1,Frequent,1572234.1866666668,Government,Mining,West
C0419,2019-03-05,2024-09-30,31,61514207.2,2019,2019-03,2036,5.574264202600959,Repeat Customer,1,Frequent,1984329.2645161292,Fleet Owner,Logistics,West
C0420,2019-01-10,2024-11-22,46,92482888.8,2019,2019-01,2143,5.867214236824093,Repeat Customer,1,Very Frequent,2010497.5826086956,Retail,Rental,South
C0421,2019-04-06,2024-06-21,38,69466242.8,2019,2019-04,1903,5.210130047912389,Repeat Customer,1,Frequent,1828059.0210526315,Retail,Construction,South
C0422,2019-09-19,2024-11-04,37,65678984.2,2019,2019-09,1873,5.127994524298426,Repeat Customer,1,Frequent,1775107.6810810813,Government,Construction,South
C0423,2019-02-25,2024-11-09,30,46894840.4,2019,2019-02,2084,5.705681040383299,Repeat Customer,1,Frequent,1563161.3466666667,Dealer,Infrastructure,South
C0424,2019-03-22,2024-09-23,35,58183379.4,2019,2019-03,2012,5.508555783709788,Repeat Customer,1,Frequent,1662382.2685714285,Retail,Construction,West
C0425,2019-01-17,2024-12-09,41,67882732.6,2019,2019-01,2153,5.894592744695414,Repeat Customer,1,Very Frequent,1655676.4048780487,Dealer,Manufacturing,South
C0426,2019-02-20,2024-12-03,35,57207251.0,2019,2019-02,2113,5.7850787132101305,Repeat Customer,1,Frequent,1634492.8857142858,Dealer,Infrastructure,North East
C0427,2019-02-07,2024-11-26,41,53149424.199999996,2019,2019-02,2119,5.801505817932923,Repeat Customer,1,Very Frequent,1296327.419512195,Corporate,Mining,West
C0428,2019-01-25,2024-08-26,43,66337820.6,2019,2019-01,2040,5.585215605749487,Repeat Customer,1,Very Frequent,1542740.0139534883,Retail,Construction,North
C0429,2019-02-08,2024-10-21,42,69444114.2,2019,2019-02,2082,5.700205338809035,Repeat Customer,1,Very Frequent,1653431.2904761906,Fleet Owner,Logistics,West
C0430,2019-03-08,2024-10-11,27,44879330.8,2019,2019-03,2044,5.596167008898015,Repeat Customer,1,Moderate,1662197.437037037,Retail,Manufacturing,West
C0431,2019-06-09,2024-07-05,28,45787279.2,2019,2019-06,1853,5.073237508555784,Repeat Customer,1,Moderate,1635259.9714285715,Government,Logistics,West
C0432,2019-01-26,2024-10-04,37,49310040.800000004,2019,2019-01,2078,5.689253935660506,Repeat Customer,1,Frequent,1332703.8054054056,Fleet Owner,Mining,South
C0433,2019-09-11,2024-05-27,31,57020323.4,2019,2019-09,1720,4.7091033538672145,Repeat Customer,1,Frequent,1839365.270967742,Dealer,Infrastructure,North
C0434,2019-01-05,2024-10-26,33,54575670.2,2019,2019-01,2121,5.806981519507187,Repeat Customer,1,Frequent,1653808.187878788,Corporate,Mining,Central
C0435,2019-10-11,2024-11-01,50,73908258.2,2019,2019-10,1848,5.059548254620124,Repeat Customer,1,Very Frequent,1478165.164,Dealer,Manufacturing,South
C0436,2019-02-01,2024-12-15,34,57784314.2,2019,2019-02,2144,5.8699520876112254,Repeat Customer,1,Frequent,1699538.6529411767,Fleet Owner,Logistics,East
C0437,2019-02-09,2024-12-21,30,46199550.2,2019,2019-02,2142,5.864476386036961,Repeat Customer,1,Frequent,1539985.0066666668,Dealer,Mining,West
C0438,2019-06-17,2024-09-01,39,61720027.0,2019,2019-06,1903,5.210130047912389,Repeat Customer,1,Frequent,1582564.7948717948,Corporate,Rental,East
C0439,2019-03-21,2024-12-22,36,47576062.0,2019,2019-03,2103,5.757700205338809,Repeat Customer,1,Frequent,1321557.2777777778,Dealer,Construction,South
C0440,2019-01-29,2024-10-21,44,82426773.6,2019,2019-01,2092,5.727583846680356,Repeat Customer,1,Very Frequent,1873335.7636363634,Retail,Manufacturing,South
C0441,2019-01-17,2024-10-19,31,47045233.8,2019,2019-01,2102,5.754962354551677,Repeat Customer,1,Frequent,1517588.187096774,Dealer,Construction,North
C0442,2019-01-28,2024-10-20,33,53527848.6,2019,2019-01,2092,5.727583846680356,Repeat Customer,1,Frequent,1622056.0181818183,Dealer,Logistics,East
C0443,2019-03-27,2024-11-18,40,64951558.8,2019,2019-03,2063,5.648186173853525,Repeat Customer,1,Very Frequent,1623788.97,Dealer,Infrastructure,East
C0444,2019-02-25,2024-01-08,30,50928809.0,2019,2019-02,1778,4.867898699520876,Repeat Customer,1,Frequent,1697626.9666666666,Dealer,Manufacturing,South
C0445,2019-04-04,2024-12-28,28,57177744.4,2019,2019-04,2095,5.735797399041752,Repeat Customer,1,Moderate,2042062.3,Government,Mining,East
C0446,2019-02-03,2024-10-16,34,52035543.6,2019,2019-02,2082,5.700205338809035,Repeat Customer,1,Frequent,1530457.1647058823,Retail,Logistics,South
C0447,2019-05-16,2024-12-23,33,61334243.8,2019,2019-05,2048,5.607118412046543,Repeat Customer,1,Frequent,1858613.4484848485,Fleet Owner,Rental,East
C0448,2019-03-13,2024-12-11,36,68495840.4,2019,2019-03,2100,5.749486652977413,Repeat Customer,1,Frequent,1902662.2333333334,Fleet Owner,Logistics,East
C0449,2019-07-19,2024-11-19,32,55700286.8,2019,2019-07,1950,5.338809034907597,Repeat Customer,1,Frequent,1740633.9625,Fleet Owner,Logistics,West
C0450,2019-01-15,2024-09-12,38,55345960.4,2019,2019-01,2067,5.6591375770020536,Repeat Customer,1,Frequent,1456472.6421052632,Fleet Owner,Construction,East
C0451,2019-01-07,2024-07-06,37,49725150.4,2019,2019-01,2007,5.494866529774128,Repeat Customer,1,Frequent,1343922.9837837839,Government,Manufacturing,East
C0452,2019-03-05,2024-12-27,35,40090449.2,2019,2019-03,2124,5.815195071868583,Repeat Customer,1,Frequent,1145441.4057142858,Fleet Owner,Mining,South
C0453,2019-05-25,2024-12-01,31,59284873.8,2019,2019-05,2017,5.522245037645448,Repeat Customer,1,Frequent,1912415.2838709676,Dealer,Mining,East
C0454,2019-02-08,2024-11-14,33,41820500.6,2019,2019-02,2106,5.765913757700205,Repeat Customer,1,Frequent,1267287.896969697,Government,Mining,West
C0455,2019-04-27,2024-11-27,35,63287015.4,2019,2019-04,2041,5.587953456536619,Repeat Customer,1,Frequent,1808200.44,Retail,Logistics,Central
C0456,2019-02-23,2024-10-16,27,31514609.0,2019,2019-02,2062,5.645448323066393,Repeat Customer,1,Moderate,1167207.7407407407,Corporate,Mining,North
C0457,2019-01-13,2024-11-15,33,56578805.4,2019,2019-01,2133,5.839835728952772,Repeat Customer,1,Frequent,1714509.2545454544,Retail,Manufacturing,East
C0458,2019-07-09,2024-12-28,38,50799400.6,2019,2019-07,1999,5.47296372347707,Repeat Customer,1,Frequent,1336826.3315789474,Dealer,Manufacturing,West
C0459,2019-03-10,2024-12-14,41,71816909.8,2019,2019-03,2106,5.765913757700205,Repeat Customer,1,Very Frequent,1751631.9463414634,Retail,Logistics,East
C0460,2019-04-06,2024-11-25,32,64634814.4,2019,2019-04,2060,5.639972621492129,Repeat Customer,1,Frequent,2019837.95,Dealer,Logistics,South
C0461,2019-02-27,2024-10-31,36,56714684.2,2019,2019-02,2073,5.675564681724846,Repeat Customer,1,Frequent,1575407.8944444444,Corporate,Infrastructure,North
C0462,2019-01-06,2024-11-13,49,82777824.6,2019,2019-01,2138,5.853524982888432,Repeat Customer,1,Very Frequent,1689343.3591836733,Retail,Logistics,South
C0463,2019-01-10,2024-08-22,35,55370560.0,2019,2019-01,2051,5.61533196440794,Repeat Customer,1,Frequent,1582016.0,Dealer,Mining,West
C0464,2019-01-18,2024-09-13,38,67405736.8,2019,2019-01,2065,5.653661875427789,Repeat Customer,1,Frequent,1773835.1789473684,Corporate,Infrastructure,North
C0465,2019-03-12,2024-12-12,35,48083241.6,2019,2019-03,2102,5.754962354551677,Repeat Customer,1,Frequent,1373806.902857143,Fleet Owner,Mining,South
C0466,2019-03-19,2024-12-13,47,88329161.4,2019,2019-03,2096,5.738535249828884,Repeat Customer,1,Very Frequent,1879343.859574468,Retail,Manufacturing,South
C0467,2019-01-02,2024-11-06,48,62880162.4,2019,2019-01,2135,5.845311430527036,Repeat Customer,1,Very Frequent,1310003.3833333333,Retail,Construction,North
C0468,2019-05-10,2024-11-10,49,75254807.6,2019,2019-05,2011,5.505817932922656,Repeat Customer,1,Very Frequent,1535812.4,Fleet Owner,Rental,South
C0469,2019-01-04,2024-12-18,40,68502617.4,2019,2019-01,2175,5.95482546201232,Repeat Customer,1,Very Frequent,1712565.435,Government,Manufacturing,North
C0470,2019-01-25,2024-09-27,36,49194933.2,2019,2019-01,2072,5.672826830937714,Repeat Customer,1,Frequent,1366525.9222222222,Government,Mining,South
C0471,2019-02-23,2024-11-27,37,65501994.2,2019,2019-02,2104,5.760438056125941,Repeat Customer,1,Frequent,1770324.1675675677,Fleet Owner,Logistics,West
C0472,2019-04-29,2024-11-23,34,54888819.4,2019,2019-04,2035,5.5715263518138265,Repeat Customer,1,Frequent,1614377.0411764705,Dealer,Manufacturing,South
C0473,2019-03-04,2024-11-15,26,42018356.8,2019,2019-03,2083,5.702943189596167,Repeat Customer,1,Moderate,1616090.646153846,Government,Rental,South
C0474,2019-01-11,2024-11-07,30,48230361.0,2019,2019-01,2127,5.823408624229979,Repeat Customer,1,Frequent,1607678.7,Government,Logistics,West
C0475,2019-01-19,2024-12-18,55,94883375.2,2019,2019-01,2160,5.9137577002053385,Repeat Customer,1,Very Frequent,1725152.2763636364,Fleet Owner,Construction,East
C0476,2019-01-13,2024-09-29,34,73746173.2,2019,2019-01,2086,5.711156741957564,Repeat Customer,1,Frequent,2169005.094117647,Fleet Owner,Infrastructure,North
C0477,2019-06-12,2024-10-13,36,57746038.6,2019,2019-06,1950,5.338809034907597,Repeat Customer,1,Frequent,1604056.6277777778,Government,Construction,West
C0478,2019-02-04,2024-12-29,44,75901402.2,2019,2019-02,2155,5.900068446269678,Repeat Customer,1,Very Frequent,1725031.8681818182,Retail,Rental,North
C0479,2019-02-22,2024-10-08,26,37716131.0,2019,2019-02,2055,5.626283367556468,Repeat Customer,1,Moderate,1450620.423076923,Retail,Construction,West
C0480,2019-01-24,2024-11-24,34,48525468.6,2019,2019-01,2131,5.834360027378508,Repeat Customer,1,Frequent,1427219.6647058823,Government,Infrastructure,West
C0481,2019-01-03,2024-12-31,39,60397194.2,2019,2019-01,2189,5.993155373032169,Repeat Customer,1,Frequent,1548646.0051282053,Corporate,Logistics,South
C0482,2019-12-15,2024-12-03,31,73762403.2,2019,2019-12,1815,4.969199178644764,Repeat Customer,1,Frequent,2379432.3612903226,Fleet Owner,Logistics,East
C0483,2019-02-20,2024-12-18,47,96130859.2,2019,2019-02,2128,5.8261464750171115,Repeat Customer,1,Very Frequent,2045337.4297872342,Corporate,Rental,North
C0484,2019-01-30,2024-11-10,27,48200851.6,2019,2019-01,2111,5.779603011635865,Repeat Customer,1,Moderate,1785216.725925926,Fleet Owner,Mining,West
C0485,2019-01-14,2024-10-01,28,59146123.8,2019,2019-01,2087,5.713894592744696,Repeat Customer,1,Moderate,2112361.564285714,Fleet Owner,Rental,West
C0486,2019-01-01,2024-10-07,34,52620254.4,2019,2019-01,2106,5.765913757700205,Repeat Customer,1,Frequent,1547654.5411764705,Government,Manufacturing,West
C0487,2019-03-08,2024-03-18,26,39512216.0,2019,2019-03,1837,5.02943189596167,Repeat Customer,1,Moderate,1519700.6153846155,Dealer,Mining,South
C0488,2019-03-01,2024-11-26,37,67251532.8,2019,2019-03,2097,5.7412731006160165,Repeat Customer,1,Frequent,1817608.9945945945,Government,Construction,South
C0489,2019-04-14,2024-08-17,47,70625273.0,2019,2019-04,1952,5.344284736481861,Repeat Customer,1,Very Frequent,1502665.3829787234,Fleet Owner,Rental,South
C0490,2019-01-26,2024-12-29,44,84742703.8,2019,2019-01,2164,5.924709103353867,Repeat Customer,1,Very Frequent,1925970.5409090908,Government,Logistics,West
C0491,2019-03-27,2024-07-04,27,65215944.4,2019,2019-03,1926,5.2731006160164275,Repeat Customer,1,Moderate,2415405.348148148,Dealer,Infrastructure,South
C0492,2019-02-04,2024-11-05,35,61798115.2,2019,2019-02,2101,5.752224503764545,Repeat Customer,1,Frequent,1765660.4342857143,Dealer,Rental,East
C0493,2019-02-18,2024-11-22,38,54684935.199999996,2019,2019-02,2104,5.760438056125941,Repeat Customer,1,Frequent,1439077.242105263,Retail,Construction,South
C0494,2019-02-25,2024-11-28,32,48287535.6,2019,2019-02,2103,5.757700205338809,Repeat Customer,1,Frequent,1508985.4875,Corporate,Construction,East
C0495,2019-01-28,2024-11-25,48,94540537.6,2019,2019-01,2128,5.8261464750171115,Repeat Customer,1,Very Frequent,1969594.5333333332,Fleet Owner,Infrastructure,North
C0496,2019-02-17,2024-12-27,37,48190097.0,2019,2019-02,2140,5.859000684462697,Repeat Customer,1,Frequent,1302435.054054054,Government,Infrastructure,East
C0497,2019-06-12,2024-11-02,30,51439335.2,2019,2019-06,1970,5.393566050650239,Repeat Customer,1,Frequent,1714644.5066666668,Government,Logistics,South
C0498,2019-03-01,2024-08-19,28,64864362.8,2019,2019-03,1998,5.470225872689938,Repeat Customer,1,Moderate,2316584.3857142855,Fleet Owner,Construction,East
C0499,2019-01-18,2024-11-29,39,62785837.0,2019,2019-01,2142,5.864476386036961,Repeat Customer,1,Frequent,1609893.2564102565,Corporate,Construction,East
C0500,2019-01-06,2024-12-07,27,44474866.6,2019,2019-01,2162,5.919233401779603,Repeat Customer,1,Moderate,1647217.2814814816,Corporate,Infrastructure,East
