customer_id,delivered_order_count,total_purchase_value,first_order_date,last_order_date,recency_days,customer_tenure_days,customer_tenure_years,average_orders_per_year,average_order_value,customer_type,industry_segment,region,customer_rating,retention_status,customer_value_class,retention_priority_score,action_focus,retention_priority_rank
C0444,30,50928809.0,2019-02-25,2024-01-08,359,2137,5.85,5.13,1697626.97,Dealer,Manufacturing,South,1,Churn Risk,Medium Value,78.83,Win-back campaign and churn recovery strategy,1
C0126,33,64059034.8,2019-03-05,2024-04-05,271,2129,5.83,5.66,1941182.87,Dealer,Manufacturing,South,4,Churn Risk,Medium Value,68.97,Win-back campaign and churn recovery strategy,2
C0110,42,90807306.0,2019-01-25,2024-06-21,194,2168,5.94,7.08,2162078.71,Dealer,Logistics,Central,5,Churn Risk,High Value,65.99,Win-back campaign and churn recovery strategy,3
C0267,29,46440405.2,2019-03-07,2024-03-25,282,2127,5.82,4.98,1601393.28,Fleet Owner,Infrastructure,South,3,Churn Risk,Low Value,64.3,Win-back campaign and churn recovery strategy,4
C0133,29,51247358.0,2019-03-27,2024-04-07,269,2107,5.77,5.03,1767150.28,Government,Mining,South,1,Churn Risk,Medium Value,63.9,Win-back campaign and churn recovery strategy,5
C0487,26,39512216.0,2019-03-08,2024-03-18,289,2126,5.82,4.47,1519700.62,Dealer,Mining,South,1,Churn Risk,Low Value,62.91,Win-back campaign and churn recovery strategy,6
C0238,30,36717219.2,2019-01-22,2024-03-25,282,2171,5.94,5.05,1223907.31,Corporate,Construction,South,5,Churn Risk,Low Value,60.7,Win-back campaign and churn recovery strategy,7
C0041,38,68044561.6,2019-01-11,2024-06-11,204,2182,5.97,6.36,1790646.36,Government,Rental,South,5,Churn Risk,High Value,59.25,Win-back campaign and churn recovery strategy,8
C0421,38,69466242.8,2019-04-06,2024-06-21,194,2097,5.74,6.62,1828059.02,Retail,Construction,South,3,Churn Risk,High Value,58.1,Win-back campaign and churn recovery strategy,9
C0297,34,73065015.6,2019-02-13,2024-07-01,184,2149,5.88,5.78,2148971.05,Fleet Owner,Rental,South,3,Churn Risk,High Value,57.76,Win-back campaign and churn recovery strategy,10
C0433,31,57020323.4,2019-09-11,2024-05-27,219,1939,5.31,5.84,1839365.27,Dealer,Infrastructure,North,3,Churn Risk,Medium Value,57.68,Win-back campaign and churn recovery strategy,11
C0131,32,59008448.8,2019-02-21,2024-06-14,201,2141,5.86,5.46,1844014.02,Corporate,Rental,South,2,Churn Risk,Medium Value,55.41,Win-back campaign and churn recovery strategy,12
C0491,27,65215944.4,2019-03-27,2024-07-04,181,2107,5.77,4.68,2415405.35,Dealer,Infrastructure,South,1,Churn Risk,Medium Value,54.36,Win-back campaign and churn recovery strategy,13
C0225,48,69254158.0,2019-03-17,2024-07-17,168,2117,5.8,8.28,1442794.96,Fleet Owner,Logistics,North,5,High Churn Risk,High Value,53.68,Immediate retention intervention required,14
C0292,27,30979627.8,2019-01-11,2024-04-28,248,2182,5.97,4.52,1147393.62,Corporate,Rental,Central,2,Churn Risk,Low Value,52.9,Win-back campaign and churn recovery strategy,15
C0029,38,58176890.6,2019-01-16,2024-06-30,185,2177,5.96,6.38,1530970.81,Dealer,Construction,South,1,Churn Risk,Medium Value,52.43,Win-back campaign and churn recovery strategy,16
C0412,32,43246987.6,2019-04-20,2024-05-28,218,2083,5.7,5.61,1351468.36,Corporate,Infrastructure,East,3,Churn Risk,Low Value,52.42,Win-back campaign and churn recovery strategy,17
C0251,36,60544705.8,2019-01-09,2024-07-06,179,2184,5.98,6.02,1681797.38,Dealer,Mining,North,4,High Churn Risk,Medium Value,52.3,Immediate retention intervention required,18
C0274,39,54639688.2,2019-01-08,2024-06-27,188,2185,5.98,6.52,1401017.65,Dealer,Mining,North,3,Churn Risk,Medium Value,51.62,Win-back campaign and churn recovery strategy,19
C0321,38,54558976.4,2019-01-04,2024-06-28,187,2189,5.99,6.34,1435762.54,Retail,Logistics,South,2,Churn Risk,Medium Value,51.42,Win-back campaign and churn recovery strategy,20
C0043,36,47644638.8,2019-04-04,2024-06-14,201,2099,5.75,6.26,1323462.19,Corporate,Construction,South,4,Churn Risk,Low Value,51.21,Win-back campaign and churn recovery strategy,21
C0344,28,48151864.0,2019-01-04,2024-06-17,198,2189,5.99,4.67,1719709.43,Fleet Owner,Mining,West,2,Churn Risk,Low Value,50.89,Win-back campaign and churn recovery strategy,22
C0405,32,50787823.0,2019-01-30,2024-06-25,190,2163,5.92,5.4,1587119.47,Corporate,Infrastructure,West,3,Churn Risk,Medium Value,50.53,Win-back campaign and churn recovery strategy,23
C0137,21,42806442.6,2019-06-13,2024-06-10,205,2029,5.56,3.78,2038402.03,Dealer,Infrastructure,South,5,Churn Risk,Low Value,50.09,Win-back campaign and churn recovery strategy,24
C0221,44,82001959.0,2019-01-17,2024-09-05,118,2176,5.96,7.39,1863680.89,Dealer,Logistics,North,5,High Churn Risk,High Value,50.04,Immediate retention intervention required,25
C0116,35,64081942.6,2019-01-08,2024-07-28,157,2185,5.98,5.85,1830912.65,Dealer,Construction,North,1,High Churn Risk,Medium Value,49.93,Immediate retention intervention required,26
C0127,28,48960650.8,2019-03-01,2024-06-25,190,2133,5.84,4.79,1748594.67,Government,Construction,East,1,Churn Risk,Medium Value,49.85,Win-back campaign and churn recovery strategy,27
C0154,45,74171590.6,2019-01-29,2024-08-21,133,2164,5.92,7.6,1648257.57,Fleet Owner,Logistics,North,5,High Churn Risk,High Value,49.65,Immediate retention intervention required,28
C0254,48,89556446.6,2019-07-01,2024-09-25,98,2011,5.51,8.72,1865759.3,Dealer,Mining,West,5,High Churn Risk,High Value,49.49,Immediate retention intervention required,29
C0176,42,66901722.8,2019-01-14,2024-08-07,147,2179,5.97,7.04,1592898.16,Dealer,Logistics,South,2,High Churn Risk,High Value,49.3,Immediate retention intervention required,30
C0198,36,63577917.2,2019-03-27,2024-08-01,153,2107,5.77,6.24,1766053.26,Government,Mining,West,2,High Churn Risk,Medium Value,49.07,Immediate retention intervention required,31
C0489,47,70625273.0,2019-04-14,2024-08-17,137,2089,5.72,8.22,1502665.38,Fleet Owner,Rental,South,5,High Churn Risk,High Value,49.01,Immediate retention intervention required,32
C0281,26,46282268.6,2019-07-26,2024-06-25,190,1986,5.44,4.78,1780087.25,Government,Logistics,South,4,Churn Risk,Low Value,48.86,Win-back campaign and churn recovery strategy,33
C0372,36,52822436.0,2019-02-15,2024-07-10,175,2147,5.88,6.12,1467289.89,Government,Logistics,South,4,High Churn Risk,Medium Value,48.78,Immediate retention intervention required,34
C0025,38,70349653.0,2019-01-29,2024-08-18,136,2164,5.92,6.41,1851306.66,Corporate,Infrastructure,West,2,High Churn Risk,High Value,48.74,Immediate retention intervention required,35
C0103,40,75304293.2,2019-02-21,2024-08-29,125,2141,5.86,6.82,1882607.33,Dealer,Infrastructure,South,4,High Churn Risk,High Value,48.73,Immediate retention intervention required,36
C0337,34,73457151.8,2019-04-15,2024-08-25,129,2088,5.72,5.95,2160504.46,Corporate,Manufacturing,North,2,High Churn Risk,High Value,48.72,Immediate retention intervention required,37
C0288,55,97218403.8,2019-02-21,2024-10-18,75,2141,5.86,9.38,1767607.34,Dealer,Infrastructure,North,3,At Risk,High Value,48.47,Prioritize retention outreach and personalized offers,38
C0451,37,49725150.4,2019-01-07,2024-07-06,179,2186,5.98,6.18,1343922.98,Government,Manufacturing,East,3,High Churn Risk,Medium Value,48.3,Immediate retention intervention required,39
C0083,45,89672688.2,2019-05-23,2024-10-04,89,2050,5.61,8.02,1992726.4,Dealer,Infrastructure,North,2,At Risk,High Value,48.03,Prioritize retention outreach and personalized offers,40
C0078,31,42565724.6,2019-01-31,2024-06-22,193,2162,5.92,5.24,1373087.89,Dealer,Rental,South,1,Churn Risk,Low Value,47.99,Win-back campaign and churn recovery strategy,41
C0431,28,45787279.2,2019-06-09,2024-07-05,180,2033,5.57,5.03,1635259.97,Government,Logistics,West,5,High Churn Risk,Low Value,47.01,Immediate retention intervention required,42
C0498,28,64864362.8,2019-03-01,2024-08-19,135,2133,5.84,4.79,2316584.39,Fleet Owner,Construction,East,3,High Churn Risk,Medium Value,46.54,Immediate retention intervention required,43
C0192,40,69269688.4,2019-01-19,2024-08-29,125,2174,5.95,6.72,1731742.21,Fleet Owner,Logistics,East,2,High Churn Risk,High Value,46.5,Immediate retention intervention required,44
C0008,34,48368868.0,2019-03-04,2024-07-16,169,2130,5.83,5.83,1422613.76,Corporate,Logistics,West,1,High Churn Risk,Low Value,46.13,Immediate retention intervention required,45
C0373,38,69753317.8,2019-04-03,2024-09-02,121,2100,5.75,6.61,1835613.63,Corporate,Manufacturing,South,3,High Churn Risk,High Value,46.01,Immediate retention intervention required,46
C0088,36,57330201.8,2019-01-26,2024-08-06,148,2167,5.93,6.07,1592505.61,Corporate,Infrastructure,West,1,High Churn Risk,Medium Value,45.93,Immediate retention intervention required,47
C0428,43,66337820.6,2019-01-25,2024-08-26,128,2168,5.94,7.24,1542740.01,Retail,Construction,North,4,High Churn Risk,Medium Value,45.92,Immediate retention intervention required,48
C0002,51,71712838.0,2019-01-24,2024-09-07,116,2169,5.94,8.59,1406134.08,Fleet Owner,Manufacturing,South,2,High Churn Risk,High Value,45.9,Immediate retention intervention required,49
C0384,39,72157498.2,2019-02-05,2024-09-09,114,2157,5.91,6.6,1850192.26,Retail,Construction,South,3,High Churn Risk,High Value,45.73,Immediate retention intervention required,50
C0207,45,87068691.0,2019-02-10,2024-10-13,80,2152,5.89,7.64,1934859.8,Corporate,Rental,East,1,At Risk,High Value,45.56,Prioritize retention outreach and personalized offers,51
C0213,30,66248437.6,2019-02-26,2024-08-31,123,2136,5.85,5.13,2208281.25,Fleet Owner,Rental,West,4,High Churn Risk,Medium Value,45.05,Immediate retention intervention required,52
C0402,35,43498305.2,2019-01-25,2024-07-12,173,2168,5.94,5.9,1242808.72,Fleet Owner,Rental,South,1,High Churn Risk,Low Value,44.99,Immediate retention intervention required,53
C0135,35,62791824.6,2019-03-09,2024-08-27,127,2125,5.82,6.02,1794052.13,Retail,Rental,South,2,High Churn Risk,Medium Value,44.44,Immediate retention intervention required,54
C0006,40,65482805.4,2019-06-05,2024-09-02,121,2037,5.58,7.17,1637070.14,Government,Construction,West,3,High Churn Risk,Medium Value,44.43,Immediate retention intervention required,55
C0330,38,54285450.6,2019-02-12,2024-08-10,144,2150,5.89,6.46,1428564.49,Retail,Infrastructure,East,3,High Churn Risk,Medium Value,44.14,Immediate retention intervention required,56
C0076,45,80026994.2,2019-01-12,2024-10-06,87,2181,5.97,7.54,1778377.65,Government,Mining,South,2,At Risk,High Value,44.13,Prioritize retention outreach and personalized offers,57
C0084,39,73317161.4,2019-04-29,2024-09-22,101,2074,5.68,6.87,1879927.22,Corporate,Logistics,West,3,High Churn Risk,High Value,43.98,Immediate retention intervention required,58
C0249,35,63391180.8,2019-01-16,2024-09-03,120,2177,5.96,5.87,1811176.59,Corporate,Construction,West,4,High Churn Risk,Medium Value,43.49,Immediate retention intervention required,59
C0179,32,43222736.0,2019-05-20,2024-07-21,164,2053,5.62,5.69,1350710.5,Government,Infrastructure,South,3,High Churn Risk,Low Value,43.39,Immediate retention intervention required,60
C0311,41,69331648.2,2019-02-03,2024-09-17,106,2159,5.91,6.94,1691015.81,Government,Infrastructure,North,4,High Churn Risk,High Value,43.35,Immediate retention intervention required,61
C0153,56,108200489.6,2019-01-17,2024-12-12,20,2176,5.96,9.4,1932151.6,Retail,Rental,East,4,Active,High Value,43.34,Maintain engagement and encourage repeat purchases,62
C0464,38,67405736.8,2019-01-18,2024-09-13,110,2175,5.95,6.38,1773835.18,Corporate,Infrastructure,North,1,High Churn Risk,High Value,43.3,Immediate retention intervention required,63
C0438,39,61720027.0,2019-06-17,2024-09-01,122,2025,5.54,7.03,1582564.79,Corporate,Rental,East,2,High Churn Risk,Medium Value,43.21,Immediate retention intervention required,64
C0092,36,46760586.8,2019-01-17,2024-07-30,155,2176,5.96,6.04,1298905.19,Fleet Owner,Logistics,West,2,High Churn Risk,Low Value,43.19,Immediate retention intervention required,65
C0240,46,92835709.4,2019-02-19,2024-11-10,52,2143,5.87,7.84,2018167.6,Corporate,Manufacturing,South,1,Recently At Risk,High Value,43.01,Run targeted re-engagement campaign,66
C0476,34,73746173.2,2019-01-13,2024-09-29,94,2180,5.97,5.7,2169005.09,Fleet Owner,Infrastructure,North,3,High Churn Risk,High Value,42.97,Immediate retention intervention required,67
C0047,30,57880918.0,2019-04-06,2024-08-25,129,2097,5.74,5.23,1929363.93,Corporate,Rental,West,5,High Churn Risk,Medium Value,42.96,Immediate retention intervention required,68
C0005,45,74996415.4,2019-02-28,2024-10-04,89,2134,5.84,7.7,1666587.01,Dealer,Construction,West,2,At Risk,High Value,42.6,Prioritize retention outreach and personalized offers,69
C0463,35,55370560.0,2019-01-10,2024-08-22,132,2183,5.98,5.86,1582016.0,Dealer,Mining,West,4,High Churn Risk,Medium Value,42.53,Immediate retention intervention required,70
C0156,33,67117436.4,2019-01-14,2024-09-17,106,2179,5.97,5.53,2033861.71,Government,Manufacturing,South,5,High Churn Risk,High Value,42.53,Immediate retention intervention required,71
C0440,44,82426773.6,2019-01-29,2024-10-21,72,2164,5.92,7.43,1873335.76,Retail,Manufacturing,South,5,At Risk,High Value,42.51,Prioritize retention outreach and personalized offers,72
C0031,34,50500841.8,2019-04-11,2024-08-13,141,2092,5.73,5.94,1485318.88,Government,Mining,East,4,High Churn Risk,Medium Value,42.23,Immediate retention intervention required,73
C0163,38,46377823.0,2019-06-02,2024-08-05,149,2040,5.59,6.8,1220469.03,Dealer,Logistics,West,5,High Churn Risk,Low Value,42.05,Immediate retention intervention required,74
C0143,27,44644618.2,2019-01-11,2024-08-02,152,2182,5.97,4.52,1653504.38,Corporate,Infrastructure,South,3,High Churn Risk,Low Value,41.91,Immediate retention intervention required,75
C0030,32,58263942.8,2019-01-30,2024-09-02,121,2163,5.92,5.4,1820748.21,Corporate,Construction,South,5,High Churn Risk,Medium Value,41.76,Immediate retention intervention required,76
C0385,37,67435700.6,2019-07-27,2024-09-23,100,1985,5.43,6.81,1822586.5,Corporate,Manufacturing,West,2,High Churn Risk,High Value,41.64,Immediate retention intervention required,77
C0228,34,61132479.4,2019-03-27,2024-09-10,113,2107,5.77,5.89,1798014.1,Government,Construction,South,3,High Churn Risk,Medium Value,41.49,Immediate retention intervention required,78
C0235,38,60478356.4,2019-05-08,2024-09-10,113,2065,5.65,6.72,1591535.69,Fleet Owner,Mining,East,5,High Churn Risk,Medium Value,41.24,Immediate retention intervention required,79
C0197,47,77464617.6,2019-02-22,2024-10-18,75,2140,5.86,8.02,1648183.35,Government,Manufacturing,West,2,At Risk,High Value,41.17,Prioritize retention outreach and personalized offers,80
C0495,48,94540537.6,2019-01-28,2024-11-25,37,2165,5.93,8.1,1969594.53,Fleet Owner,Infrastructure,North,2,Recently At Risk,High Value,41.13,Run targeted re-engagement campaign,81
C0293,36,66815451.4,2019-01-19,2024-09-25,98,2174,5.95,6.05,1855984.76,Dealer,Logistics,West,3,High Churn Risk,Medium Value,41.08,Immediate retention intervention required,82
C0324,35,52335374.8,2019-01-24,2024-08-24,130,2169,5.94,5.89,1495296.42,Corporate,Mining,South,5,High Churn Risk,Medium Value,41.07,Immediate retention intervention required,83
C0342,36,72821567.8,2019-12-04,2024-10-09,84,1855,5.08,7.09,2022821.33,Dealer,Infrastructure,North,5,At Risk,High Value,40.96,Prioritize retention outreach and personalized offers,84
C0420,46,92482888.8,2019-01-10,2024-11-22,40,2183,5.98,7.7,2010497.58,Retail,Rental,South,3,Recently At Risk,High Value,40.87,Run targeted re-engagement campaign,85
C0237,44,74820743.4,2019-01-28,2024-10-15,78,2165,5.93,7.42,1700471.44,Dealer,Infrastructure,South,5,At Risk,High Value,40.7,Prioritize retention outreach and personalized offers,86
C0042,41,73882726.2,2019-01-25,2024-10-13,80,2168,5.94,6.91,1802017.71,Fleet Owner,Rental,South,4,At Risk,High Value,40.68,Prioritize retention outreach and personalized offers,87
C0371,47,82052808.0,2019-01-03,2024-11-02,60,2190,6.0,7.84,1745804.43,Retail,Rental,South,3,Recently At Risk,High Value,40.36,Run targeted re-engagement campaign,88
C0365,39,60336743.2,2019-01-04,2024-09-15,108,2189,5.99,6.51,1547095.98,Government,Manufacturing,East,1,High Churn Risk,Medium Value,40.36,Immediate retention intervention required,89
C0182,29,40856091.0,2019-03-03,2024-08-03,151,2131,5.83,4.97,1408830.72,Dealer,Infrastructure,East,5,High Churn Risk,Low Value,40.34,Immediate retention intervention required,90
C0260,32,55524668.6,2019-08-24,2024-09-05,118,1957,5.36,5.97,1735145.89,Dealer,Logistics,South,5,High Churn Risk,Medium Value,40.25,Immediate retention intervention required,91
C0024,44,60658309.2,2019-01-22,2024-09-17,106,2171,5.94,7.4,1378597.94,Dealer,Rental,South,4,High Churn Risk,Medium Value,40.14,Immediate retention intervention required,92
C0375,42,81286325.6,2019-02-20,2024-11-03,59,2142,5.86,7.16,1935388.7,Fleet Owner,Mining,West,1,Recently At Risk,High Value,39.91,Run targeted re-engagement campaign,93
C0085,37,60463527.2,2019-01-01,2024-09-20,103,2192,6.0,6.17,1634149.38,Retail,Mining,South,4,High Churn Risk,Medium Value,39.57,Immediate retention intervention required,94
C0062,36,78963082.0,2019-03-18,2024-10-31,62,2116,5.79,6.21,2193418.94,Dealer,Construction,South,1,At Risk,High Value,39.55,Prioritize retention outreach and personalized offers,95
C0013,44,76843692.4,2019-01-02,2024-10-27,66,2191,6.0,7.34,1746447.55,Dealer,Construction,West,2,At Risk,High Value,39.44,Prioritize retention outreach and personalized offers,96
C0256,30,58794725.4,2019-01-03,2024-09-19,104,2190,6.0,5.0,1959824.18,Corporate,Infrastructure,North East,4,High Churn Risk,Medium Value,39.12,Immediate retention intervention required,97
C0341,36,66838579.4,2019-03-10,2024-10-07,86,2124,5.82,6.19,1856627.21,Fleet Owner,Mining,North,5,At Risk,High Value,39.08,Prioritize retention outreach and personalized offers,98
C0415,33,68592455.6,2019-03-21,2024-10-11,82,2113,5.79,5.7,2078559.26,Government,Infrastructure,North East,1,At Risk,High Value,39.06,Prioritize retention outreach and personalized offers,99
C0450,38,55345960.4,2019-01-15,2024-09-12,111,2178,5.96,6.37,1456472.64,Fleet Owner,Construction,East,5,High Churn Risk,Medium Value,39.01,Immediate retention intervention required,100
C0462,49,82777824.6,2019-01-06,2024-11-13,49,2187,5.99,8.18,1689343.36,Retail,Logistics,South,5,Recently At Risk,High Value,38.79,Run targeted re-engagement campaign,101
C0380,50,77887431.8,2019-01-29,2024-11-03,59,2164,5.92,8.44,1557748.64,Fleet Owner,Manufacturing,South,5,Recently At Risk,High Value,38.65,Run targeted re-engagement campaign,102
C0212,31,45262151.0,2019-02-01,2024-08-23,131,2161,5.92,5.24,1460069.39,Retail,Infrastructure,North East,4,High Churn Risk,Low Value,38.63,Immediate retention intervention required,103
C0129,36,76393252.6,2019-01-06,2024-10-31,62,2187,5.99,6.01,2122034.79,Corporate,Mining,North,5,At Risk,High Value,38.6,Prioritize retention outreach and personalized offers,104
C0246,35,77080113.6,2019-01-26,2024-11-02,60,2167,5.93,5.9,2202288.96,Retail,Manufacturing,North,2,Recently At Risk,High Value,38.52,Run targeted re-engagement campaign,105
C0299,34,48095055.8,2019-01-24,2024-08-30,124,2169,5.94,5.73,1414560.46,Retail,Logistics,South,1,High Churn Risk,Low Value,38.5,Immediate retention intervention required,106
C0419,31,61514207.2,2019-03-05,2024-09-30,93,2129,5.83,5.32,1984329.26,Fleet Owner,Logistics,West,1,High Churn Risk,Medium Value,38.28,Immediate retention intervention required,107
C0424,35,58183379.4,2019-03-22,2024-09-23,100,2112,5.78,6.05,1662382.27,Retail,Construction,West,4,High Churn Risk,Medium Value,38.22,Immediate retention intervention required,108
C0295,38,65390145.6,2019-03-07,2024-10-09,84,2127,5.82,6.53,1720793.31,Corporate,Mining,East,5,At Risk,Medium Value,38.21,Prioritize retention outreach and personalized offers,109
C0117,31,38951277.4,2019-01-01,2024-08-12,142,2192,6.0,5.17,1256492.82,Government,Mining,North East,3,High Churn Risk,Low Value,38.13,Immediate retention intervention required,110
C0102,34,71864051.2,2019-03-11,2024-10-24,69,2123,5.81,5.85,2113648.56,Government,Infrastructure,East,4,At Risk,High Value,38.1,Prioritize retention outreach and personalized offers,111
C0313,30,48205237.4,2019-05-28,2024-09-02,121,2045,5.6,5.36,1606841.25,Corporate,Mining,West,1,High Churn Risk,Low Value,38.04,Immediate retention intervention required,112
C0032,44,71991263.0,2019-01-23,2024-10-25,68,2170,5.94,7.41,1636165.07,Government,Logistics,West,5,At Risk,High Value,37.98,Prioritize retention outreach and personalized offers,113
C0158,36,58875735.2,2019-03-03,2024-09-26,97,2131,5.83,6.17,1635437.09,Corporate,Infrastructure,East,2,High Churn Risk,Medium Value,37.98,Immediate retention intervention required,114
C0417,32,51984530.4,2019-12-18,2024-09-11,112,1841,5.04,6.35,1624516.58,Fleet Owner,Mining,East,3,High Churn Risk,Medium Value,37.94,Immediate retention intervention required,115
C0268,32,63709103.6,2019-01-21,2024-10-07,86,2172,5.95,5.38,1990909.49,Government,Mining,West,3,At Risk,Medium Value,37.93,Prioritize retention outreach and personalized offers,116
C0339,24,40193008.4,2019-05-01,2024-08-16,138,2072,5.67,4.23,1674708.68,Fleet Owner,Logistics,South,2,High Churn Risk,Low Value,37.92,Immediate retention intervention required,117
C0314,36,58625243.8,2019-01-22,2024-09-26,97,2171,5.94,6.06,1628478.99,Retail,Logistics,East,1,High Churn Risk,Medium Value,37.88,Immediate retention intervention required,118
C0483,47,96130859.2,2019-02-20,2024-12-18,14,2142,5.86,8.01,2045337.43,Corporate,Rental,North,1,Active,High Value,37.88,Maintain engagement and encourage repeat purchases,119
C0134,48,85243025.2,2019-03-03,2024-11-24,38,2131,5.83,8.23,1775896.36,Fleet Owner,Infrastructure,West,5,Recently At Risk,High Value,37.86,Run targeted re-engagement campaign,120
C0429,42,69444114.2,2019-02-08,2024-10-21,72,2154,5.9,7.12,1653431.29,Fleet Owner,Logistics,West,3,At Risk,High Value,37.71,Prioritize retention outreach and personalized offers,121
C0406,32,64818334.4,2019-02-25,2024-10-11,82,2137,5.85,5.47,2025572.95,Dealer,Logistics,West,3,At Risk,Medium Value,37.67,Prioritize retention outreach and personalized offers,122
C0021,45,59956738.4,2019-01-16,2024-10-01,92,2177,5.96,7.55,1332371.96,Corporate,Mining,South,5,High Churn Risk,Medium Value,37.54,Immediate retention intervention required,123
C0435,50,73908258.2,2019-10-11,2024-11-01,61,1909,5.23,9.57,1478165.16,Dealer,Manufacturing,South,4,At Risk,High Value,37.52,Prioritize retention outreach and personalized offers,124
C0241,39,73396972.0,2019-02-01,2024-10-31,62,2161,5.92,6.59,1881973.64,Government,Construction,West,1,At Risk,High Value,37.5,Prioritize retention outreach and personalized offers,125
C0475,55,94883375.2,2019-01-19,2024-12-18,14,2174,5.95,9.24,1725152.28,Fleet Owner,Construction,East,3,Active,High Value,37.42,Maintain engagement and encourage repeat purchases,126
C0200,47,84469856.6,2019-02-09,2024-11-25,37,2153,5.89,7.97,1797230.99,Retail,Logistics,East,2,Recently At Risk,High Value,37.41,Run targeted re-engagement campaign,127
C0358,36,59405501.6,2019-04-17,2024-10-01,92,2086,5.71,6.3,1650152.82,Government,Infrastructure,West,4,High Churn Risk,Medium Value,37.34,Immediate retention intervention required,128
C0359,46,85617784.0,2019-02-12,2024-11-28,34,2150,5.89,7.81,1861256.17,Fleet Owner,Mining,South,3,Recently At Risk,High Value,37.33,Run targeted re-engagement campaign,129
C0485,28,59146123.8,2019-01-14,2024-10-01,92,2179,5.97,4.69,2112361.56,Fleet Owner,Rental,West,1,High Churn Risk,Medium Value,37.24,Immediate retention intervention required,130
C0196,48,71291851.6,2019-01-09,2024-10-28,65,2184,5.98,8.03,1485246.91,Fleet Owner,Rental,North East,3,At Risk,High Value,37.22,Prioritize retention outreach and personalized offers,131
C0101,38,62629058.6,2019-02-26,2024-10-10,83,2136,5.85,6.5,1648133.12,Corporate,Logistics,South,5,At Risk,Medium Value,37.02,Prioritize retention outreach and personalized offers,132
C0178,54,89493824.6,2019-01-22,2024-12-09,23,2171,5.94,9.08,1657293.05,Dealer,Logistics,East,1,Active,High Value,36.93,Maintain engagement and encourage repeat purchases,133
C0258,28,62250978.4,2019-02-04,2024-10-10,83,2158,5.91,4.74,2223249.23,Corporate,Mining,South,2,At Risk,Medium Value,36.89,Prioritize retention outreach and personalized offers,134
C0048,31,49413459.2,2019-04-05,2024-09-12,111,2098,5.74,5.4,1593982.55,Dealer,Mining,South,3,High Churn Risk,Medium Value,36.82,Immediate retention intervention required,135
C0100,38,48373950.0,2019-01-25,2024-09-10,113,2168,5.94,6.4,1272998.68,Government,Construction,North,3,High Churn Risk,Low Value,36.77,Immediate retention intervention required,136
C0169,40,69450095.6,2019-03-25,2024-10-27,66,2109,5.77,6.93,1736252.39,Fleet Owner,Construction,West,4,At Risk,High Value,36.71,Prioritize retention outreach and personalized offers,137
C0206,40,89674652.2,2019-01-08,2024-12-11,21,2185,5.98,6.69,2241866.31,Retail,Construction,West,3,Active,High Value,36.66,Maintain engagement and encourage repeat purchases,138
C0144,25,39589546.2,2019-04-02,2024-08-23,131,2101,5.75,4.35,1583581.85,Fleet Owner,Construction,West,2,High Churn Risk,Low Value,36.53,Immediate retention intervention required,139
C0409,45,60821412.6,2019-01-19,2024-10-09,84,2174,5.95,7.56,1351586.95,Government,Logistics,West,1,At Risk,Medium Value,36.52,Prioritize retention outreach and personalized offers,140
C0468,49,75254807.6,2019-05-10,2024-11-10,52,2063,5.65,8.68,1535812.4,Fleet Owner,Rental,South,1,Recently At Risk,High Value,36.51,Run targeted re-engagement campaign,141
C0283,31,44490975.8,2019-04-14,2024-09-04,119,2089,5.72,5.42,1435192.77,Retail,Logistics,North,1,High Churn Risk,Low Value,36.34,Immediate retention intervention required,142
C0162,28,62233145.6,2019-07-05,2024-10-14,79,2007,5.49,5.1,2222612.34,Retail,Mining,East,4,At Risk,Medium Value,36.21,Prioritize retention outreach and personalized offers,143
C0046,46,87078641.0,2019-02-03,2024-12-09,23,2159,5.91,7.78,1893013.93,Retail,Rental,West,3,Active,High Value,36.04,Maintain engagement and encourage repeat purchases,144
C0119,51,67143205.2,2019-01-07,2024-10-26,67,2186,5.98,8.52,1316533.44,Government,Manufacturing,West,4,At Risk,High Value,36.02,Prioritize retention outreach and personalized offers,145
C0466,47,88329161.4,2019-03-19,2024-12-13,19,2115,5.79,8.12,1879343.86,Retail,Manufacturing,South,3,Active,High Value,35.83,Maintain engagement and encourage repeat purchases,146
C0318,36,62202116.0,2019-01-08,2024-10-17,76,2185,5.98,6.02,1727836.56,Corporate,Logistics,North,3,At Risk,Medium Value,35.7,Prioritize retention outreach and personalized offers,147
C0202,28,50389917.2,2019-09-19,2024-09-21,102,1931,5.29,5.3,1799639.9,Government,Logistics,North,4,High Churn Risk,Medium Value,35.68,Immediate retention intervention required,148
C0361,32,52532617.8,2019-01-15,2024-09-26,97,2178,5.96,5.37,1641644.31,Government,Logistics,South,5,High Churn Risk,Medium Value,35.63,Immediate retention intervention required,149
C0334,33,37526956.6,2019-01-03,2024-08-24,130,2190,6.0,5.5,1137180.5,Corporate,Mining,South,5,High Churn Risk,Low Value,35.6,Immediate retention intervention required,150
C0123,36,70019319.0,2019-01-16,2024-11-04,58,2177,5.96,6.04,1944981.08,Corporate,Infrastructure,East,3,Recently At Risk,High Value,35.58,Run targeted re-engagement campaign,151
C0185,33,47500335.2,2019-03-25,2024-09-16,107,2109,5.77,5.72,1439404.1,Dealer,Logistics,West,5,High Churn Risk,Low Value,35.44,Immediate retention intervention required,152
C0142,45,84828043.0,2019-02-06,2024-12-08,24,2156,5.9,7.62,1885067.62,Retail,Manufacturing,West,1,Active,High Value,35.37,Maintain engagement and encourage repeat purchases,153
C0266,35,50717014.0,2019-01-22,2024-09-24,99,2171,5.94,5.89,1449057.54,Fleet Owner,Rental,South,4,High Churn Risk,Medium Value,35.3,Immediate retention intervention required,154
C0009,34,68836324.8,2019-04-14,2024-11-04,58,2089,5.72,5.94,2024597.79,Corporate,Rental,West,4,Recently At Risk,High Value,35.14,Run targeted re-engagement campaign,155
C0351,34,44776790.6,2019-03-29,2024-09-12,111,2105,5.76,5.9,1316964.43,Corporate,Rental,East,1,High Churn Risk,Low Value,35.1,Immediate retention intervention required,156
C0107,49,85196217.6,2019-01-16,2024-12-11,21,2177,5.96,8.22,1738698.32,Fleet Owner,Construction,North,1,Active,High Value,35.01,Maintain engagement and encourage repeat purchases,157
C0264,36,67321592.8,2019-01-02,2024-11-02,60,2191,6.0,6.0,1870044.24,Retail,Infrastructure,West,4,Recently At Risk,High Value,34.92,Run targeted re-engagement campaign,158
C0060,44,77163010.4,2019-07-20,2024-11-24,38,1992,5.45,8.07,1753704.78,Dealer,Mining,South,1,Recently At Risk,High Value,34.88,Run targeted re-engagement campaign,159
C0255,45,71144094.2,2019-01-05,2024-11-11,51,2188,5.99,7.51,1580979.87,Retail,Infrastructure,South,4,Recently At Risk,High Value,34.82,Run targeted re-engagement campaign,160
C0477,36,57746038.6,2019-06-12,2024-10-13,80,2030,5.56,6.48,1604056.63,Government,Construction,West,5,At Risk,Medium Value,34.72,Prioritize retention outreach and personalized offers,161
C0242,47,73225487.6,2019-01-30,2024-11-18,44,2163,5.92,7.94,1557989.1,Government,Construction,South,3,Recently At Risk,High Value,34.42,Run targeted re-engagement campaign,162
C0277,36,43668914.6,2019-05-28,2024-09-14,109,2045,5.6,6.43,1213025.41,Dealer,Logistics,West,1,High Churn Risk,Low Value,34.36,Immediate retention intervention required,163
C0094,31,46343009.2,2019-01-18,2024-09-20,103,2175,5.95,5.21,1494935.78,Corporate,Logistics,West,4,High Churn Risk,Low Value,34.35,Immediate retention intervention required,164
C0300,40,72746205.0,2019-05-05,2024-11-18,44,2068,5.66,7.06,1818655.12,Dealer,Mining,North,1,Recently At Risk,High Value,34.25,Run targeted re-engagement campaign,165
C0470,36,49194933.2,2019-01-25,2024-09-27,96,2168,5.94,6.07,1366525.92,Government,Mining,South,1,High Churn Risk,Medium Value,34.23,Immediate retention intervention required,166
C0053,27,45016037.4,2019-05-16,2024-09-18,105,2057,5.63,4.79,1667260.64,Fleet Owner,Construction,North,5,High Churn Risk,Low Value,34.19,Immediate retention intervention required,167
C0291,46,79064597.0,2019-03-13,2024-12-03,29,2121,5.81,7.92,1718795.59,Retail,Construction,South,2,Active,High Value,34.08,Maintain engagement and encourage repeat purchases,168
C0114,33,48515792.8,2019-02-09,2024-09-27,96,2153,5.89,5.6,1470175.54,Retail,Mining,East,4,High Churn Risk,Low Value,33.98,Immediate retention intervention required,169
C0173,31,57999777.4,2019-03-29,2024-10-18,75,2105,5.76,5.38,1870960.56,Retail,Logistics,South,1,At Risk,Medium Value,33.98,Prioritize retention outreach and personalized offers,170
C0422,37,65678984.2,2019-09-19,2024-11-04,58,1931,5.29,7.0,1775107.68,Government,Construction,South,5,Recently At Risk,Medium Value,33.97,Run targeted re-engagement campaign,171
C0356,45,79690881.0,2019-03-16,2024-12-05,27,2118,5.8,7.76,1770908.47,Dealer,Mining,East,2,Active,High Value,33.97,Maintain engagement and encourage repeat purchases,172
C0064,32,57893888.0,2019-03-21,2024-10-18,75,2113,5.79,5.53,1809184.0,Corporate,Manufacturing,North,3,At Risk,Medium Value,33.94,Prioritize retention outreach and personalized offers,173
C0091,30,39090471.8,2019-01-09,2024-09-07,116,2184,5.98,5.02,1303015.73,Retail,Construction,South,2,High Churn Risk,Low Value,33.84,Immediate retention intervention required,174
C0486,34,52620254.4,2019-01-01,2024-10-07,86,2192,6.0,5.67,1547654.54,Government,Manufacturing,West,2,At Risk,Medium Value,33.83,Prioritize retention outreach and personalized offers,175
C0265,29,47931619.6,2019-02-19,2024-09-27,96,2143,5.87,4.94,1652814.47,Retail,Mining,West,1,High Churn Risk,Low Value,33.76,Immediate retention intervention required,176
C0066,32,54037060.8,2019-01-29,2024-10-11,82,2164,5.92,5.4,1688658.15,Retail,Manufacturing,Central,1,At Risk,Medium Value,33.68,Prioritize retention outreach and personalized offers,177
C0316,33,45390754.0,2019-03-08,2024-09-22,101,2126,5.82,5.67,1375477.39,Dealer,Manufacturing,East,4,High Churn Risk,Low Value,33.66,Immediate retention intervention required,178
C0012,37,53404468.4,2019-01-28,2024-10-10,83,2165,5.93,6.24,1443364.01,Fleet Owner,Logistics,South,1,At Risk,Medium Value,33.61,Prioritize retention outreach and personalized offers,179
C0307,42,73655534.6,2019-01-15,2024-11-24,38,2178,5.96,7.04,1753703.2,Dealer,Manufacturing,West,1,Recently At Risk,High Value,33.58,Run targeted re-engagement campaign,180
C0132,37,49004629.4,2019-02-22,2024-10-01,92,2140,5.86,6.32,1324449.44,Corporate,Construction,Central,2,High Churn Risk,Medium Value,33.49,Immediate retention intervention required,181
C0362,37,53495189.2,2019-02-26,2024-10-11,82,2136,5.85,6.33,1445815.92,Corporate,Rental,West,1,At Risk,Medium Value,33.48,Prioritize retention outreach and personalized offers,182
C0403,45,80523517.0,2019-02-19,2024-12-10,22,2143,5.87,7.67,1789411.49,Government,Construction,East,4,Active,High Value,33.45,Maintain engagement and encourage repeat purchases,183
C0230,38,62086661.8,2019-02-19,2024-10-31,62,2143,5.87,6.48,1633859.52,Dealer,Infrastructure,North,5,At Risk,Medium Value,33.31,Prioritize retention outreach and personalized offers,184
C0349,33,56613876.0,2019-01-31,2024-10-19,74,2162,5.92,5.58,1715572.0,Corporate,Rental,West,1,At Risk,Medium Value,33.3,Prioritize retention outreach and personalized offers,185
C0226,26,47025541.0,2019-01-22,2024-09-28,95,2171,5.94,4.37,1808674.65,Dealer,Logistics,West,5,High Churn Risk,Low Value,33.26,Immediate retention intervention required,186
C0247,39,67759559.6,2019-02-14,2024-11-13,49,2148,5.88,6.63,1737424.61,Corporate,Logistics,East,2,Recently At Risk,High Value,33.24,Run targeted re-engagement campaign,187
C0304,48,86460648.4,2019-01-26,2024-12-25,7,2167,5.93,8.09,1801263.51,Dealer,Construction,North,5,Active,High Value,33.13,Maintain engagement and encourage repeat purchases,188
C0275,45,64270295.0,2019-06-17,2024-11-06,56,2025,5.54,8.12,1428228.78,Fleet Owner,Construction,West,5,Recently At Risk,Medium Value,33.12,Run targeted re-engagement campaign,189
C0432,37,49310040.8,2019-01-26,2024-10-04,89,2167,5.93,6.24,1332703.81,Fleet Owner,Mining,South,3,At Risk,Medium Value,33.1,Prioritize retention outreach and personalized offers,190
C0223,33,54079206.6,2019-03-01,2024-10-15,78,2133,5.84,5.65,1638763.84,Corporate,Logistics,West,1,At Risk,Medium Value,33.03,Prioritize retention outreach and personalized offers,191
C0263,35,61677496.4,2019-03-06,2024-11-01,61,2128,5.83,6.01,1762214.18,Government,Rental,South,3,At Risk,Medium Value,33.0,Prioritize retention outreach and personalized offers,192
C0227,34,57926647.6,2019-02-13,2024-10-24,69,2149,5.88,5.78,1703724.93,Fleet Owner,Infrastructure,East,1,At Risk,Medium Value,32.95,Prioritize retention outreach and personalized offers,193
C0201,47,80475593.0,2019-02-01,2024-12-13,19,2161,5.92,7.94,1712246.66,Dealer,Infrastructure,South,4,Active,High Value,32.93,Maintain engagement and encourage repeat purchases,194
C0401,36,58231157.8,2019-01-11,2024-10-25,68,2182,5.97,6.03,1617532.16,Government,Logistics,North East,1,At Risk,Medium Value,32.89,Prioritize retention outreach and personalized offers,195
C0171,30,55348450.2,2019-04-27,2024-10-19,74,2076,5.68,5.28,1844948.34,Fleet Owner,Construction,South,3,At Risk,Medium Value,32.83,Prioritize retention outreach and personalized offers,196
C0253,39,72946151.6,2019-03-28,2024-11-27,35,2106,5.77,6.76,1870414.14,Retail,Rental,West,2,Recently At Risk,High Value,32.82,Run targeted re-engagement campaign,197
C0236,41,57861179.0,2019-03-21,2024-10-25,68,2113,5.79,7.09,1411248.27,Corporate,Mining,West,1,At Risk,Medium Value,32.76,Prioritize retention outreach and personalized offers,198
C0394,40,69936379.2,2019-03-08,2024-11-21,41,2126,5.82,6.87,1748409.48,Government,Construction,South,4,Recently At Risk,High Value,32.71,Run targeted re-engagement campaign,199
C0160,44,70762190.2,2019-02-19,2024-11-23,39,2143,5.87,7.5,1608231.6,Retail,Rental,West,2,Recently At Risk,High Value,32.68,Run targeted re-engagement campaign,200
C0071,42,72076738.0,2019-01-24,2024-11-26,36,2169,5.94,7.07,1716112.81,Corporate,Rental,North,2,Recently At Risk,High Value,32.66,Run targeted re-engagement campaign,201
C0467,48,62880162.4,2019-01-02,2024-11-06,56,2191,6.0,8.0,1310003.38,Retail,Construction,North,5,Recently At Risk,Medium Value,32.61,Run targeted re-engagement campaign,202
C0390,32,64132451.0,2019-03-23,2024-11-09,53,2111,5.78,5.54,2004139.09,Fleet Owner,Construction,North,3,Recently At Risk,Medium Value,32.57,Run targeted re-engagement campaign,203
C0244,44,77550764.4,2019-05-06,2024-12-09,23,2067,5.66,7.78,1762517.37,Government,Logistics,North,3,Active,High Value,32.51,Maintain engagement and encourage repeat purchases,204
C0383,41,68192154.0,2019-02-18,2024-11-19,43,2144,5.87,6.98,1663223.27,Fleet Owner,Infrastructure,North,5,Recently At Risk,High Value,32.4,Run targeted re-engagement campaign,205
C0492,35,61798115.2,2019-02-04,2024-11-05,57,2158,5.91,5.92,1765660.43,Dealer,Rental,East,1,Recently At Risk,Medium Value,32.37,Run targeted re-engagement campaign,206
C0141,36,66220737.2,2019-04-06,2024-11-15,47,2097,5.74,6.27,1839464.92,Corporate,Rental,West,4,Recently At Risk,Medium Value,32.34,Run targeted re-engagement campaign,207
C0408,36,60127186.2,2019-07-06,2024-11-02,60,2006,5.49,6.55,1670199.62,Government,Infrastructure,South,4,Recently At Risk,Medium Value,32.26,Run targeted re-engagement campaign,208
C0335,38,60351028.0,2019-01-31,2024-11-03,59,2162,5.92,6.42,1588184.95,Government,Infrastructure,North East,5,Recently At Risk,Medium Value,32.17,Run targeted re-engagement campaign,209
C0175,36,59434888.8,2019-01-24,2024-11-01,61,2169,5.94,6.06,1650969.13,Fleet Owner,Rental,East,5,At Risk,Medium Value,32.17,Prioritize retention outreach and personalized offers,210
C0343,40,68419201.6,2019-02-28,2024-11-21,41,2134,5.84,6.85,1710480.04,Corporate,Construction,West,1,Recently At Risk,High Value,32.15,Run targeted re-engagement campaign,211
C0482,31,73762403.2,2019-12-15,2024-12-03,29,1844,5.05,6.14,2379432.36,Fleet Owner,Logistics,East,1,Active,High Value,32.12,Maintain engagement and encourage repeat purchases,212
C0446,34,52035543.6,2019-02-03,2024-10-16,77,2159,5.91,5.75,1530457.16,Retail,Logistics,South,1,At Risk,Medium Value,32.11,Prioritize retention outreach and personalized offers,213
C0413,41,62380011.4,2019-02-06,2024-11-08,54,2156,5.9,6.95,1521463.69,Fleet Owner,Manufacturing,South,1,Recently At Risk,Medium Value,32.09,Run targeted re-engagement campaign,214
C0069,47,77108269.8,2019-02-18,2024-12-11,21,2144,5.87,8.01,1640601.49,Dealer,Logistics,North,2,Active,High Value,32.02,Maintain engagement and encourage repeat purchases,215
C0442,33,53527848.6,2019-01-28,2024-10-20,73,2165,5.93,5.57,1622056.02,Dealer,Logistics,East,3,At Risk,Medium Value,31.99,Prioritize retention outreach and personalized offers,216
C0490,44,84742703.8,2019-01-26,2024-12-29,3,2167,5.93,7.42,1925970.54,Government,Logistics,West,3,Active,High Value,31.83,Maintain engagement and encourage repeat purchases,217
C0061,29,33890240.0,2019-01-29,2024-09-08,115,2164,5.92,4.89,1168628.97,Dealer,Construction,West,4,High Churn Risk,Low Value,31.75,Immediate retention intervention required,218
C0312,37,65437706.6,2019-04-16,2024-11-17,45,2087,5.71,6.48,1768586.66,Government,Construction,West,4,Recently At Risk,Medium Value,31.71,Run targeted re-engagement campaign,219
C0049,39,82316206.2,2019-01-25,2024-12-25,7,2168,5.94,6.57,2110671.95,Dealer,Manufacturing,South,5,Active,High Value,31.6,Maintain engagement and encourage repeat purchases,220
C0434,33,54575670.2,2019-01-05,2024-10-26,67,2188,5.99,5.51,1653808.19,Corporate,Mining,Central,4,At Risk,Medium Value,31.37,Prioritize retention outreach and personalized offers,221
C0280,42,59078520.8,2019-01-12,2024-11-05,57,2181,5.97,7.03,1406631.45,Corporate,Construction,West,4,Recently At Risk,Medium Value,31.37,Run targeted re-engagement campaign,222
C0443,40,64951558.8,2019-03-27,2024-11-18,44,2107,5.77,6.93,1623788.97,Dealer,Infrastructure,East,1,Recently At Risk,Medium Value,31.37,Run targeted re-engagement campaign,223
C0461,36,56714684.2,2019-02-27,2024-10-31,62,2135,5.85,6.16,1575407.89,Corporate,Infrastructure,North,5,At Risk,Medium Value,31.33,Prioritize retention outreach and personalized offers,224
C0056,36,60885469.8,2019-01-08,2024-11-10,52,2185,5.98,6.02,1691263.05,Dealer,Mining,North,4,Recently At Risk,Medium Value,31.2,Run targeted re-engagement campaign,225
C0252,34,45321304.6,2019-08-03,2024-10-07,86,1978,5.42,6.28,1332979.55,Retail,Construction,South,2,At Risk,Low Value,31.13,Prioritize retention outreach and personalized offers,226
C0189,35,61121980.8,2019-03-03,2024-11-11,51,2131,5.83,6.0,1746342.31,Government,Manufacturing,South,4,Recently At Risk,Medium Value,31.12,Run targeted re-engagement campaign,227
C0272,39,75550922.6,2019-09-01,2024-12-13,19,1949,5.34,7.31,1937203.14,Government,Construction,North,1,Active,High Value,31.11,Maintain engagement and encourage repeat purchases,228
C0090,43,51915256.6,2019-03-16,2024-10-22,71,2118,5.8,7.42,1207331.55,Government,Infrastructure,North,1,At Risk,Medium Value,31.06,Prioritize retention outreach and personalized offers,229
C0310,39,59059490.6,2019-05-30,2024-11-07,55,2043,5.59,6.97,1514345.91,Government,Infrastructure,East,4,Recently At Risk,Medium Value,31.03,Run targeted re-engagement campaign,230
C0082,46,77500928.6,2019-03-17,2024-12-18,14,2117,5.8,7.94,1684802.8,Fleet Owner,Manufacturing,West,3,Active,High Value,30.99,Maintain engagement and encourage repeat purchases,231
C0367,27,57592654.8,2019-02-28,2024-11-04,58,2134,5.84,4.62,2133061.29,Fleet Owner,Logistics,South,2,Recently At Risk,Medium Value,30.98,Run targeted re-engagement campaign,232
C0209,44,65445658.4,2019-10-18,2024-11-22,40,1902,5.21,8.45,1487401.33,Corporate,Infrastructure,East,5,Recently At Risk,Medium Value,30.88,Run targeted re-engagement campaign,233
C0488,37,67251532.8,2019-03-01,2024-11-26,36,2133,5.84,6.34,1817608.99,Government,Construction,South,1,Recently At Risk,High Value,30.88,Run targeted re-engagement campaign,234
C0400,35,51694363.6,2019-04-06,2024-10-23,70,2097,5.74,6.1,1476981.82,Government,Infrastructure,North,5,At Risk,Medium Value,30.81,Prioritize retention outreach and personalized offers,235
C0080,42,56541324.2,2019-02-20,2024-11-03,59,2142,5.86,7.16,1346222.0,Retail,Mining,South,1,Recently At Risk,Medium Value,30.76,Run targeted re-engagement campaign,236
C0075,33,50186853.4,2019-04-17,2024-10-20,73,2086,5.71,5.78,1520813.74,Retail,Mining,South,5,At Risk,Medium Value,30.75,Prioritize retention outreach and personalized offers,237
C0045,42,75275350.6,2019-02-02,2024-12-15,17,2160,5.91,7.1,1792270.25,Corporate,Rental,East,4,Active,High Value,30.67,Maintain engagement and encourage repeat purchases,238
C0336,33,39095696.4,2019-04-29,2024-09-26,97,2074,5.68,5.81,1184718.07,Government,Rental,East,5,High Churn Risk,Low Value,30.66,Immediate retention intervention required,239
C0165,50,79168592.4,2019-02-27,2024-12-24,8,2135,5.85,8.55,1583371.85,Fleet Owner,Manufacturing,North,4,Active,High Value,30.6,Maintain engagement and encourage repeat purchases,240
C0113,41,78713400.0,2019-01-13,2024-12-23,9,2180,5.97,6.87,1919839.02,Corporate,Logistics,South,2,Active,High Value,30.6,Maintain engagement and encourage repeat purchases,241
C0233,28,49889164.0,2019-05-29,2024-10-21,72,2044,5.6,5.0,1781755.86,Government,Logistics,East,3,At Risk,Medium Value,30.48,Prioritize retention outreach and personalized offers,242
C0381,29,62038399.0,2019-07-06,2024-11-17,45,2006,5.49,5.28,2139255.14,Corporate,Mining,South,4,Recently At Risk,Medium Value,30.46,Run targeted re-engagement campaign,243
C0070,41,76883391.4,2019-02-04,2024-12-20,12,2158,5.91,6.94,1875204.67,Government,Logistics,West,3,Active,High Value,30.43,Maintain engagement and encourage repeat purchases,244
C0193,38,67795348.0,2019-01-10,2024-11-30,32,2183,5.98,6.36,1784088.11,Dealer,Infrastructure,West,4,Recently At Risk,High Value,30.41,Run targeted re-engagement campaign,245
C0152,40,62249804.2,2019-03-10,2024-11-18,44,2124,5.82,6.88,1556245.1,Corporate,Manufacturing,South,2,Recently At Risk,Medium Value,30.37,Run targeted re-engagement campaign,246
C0348,34,50897650.4,2019-04-15,2024-10-24,69,2088,5.72,5.95,1496989.72,Retail,Logistics,North,2,At Risk,Medium Value,30.35,Prioritize retention outreach and personalized offers,247
C0224,36,54050072.4,2019-01-30,2024-10-31,62,2163,5.92,6.08,1501390.9,Retail,Manufacturing,East,3,At Risk,Medium Value,30.34,Prioritize retention outreach and personalized offers,248
C0022,38,56759064.0,2019-01-13,2024-11-06,56,2180,5.97,6.37,1493659.58,Retail,Infrastructure,South,3,Recently At Risk,Medium Value,30.34,Run targeted re-engagement campaign,249
C0294,45,79772077.0,2019-03-26,2024-12-27,5,2108,5.77,7.8,1772712.82,Government,Infrastructure,South,4,Active,High Value,30.33,Maintain engagement and encourage repeat purchases,250
C0430,27,44879330.8,2019-03-08,2024-10-11,82,2126,5.82,4.64,1662197.44,Retail,Manufacturing,West,5,At Risk,Low Value,30.3,Prioritize retention outreach and personalized offers,251
C0015,34,61028370.8,2019-02-18,2024-11-16,46,2144,5.87,5.79,1794952.08,Government,Rental,West,2,Recently At Risk,Medium Value,30.25,Run targeted re-engagement campaign,252
C0296,40,56944680.8,2019-01-02,2024-11-07,55,2191,6.0,6.67,1423617.02,Corporate,Manufacturing,East,2,Recently At Risk,Medium Value,30.24,Run targeted re-engagement campaign,253
C0034,32,42477752.2,2019-01-05,2024-10-06,87,2188,5.99,5.34,1327429.76,Government,Construction,West,5,At Risk,Low Value,30.24,Prioritize retention outreach and personalized offers,254
C0199,33,48930073.4,2019-01-19,2024-10-21,72,2174,5.95,5.54,1482729.5,Government,Mining,West,3,At Risk,Medium Value,30.12,Prioritize retention outreach and personalized offers,255
C0460,32,64634814.4,2019-04-06,2024-11-25,37,2097,5.74,5.57,2019837.95,Dealer,Logistics,South,1,Recently At Risk,Medium Value,30.08,Run targeted re-engagement campaign,256
C0471,37,65501994.2,2019-02-23,2024-11-27,35,2139,5.86,6.32,1770324.17,Fleet Owner,Logistics,West,5,Recently At Risk,Medium Value,30.06,Run targeted re-engagement campaign,257
C0411,43,72229183.0,2019-07-14,2024-12-12,20,1998,5.47,7.86,1679748.44,Corporate,Mining,South,5,Active,High Value,30.04,Maintain engagement and encourage repeat purchases,258
C0161,37,60837361.2,2019-03-24,2024-11-17,45,2110,5.78,6.4,1644253.01,Dealer,Mining,West,4,Recently At Risk,Medium Value,30.01,Run targeted re-engagement campaign,259
C0124,42,54870405.8,2019-01-11,2024-11-04,58,2182,5.97,7.03,1306438.23,Dealer,Construction,West,3,Recently At Risk,Medium Value,29.98,Run targeted re-engagement campaign,260
C0216,39,62009378.6,2019-01-27,2024-11-20,42,2166,5.93,6.58,1589984.07,Government,Mining,East,1,Recently At Risk,Medium Value,29.94,Run targeted re-engagement campaign,261
C0106,39,58339475.8,2019-04-07,2024-11-12,50,2096,5.74,6.8,1495883.99,Dealer,Infrastructure,Central,2,Recently At Risk,Medium Value,29.92,Run targeted re-engagement campaign,262
C0130,39,60017312.8,2019-02-17,2024-11-16,46,2145,5.87,6.64,1538905.46,Government,Mining,West,1,Recently At Risk,Medium Value,29.88,Run targeted re-engagement campaign,263
C0051,36,59420710.4,2019-02-15,2024-11-15,47,2147,5.88,6.12,1650575.29,Retail,Infrastructure,North,4,Recently At Risk,Medium Value,29.82,Run targeted re-engagement campaign,264
C0441,31,47045233.8,2019-01-17,2024-10-19,74,2176,5.96,5.2,1517588.19,Dealer,Construction,North,2,At Risk,Low Value,29.76,Prioritize retention outreach and personalized offers,265
C0166,32,69504759.6,2019-01-18,2024-12-08,24,2175,5.95,5.37,2172023.74,Fleet Owner,Manufacturing,West,2,Active,High Value,29.71,Maintain engagement and encourage repeat purchases,266
C0257,43,76189558.0,2019-01-18,2024-12-23,9,2175,5.95,7.22,1771850.19,Corporate,Logistics,North,1,Active,High Value,29.67,Maintain engagement and encourage repeat purchases,267
C0186,40,70676837.0,2019-02-17,2024-12-11,21,2145,5.87,6.81,1766920.92,Fleet Owner,Infrastructure,East,3,Active,High Value,29.64,Maintain engagement and encourage repeat purchases,268
C0459,41,71816909.8,2019-03-10,2024-12-14,18,2124,5.82,7.05,1751631.95,Retail,Logistics,East,5,Active,High Value,29.56,Maintain engagement and encourage repeat purchases,269
C0109,44,69451949.0,2019-01-14,2024-12-09,23,2179,5.97,7.38,1578453.39,Retail,Mining,South,1,Active,High Value,29.52,Maintain engagement and encourage repeat purchases,270
C0250,43,74416923.4,2019-03-08,2024-12-20,12,2126,5.82,7.39,1730626.13,Government,Infrastructure,East,2,Active,High Value,29.52,Maintain engagement and encourage repeat purchases,271
C0377,37,68519191.2,2019-02-01,2024-12-07,25,2161,5.92,6.25,1851870.03,Dealer,Logistics,West,3,Active,High Value,29.51,Maintain engagement and encourage repeat purchases,272
C0269,41,61642030.4,2019-01-12,2024-11-22,40,2181,5.97,6.87,1503464.16,Government,Mining,South,1,Recently At Risk,Medium Value,29.47,Run targeted re-engagement campaign,273
C0073,32,56970903.6,2019-03-23,2024-11-12,50,2111,5.78,5.54,1780340.74,Corporate,Rental,North,4,Recently At Risk,Medium Value,29.42,Run targeted re-engagement campaign,274
C0368,31,51837532.8,2019-02-17,2024-11-01,61,2145,5.87,5.28,1672178.48,Fleet Owner,Construction,South,1,At Risk,Medium Value,29.36,Prioritize retention outreach and personalized offers,275
C0289,35,50221149.2,2019-02-07,2024-10-29,64,2155,5.9,5.93,1434889.98,Corporate,Logistics,South,2,At Risk,Medium Value,29.26,Prioritize retention outreach and personalized offers,276
C0218,36,44324901.0,2019-02-02,2024-10-16,77,2160,5.91,6.09,1231247.25,Fleet Owner,Construction,West,5,At Risk,Low Value,29.26,Prioritize retention outreach and personalized offers,277
C0455,35,63287015.4,2019-04-27,2024-11-27,35,2076,5.68,6.16,1808200.44,Retail,Logistics,Central,1,Recently At Risk,Medium Value,29.25,Run targeted re-engagement campaign,278
C0416,37,46006682.0,2019-01-05,2024-10-20,73,2188,5.99,6.18,1243423.84,Dealer,Manufacturing,South,2,At Risk,Low Value,29.21,Prioritize retention outreach and personalized offers,279
C0010,46,63051038.4,2019-01-23,2024-11-27,35,2170,5.94,7.74,1370674.75,Dealer,Construction,South,5,Recently At Risk,Medium Value,29.16,Run targeted re-engagement campaign,280
C0220,43,53467975.0,2019-01-19,2024-11-06,56,2174,5.95,7.22,1243441.28,Government,Infrastructure,Central,2,Recently At Risk,Medium Value,29.13,Run targeted re-engagement campaign,281
C0290,40,57372288.2,2019-03-04,2024-11-15,47,2130,5.83,6.86,1434307.2,Corporate,Construction,West,3,Recently At Risk,Medium Value,29.06,Run targeted re-engagement campaign,282
C0497,30,51439335.2,2019-06-12,2024-11-02,60,2030,5.56,5.4,1714644.51,Government,Logistics,South,3,Recently At Risk,Medium Value,29.04,Run targeted re-engagement campaign,283
C0363,32,53560072.2,2019-05-10,2024-11-07,55,2063,5.65,5.67,1673752.26,Fleet Owner,Logistics,South,5,Recently At Risk,Medium Value,28.99,Run targeted re-engagement campaign,284
C0211,42,59389779.2,2019-03-06,2024-11-20,42,2128,5.83,7.21,1414042.36,Fleet Owner,Manufacturing,South,1,Recently At Risk,Medium Value,28.97,Run targeted re-engagement campaign,285
C0374,41,68389697.6,2019-03-07,2024-12-10,22,2127,5.82,7.04,1668041.4,Corporate,Manufacturing,West,5,Active,High Value,28.96,Maintain engagement and encourage repeat purchases,286
C0425,41,67882732.6,2019-01-17,2024-12-09,23,2176,5.96,6.88,1655676.4,Dealer,Manufacturing,South,3,Active,High Value,28.94,Maintain engagement and encourage repeat purchases,287
C0357,28,57734552.2,2019-01-05,2024-11-17,45,2188,5.99,4.67,2061948.29,Corporate,Mining,West,2,Recently At Risk,Medium Value,28.86,Run targeted re-engagement campaign,288
C0039,38,62706510.2,2019-04-17,2024-11-28,34,2086,5.71,6.65,1650171.32,Fleet Owner,Rental,South,4,Recently At Risk,Medium Value,28.86,Run targeted re-engagement campaign,289
C0448,36,68495840.4,2019-03-13,2024-12-11,21,2121,5.81,6.2,1902662.23,Fleet Owner,Logistics,East,4,Active,High Value,28.83,Maintain engagement and encourage repeat purchases,290
C0063,38,72065344.4,2019-02-28,2024-12-19,13,2134,5.84,6.5,1896456.43,Retail,Rental,North,5,Active,High Value,28.81,Maintain engagement and encourage repeat purchases,291
C0457,33,56578805.4,2019-01-13,2024-11-15,47,2180,5.97,5.53,1714509.25,Retail,Manufacturing,East,4,Recently At Risk,Medium Value,28.77,Run targeted re-engagement campaign,292
C0086,29,59655682.6,2019-01-12,2024-11-22,40,2181,5.97,4.86,2057092.5,Retail,Construction,West,3,Recently At Risk,Medium Value,28.74,Run targeted re-engagement campaign,293
C0499,39,62785837.0,2019-01-18,2024-11-29,33,2175,5.95,6.55,1609893.26,Corporate,Construction,East,5,Recently At Risk,Medium Value,28.73,Run targeted re-engagement campaign,294
C0215,49,73940925.4,2019-02-28,2024-12-24,8,2134,5.84,8.39,1508998.48,Corporate,Rental,South,5,Active,High Value,28.67,Maintain engagement and encourage repeat purchases,295
C0387,34,47133318.0,2019-01-02,2024-10-26,67,2191,6.0,5.67,1386274.06,Dealer,Infrastructure,East,4,At Risk,Low Value,28.62,Prioritize retention outreach and personalized offers,296
C0140,37,60136648.6,2019-03-18,2024-11-24,38,2116,5.79,6.39,1625314.83,Retail,Logistics,West,3,Recently At Risk,Medium Value,28.58,Run targeted re-engagement campaign,297
C0478,44,75901402.2,2019-02-04,2024-12-29,3,2158,5.91,7.45,1725031.87,Retail,Rental,North,1,Active,High Value,28.56,Maintain engagement and encourage repeat purchases,298
C0016,35,70872336.2,2019-01-18,2024-12-18,14,2175,5.95,5.88,2024923.89,Government,Rental,East,4,Active,High Value,28.54,Maintain engagement and encourage repeat purchases,299
C0306,42,69813587.0,2019-07-19,2024-12-16,16,1993,5.46,7.7,1662228.26,Fleet Owner,Manufacturing,East,1,Active,High Value,28.48,Maintain engagement and encourage repeat purchases,300
C0020,37,42586254.6,2019-01-26,2024-10-17,76,2167,5.93,6.24,1150979.85,Dealer,Logistics,East,3,At Risk,Low Value,28.45,Prioritize retention outreach and personalized offers,301
C0325,30,52920013.4,2019-03-03,2024-11-09,53,2131,5.83,5.14,1764000.45,Corporate,Rental,East,3,Recently At Risk,Medium Value,28.42,Run targeted re-engagement campaign,302
C0184,29,61479056.4,2019-03-12,2024-11-28,34,2122,5.81,4.99,2119967.46,Retail,Rental,South,3,Recently At Risk,Medium Value,28.41,Run targeted re-engagement campaign,303
C0333,39,63220923.0,2019-01-09,2024-12-02,30,2184,5.98,6.52,1621049.31,Corporate,Mining,South,3,Active,Medium Value,28.39,Maintain engagement and encourage repeat purchases,304
C0001,34,55019747.4,2019-01-26,2024-11-15,47,2167,5.93,5.73,1618227.86,Retail,Construction,East,4,Recently At Risk,Medium Value,28.2,Run targeted re-engagement campaign,305
C0037,36,45505928.0,2019-06-12,2024-10-25,68,2030,5.56,6.48,1264053.56,Corporate,Construction,West,1,At Risk,Low Value,28.19,Prioritize retention outreach and personalized offers,306
C0340,35,63532821.6,2019-01-05,2024-12-04,28,2188,5.99,5.84,1815223.47,Government,Mining,South,3,Active,Medium Value,28.17,Maintain engagement and encourage repeat purchases,307
C0479,26,37716131.0,2019-02-22,2024-10-08,85,2140,5.86,4.44,1450620.42,Retail,Construction,West,1,At Risk,Low Value,28.15,Prioritize retention outreach and personalized offers,308
C0231,32,51646725.4,2019-02-21,2024-11-08,54,2141,5.86,5.46,1613960.17,Government,Infrastructure,West,4,Recently At Risk,Medium Value,28.12,Run targeted re-engagement campaign,309
C0035,38,53340276.8,2019-01-07,2024-11-12,50,2186,5.98,6.35,1403691.49,Dealer,Infrastructure,Central,4,Recently At Risk,Medium Value,28.08,Run targeted re-engagement campaign,310
C0346,39,54686860.8,2019-01-21,2024-11-15,47,2172,5.95,6.56,1402227.2,Retail,Construction,East,3,Recently At Risk,Medium Value,28.07,Run targeted re-engagement campaign,311
C0396,38,64506474.4,2019-01-14,2024-12-07,25,2179,5.97,6.37,1697538.8,Government,Manufacturing,West,2,Active,Medium Value,28.03,Maintain engagement and encourage repeat purchases,312
C0410,39,59804309.8,2019-03-03,2024-11-27,35,2131,5.83,6.68,1533443.84,Corporate,Mining,South,4,Recently At Risk,Medium Value,27.96,Run targeted re-engagement campaign,313
C0331,42,67826105.8,2019-04-12,2024-12-15,17,2091,5.72,7.34,1614907.28,Dealer,Logistics,North,2,Active,High Value,27.92,Maintain engagement and encourage repeat purchases,314
C0128,33,69172996.2,2019-01-02,2024-12-18,14,2191,6.0,5.5,2096151.4,Retail,Mining,West,1,Active,High Value,27.91,Maintain engagement and encourage repeat purchases,315
C0011,41,57187490.8,2019-01-03,2024-11-22,40,2190,6.0,6.84,1394816.85,Retail,Infrastructure,West,4,Recently At Risk,Medium Value,27.83,Run targeted re-engagement campaign,316
C0449,32,55700286.8,2019-07-19,2024-11-19,43,1993,5.46,5.86,1740633.96,Fleet Owner,Logistics,West,3,Recently At Risk,Medium Value,27.78,Run targeted re-engagement campaign,317
C0386,32,48819152.6,2019-04-23,2024-11-04,58,2080,5.69,5.62,1525598.52,Retail,Construction,North,4,Recently At Risk,Low Value,27.74,Run targeted re-engagement campaign,318
C0234,29,72295152.4,2019-01-09,2024-12-26,6,2184,5.98,4.85,2492936.29,Corporate,Infrastructure,West,2,Active,High Value,27.73,Maintain engagement and encourage repeat purchases,319
C0360,31,54662201.0,2019-05-25,2024-11-17,45,2048,5.61,5.53,1763296.81,Dealer,Construction,West,5,Recently At Risk,Medium Value,27.73,Run targeted re-engagement campaign,320
C0328,37,62646507.6,2019-01-03,2024-12-05,27,2190,6.0,6.17,1693148.85,Government,Rental,East,4,Active,Medium Value,27.67,Maintain engagement and encourage repeat purchases,321
C0469,40,68502617.4,2019-01-04,2024-12-18,14,2189,5.99,6.67,1712565.44,Government,Manufacturing,North,1,Active,High Value,27.66,Maintain engagement and encourage repeat purchases,322
C0191,29,65787839.8,2019-02-03,2024-12-12,20,2159,5.91,4.91,2268546.2,Corporate,Manufacturing,South,2,Active,Medium Value,27.66,Maintain engagement and encourage repeat purchases,323
C0239,32,44962159.0,2019-10-11,2024-10-27,66,1909,5.23,6.12,1405067.47,Government,Logistics,South,4,At Risk,Low Value,27.65,Prioritize retention outreach and personalized offers,324
C0261,33,62999554.6,2019-05-06,2024-12-06,26,2067,5.66,5.83,1909077.41,Dealer,Manufacturing,North,5,Active,Medium Value,27.64,Maintain engagement and encourage repeat purchases,325
C0397,36,56279511.4,2019-02-11,2024-11-22,40,2151,5.89,6.11,1563319.76,Fleet Owner,Mining,West,3,Recently At Risk,Medium Value,27.49,Run targeted re-engagement campaign,326
C0364,32,54408370.8,2019-03-14,2024-11-18,44,2120,5.8,5.51,1700261.59,Government,Infrastructure,East,5,Recently At Risk,Medium Value,27.47,Run targeted re-engagement campaign,327
C0149,38,65235052.4,2019-02-28,2024-12-12,20,2134,5.84,6.5,1716711.91,Government,Manufacturing,West,3,Active,Medium Value,27.46,Maintain engagement and encourage repeat purchases,328
C0366,26,43711261.8,2019-03-09,2024-10-26,67,2125,5.82,4.47,1681202.38,Corporate,Logistics,East,4,At Risk,Low Value,27.36,Prioritize retention outreach and personalized offers,329
C0122,31,48051119.4,2019-01-12,2024-11-05,57,2181,5.97,5.19,1550036.11,Dealer,Rental,North East,2,Recently At Risk,Low Value,27.29,Run targeted re-engagement campaign,330
C0284,41,69641823.4,2019-01-09,2024-12-23,9,2184,5.98,6.86,1698581.06,Corporate,Manufacturing,East,1,Active,High Value,27.25,Maintain engagement and encourage repeat purchases,331
C0270,43,68114112.8,2019-03-27,2024-12-20,12,2107,5.77,7.45,1584049.13,Corporate,Manufacturing,North,2,Active,High Value,27.19,Maintain engagement and encourage repeat purchases,332
C0105,41,57202879.8,2019-05-25,2024-11-26,36,2048,5.61,7.31,1395192.19,Government,Logistics,North,4,Recently At Risk,Medium Value,27.16,Run targeted re-engagement campaign,333
C0453,31,59284873.8,2019-05-25,2024-12-01,31,2048,5.61,5.53,1912415.28,Dealer,Mining,East,3,Recently At Risk,Medium Value,27.1,Run targeted re-engagement campaign,334
C0369,40,64656844.2,2019-01-26,2024-12-13,19,2167,5.93,6.74,1616421.1,Government,Manufacturing,West,1,Active,Medium Value,27.08,Maintain engagement and encourage repeat purchases,335
C0203,35,53777085.6,2019-02-25,2024-11-19,43,2137,5.85,5.98,1536488.16,Government,Manufacturing,West,1,Recently At Risk,Medium Value,27.07,Run targeted re-engagement campaign,336
C0205,33,51965845.0,2019-02-07,2024-11-15,47,2155,5.9,5.59,1574722.58,Retail,Construction,North,2,Recently At Risk,Medium Value,27.07,Run targeted re-engagement campaign,337
C0003,38,44728031.8,2019-04-05,2024-10-30,63,2098,5.74,6.62,1177053.47,Government,Logistics,West,2,At Risk,Low Value,27.06,Prioritize retention outreach and personalized offers,338
C0172,37,57323600.2,2019-08-18,2024-11-27,35,1963,5.37,6.88,1549286.49,Dealer,Manufacturing,South,1,Recently At Risk,Medium Value,27.04,Run targeted re-engagement campaign,339
C0474,30,48230361.0,2019-01-11,2024-11-07,55,2182,5.97,5.02,1607678.7,Government,Logistics,West,3,Recently At Risk,Low Value,27.02,Run targeted re-engagement campaign,340
C0282,44,69381309.6,2019-01-17,2024-12-24,8,2176,5.96,7.39,1576847.95,Government,Logistics,East,2,Active,High Value,26.99,Maintain engagement and encourage repeat purchases,341
C0327,43,61017008.6,2019-02-01,2024-12-06,26,2161,5.92,7.27,1419000.2,Retail,Mining,West,1,Active,Medium Value,26.9,Maintain engagement and encourage repeat purchases,342
C0493,38,54684935.2,2019-02-18,2024-11-22,40,2144,5.87,6.47,1439077.24,Retail,Construction,South,3,Recently At Risk,Medium Value,26.9,Run targeted re-engagement campaign,343
C0038,36,57808311.2,2019-01-08,2024-11-29,33,2185,5.98,6.02,1605786.42,Fleet Owner,Rental,North,1,Recently At Risk,Medium Value,26.89,Run targeted re-engagement campaign,344
C0472,34,54888819.4,2019-04-29,2024-11-23,39,2074,5.68,5.99,1614377.04,Dealer,Manufacturing,South,4,Recently At Risk,Medium Value,26.81,Run targeted re-engagement campaign,345
C0093,36,57944235.8,2019-02-13,2024-12-01,31,2149,5.88,6.12,1609562.11,Dealer,Manufacturing,South,2,Recently At Risk,Medium Value,26.6,Run targeted re-engagement campaign,346
C0379,41,64194052.6,2019-03-29,2024-12-15,17,2105,5.76,7.11,1565708.6,Retail,Mining,West,3,Active,Medium Value,26.57,Maintain engagement and encourage repeat purchases,347
C0484,27,48200851.6,2019-01-30,2024-11-10,52,2163,5.92,4.56,1785216.73,Fleet Owner,Mining,West,1,Recently At Risk,Low Value,26.51,Run targeted re-engagement campaign,348
C0054,37,63424926.8,2019-01-31,2024-12-14,18,2162,5.92,6.25,1714187.21,Fleet Owner,Manufacturing,South,2,Active,Medium Value,26.46,Maintain engagement and encourage repeat purchases,349
C0120,34,50313583.0,2019-01-02,2024-11-15,47,2191,6.0,5.67,1479811.26,Fleet Owner,Construction,South,5,Recently At Risk,Medium Value,26.46,Run targeted re-engagement campaign,350
C0378,35,50644577.2,2019-01-19,2024-11-16,46,2174,5.95,5.88,1446987.92,Retail,Manufacturing,North,4,Recently At Risk,Medium Value,26.41,Run targeted re-engagement campaign,351
C0398,35,57843305.6,2019-09-10,2024-12-02,30,1940,5.31,6.59,1652665.87,Government,Rental,South,5,Active,Medium Value,26.4,Maintain engagement and encourage repeat purchases,352
C0187,30,46901016.0,2019-05-02,2024-11-08,54,2071,5.67,5.29,1563367.2,Retail,Rental,North,1,Recently At Risk,Low Value,26.36,Run targeted re-engagement campaign,353
C0319,33,60426895.0,2019-05-16,2024-12-08,24,2057,5.63,5.86,1831118.03,Dealer,Mining,South,5,Active,Medium Value,26.35,Maintain engagement and encourage repeat purchases,354
C0245,33,56554752.6,2019-01-01,2024-11-30,32,2192,6.0,5.5,1713780.38,Dealer,Logistics,South,2,Recently At Risk,Medium Value,26.26,Run targeted re-engagement campaign,355
C0287,36,55179366.6,2019-03-22,2024-11-27,35,2112,5.78,6.23,1532760.18,Dealer,Manufacturing,South,4,Recently At Risk,Medium Value,26.25,Run targeted re-engagement campaign,356
C0018,31,49286607.8,2019-06-10,2024-11-14,48,2032,5.56,5.57,1589890.57,Retail,Construction,West,2,Recently At Risk,Medium Value,26.24,Run targeted re-engagement campaign,357
C0423,30,46894840.4,2019-02-25,2024-11-09,53,2137,5.85,5.13,1563161.35,Dealer,Infrastructure,South,3,Recently At Risk,Low Value,26.19,Run targeted re-engagement campaign,358
C0353,27,31979908.6,2019-01-16,2024-10-08,85,2177,5.96,4.53,1184441.06,Dealer,Manufacturing,North,1,At Risk,Low Value,26.03,Prioritize retention outreach and personalized offers,359
C0168,34,64028787.0,2019-06-02,2024-12-18,14,2040,5.59,6.09,1883199.62,Dealer,Infrastructure,West,1,Active,Medium Value,26.01,Maintain engagement and encourage repeat purchases,360
C0426,35,57207251.0,2019-02-20,2024-12-03,29,2142,5.86,5.97,1634492.89,Dealer,Infrastructure,North East,1,Active,Medium Value,26.0,Maintain engagement and encourage repeat purchases,361
C0395,44,64514679.8,2019-02-21,2024-12-20,12,2141,5.86,7.51,1466242.72,Corporate,Manufacturing,East,1,Active,Medium Value,25.86,Maintain engagement and encourage repeat purchases,362
C0044,34,49589458.0,2019-01-05,2024-11-17,45,2188,5.99,5.68,1458513.47,Government,Mining,West,4,Recently At Risk,Medium Value,25.85,Run targeted re-engagement campaign,363
C0338,33,52210070.0,2019-02-01,2024-11-23,39,2161,5.92,5.58,1582123.33,Corporate,Rental,West,4,Recently At Risk,Medium Value,25.82,Run targeted re-engagement campaign,364
C0210,30,53509817.8,2019-02-20,2024-11-26,36,2142,5.86,5.12,1783660.59,Retail,Infrastructure,West,2,Recently At Risk,Medium Value,25.8,Run targeted re-engagement campaign,365
C0301,46,63821535.6,2019-01-13,2024-12-19,13,2180,5.97,7.71,1387424.69,Dealer,Mining,East,5,Active,Medium Value,25.77,Maintain engagement and encourage repeat purchases,366
C0345,40,50444735.6,2019-02-21,2024-11-20,42,2141,5.86,6.82,1261118.39,Retail,Infrastructure,West,2,Recently At Risk,Medium Value,25.67,Run targeted re-engagement campaign,367
C0427,41,53149424.2,2019-02-07,2024-11-26,36,2155,5.9,6.95,1296327.42,Corporate,Mining,West,3,Recently At Risk,Medium Value,25.67,Run targeted re-engagement campaign,368
C0376,29,52106248.6,2019-07-01,2024-11-24,38,2011,5.51,5.27,1796767.19,Retail,Construction,North,5,Recently At Risk,Medium Value,25.61,Run targeted re-engagement campaign,369
C0068,39,57372766.4,2019-03-11,2024-12-06,26,2123,5.81,6.71,1471096.57,Retail,Mining,North,1,Active,Medium Value,25.56,Maintain engagement and encourage repeat purchases,370
C0418,30,47167025.6,2019-03-18,2024-11-14,48,2116,5.79,5.18,1572234.19,Government,Mining,West,4,Recently At Risk,Low Value,25.46,Run targeted re-engagement campaign,371
C0089,37,47111014.0,2019-01-02,2024-11-14,48,2191,6.0,6.17,1273270.65,Corporate,Rental,West,4,Recently At Risk,Low Value,25.44,Run targeted re-engagement campaign,372
C0065,36,59751563.6,2019-01-07,2024-12-12,20,2186,5.98,6.02,1659765.66,Corporate,Mining,West,4,Active,Medium Value,25.43,Maintain engagement and encourage repeat purchases,373
C0259,33,60202150.6,2019-02-02,2024-12-13,19,2160,5.91,5.58,1824307.59,Fleet Owner,Logistics,South,1,Active,Medium Value,25.43,Maintain engagement and encourage repeat purchases,374
C0276,44,67350598.6,2019-01-08,2024-12-29,3,2185,5.98,7.36,1530695.42,Dealer,Manufacturing,Central,3,Active,High Value,25.4,Maintain engagement and encourage repeat purchases,375
C0055,32,59056095.2,2019-04-01,2024-12-11,21,2102,5.75,5.56,1845502.98,Dealer,Construction,North,1,Active,Medium Value,25.34,Maintain engagement and encourage repeat purchases,376
C0315,40,61457629.4,2019-01-09,2024-12-17,15,2184,5.98,6.69,1536440.74,Dealer,Rental,West,4,Active,Medium Value,25.23,Maintain engagement and encourage repeat purchases,377
C0136,37,45774176.2,2019-03-23,2024-11-13,49,2111,5.78,6.4,1237139.9,Dealer,Mining,West,3,Recently At Risk,Low Value,25.11,Run targeted re-engagement campaign,378
C0164,36,45625652.8,2019-01-11,2024-11-13,49,2182,5.97,6.03,1267379.24,Government,Construction,North,4,Recently At Risk,Low Value,25.06,Run targeted re-engagement campaign,379
C0217,36,61360958.2,2019-01-19,2024-12-18,14,2174,5.95,6.05,1704471.06,Corporate,Infrastructure,North,5,Active,Medium Value,25.02,Maintain engagement and encourage repeat purchases,380
C0332,35,44566684.4,2019-01-19,2024-11-11,51,2174,5.95,5.88,1273333.84,Corporate,Mining,South,1,Recently At Risk,Low Value,25.0,Run targeted re-engagement campaign,381
C0302,36,63607092.0,2019-02-05,2024-12-24,8,2157,5.91,6.1,1766863.67,Fleet Owner,Mining,West,1,Active,Medium Value,24.85,Maintain engagement and encourage repeat purchases,382
C0326,42,66177447.4,2019-03-14,2024-12-30,2,2120,5.8,7.24,1575653.51,Government,Mining,East,4,Active,Medium Value,24.8,Maintain engagement and encourage repeat purchases,383
C0329,36,64307436.8,2019-01-03,2024-12-26,6,2190,6.0,6.0,1786317.69,Dealer,Infrastructure,Central,1,Active,Medium Value,24.78,Maintain engagement and encourage repeat purchases,384
C0414,40,66316815.6,2019-02-16,2024-12-31,1,2146,5.88,6.81,1657920.39,Dealer,Construction,South,4,Active,Medium Value,24.68,Maintain engagement and encourage repeat purchases,385
C0456,27,31514609.0,2019-02-23,2024-10-16,77,2139,5.86,4.61,1167207.74,Corporate,Mining,North,4,At Risk,Low Value,24.52,Prioritize retention outreach and personalized offers,386
C0285,47,54036327.8,2019-02-11,2024-12-05,27,2151,5.89,7.98,1149709.1,Government,Infrastructure,West,4,Active,Medium Value,24.49,Maintain engagement and encourage repeat purchases,387
C0052,35,56612172.2,2019-02-12,2024-12-11,21,2150,5.89,5.95,1617490.63,Government,Manufacturing,North East,2,Active,Medium Value,24.44,Maintain engagement and encourage repeat purchases,388
C0222,41,57177978.6,2019-01-30,2024-12-13,19,2163,5.92,6.92,1394584.84,Fleet Owner,Logistics,North,5,Active,Medium Value,24.31,Maintain engagement and encourage repeat purchases,389
C0298,33,46771231.0,2019-01-05,2024-11-20,42,2188,5.99,5.51,1417310.03,Fleet Owner,Construction,South,4,Recently At Risk,Low Value,24.31,Run targeted re-engagement campaign,390
C0138,34,62582651.4,2019-01-10,2024-12-25,7,2183,5.98,5.69,1840666.22,Corporate,Mining,South,5,Active,Medium Value,24.31,Maintain engagement and encourage repeat purchases,391
C0480,34,48525468.6,2019-01-24,2024-11-24,38,2169,5.94,5.73,1427219.66,Government,Infrastructure,West,3,Recently At Risk,Low Value,24.29,Run targeted re-engagement campaign,392
C0150,30,41608958.8,2019-07-12,2024-11-09,53,2000,5.48,5.48,1386965.29,Fleet Owner,Manufacturing,West,5,Recently At Risk,Low Value,24.24,Run targeted re-engagement campaign,393
C0389,30,48796477.0,2019-04-04,2024-11-25,37,2099,5.75,5.22,1626549.23,Retail,Mining,West,5,Recently At Risk,Low Value,24.22,Run targeted re-engagement campaign,394
C0436,34,57784314.2,2019-02-01,2024-12-15,17,2161,5.92,5.75,1699538.65,Fleet Owner,Logistics,East,3,Active,Medium Value,24.2,Maintain engagement and encourage repeat purchases,395
C0447,33,61334243.8,2019-05-16,2024-12-23,9,2057,5.63,5.86,1858613.45,Fleet Owner,Rental,East,2,Active,Medium Value,24.18,Maintain engagement and encourage repeat purchases,396
C0139,29,37337910.0,2019-03-13,2024-10-31,62,2121,5.81,4.99,1287514.14,Government,Mining,West,2,At Risk,Low Value,24.17,Prioritize retention outreach and personalized offers,397
C0148,35,54884128.4,2019-01-28,2024-12-09,23,2165,5.93,5.9,1568117.95,Government,Construction,South,4,Active,Medium Value,24.13,Maintain engagement and encourage repeat purchases,398
C0355,32,58903770.4,2019-01-03,2024-12-18,14,2190,6.0,5.34,1840742.82,Government,Infrastructure,South,4,Active,Medium Value,24.12,Maintain engagement and encourage repeat purchases,399
C0077,34,57865492.6,2019-02-05,2024-12-16,16,2157,5.91,5.76,1701926.25,Corporate,Mining,North,1,Active,Medium Value,24.07,Maintain engagement and encourage repeat purchases,400
C0219,39,59976015.0,2019-01-09,2024-12-21,11,2184,5.98,6.52,1537846.54,Government,Manufacturing,West,2,Active,Medium Value,24.01,Maintain engagement and encourage repeat purchases,401
C0050,27,56151044.8,2019-01-11,2024-12-14,18,2182,5.97,4.52,2079668.33,Dealer,Mining,East,3,Active,Medium Value,23.77,Maintain engagement and encourage repeat purchases,402
C0017,39,59194497.0,2019-01-31,2024-12-21,11,2162,5.92,6.59,1517807.62,Government,Infrastructure,South,1,Active,Medium Value,23.72,Maintain engagement and encourage repeat purchases,403
C0305,31,48238808.8,2019-05-16,2024-11-27,35,2057,5.63,5.5,1556090.61,Fleet Owner,Logistics,North,3,Recently At Risk,Low Value,23.68,Run targeted re-engagement campaign,404
C0494,32,48287535.6,2019-02-25,2024-11-28,34,2137,5.85,5.47,1508985.49,Corporate,Construction,East,2,Recently At Risk,Low Value,23.53,Run targeted re-engagement campaign,405
C0454,33,41820500.6,2019-02-08,2024-11-14,48,2154,5.9,5.6,1267287.9,Government,Mining,West,3,Recently At Risk,Low Value,23.48,Run targeted re-engagement campaign,406
C0352,30,40262666.2,2019-02-23,2024-11-11,51,2139,5.86,5.12,1342088.87,Corporate,Mining,South,1,Recently At Risk,Low Value,23.41,Run targeted re-engagement campaign,407
C0473,26,42018356.8,2019-03-04,2024-11-15,47,2130,5.83,4.46,1616090.65,Government,Rental,South,3,Recently At Risk,Low Value,23.39,Run targeted re-engagement campaign,408
C0007,31,36509378.2,2019-05-08,2024-11-03,59,2065,5.65,5.48,1177721.88,Corporate,Manufacturing,West,4,Recently At Risk,Low Value,23.36,Run targeted re-engagement campaign,409
C0111,33,55916542.2,2019-04-09,2024-12-16,16,2094,5.73,5.76,1694440.67,Corporate,Construction,South,3,Active,Medium Value,23.35,Maintain engagement and encourage repeat purchases,410
C0079,31,47175266.2,2019-01-25,2024-11-28,34,2168,5.94,5.22,1521782.78,Retail,Rental,North,5,Recently At Risk,Low Value,23.12,Run targeted re-engagement campaign,411
C0399,39,59287998.0,2019-01-03,2024-12-25,7,2190,6.0,6.5,1520205.08,Fleet Owner,Rental,South,3,Active,Medium Value,23.09,Maintain engagement and encourage repeat purchases,412
C0098,35,56088743.0,2019-03-14,2024-12-18,14,2120,5.8,6.03,1602535.51,Corporate,Mining,East,1,Active,Medium Value,23.07,Maintain engagement and encourage repeat purchases,413
C0382,33,42929317.0,2019-04-17,2024-11-19,43,2086,5.71,5.78,1300888.39,Retail,Manufacturing,South,3,Recently At Risk,Low Value,23.06,Run targeted re-engagement campaign,414
C0057,32,49701788.6,2019-03-20,2024-12-04,28,2114,5.79,5.53,1553180.89,Retail,Logistics,East,3,Active,Medium Value,23.05,Maintain engagement and encourage repeat purchases,415
C0059,32,56859509.4,2019-01-21,2024-12-20,12,2172,5.95,5.38,1776859.67,Retail,Manufacturing,South,3,Active,Medium Value,23.03,Maintain engagement and encourage repeat purchases,416
C0026,36,60554977.0,2019-01-09,2024-12-29,3,2184,5.98,6.02,1682082.69,Fleet Owner,Mining,North,5,Active,Medium Value,22.89,Maintain engagement and encourage repeat purchases,417
C0146,30,61245406.2,2019-01-20,2024-12-31,1,2173,5.95,5.04,2041513.54,Retail,Mining,West,3,Active,Medium Value,22.81,Maintain engagement and encourage repeat purchases,418
C0286,36,60273490.2,2019-01-06,2024-12-29,3,2187,5.99,6.01,1674263.62,Dealer,Construction,South,2,Active,Medium Value,22.78,Maintain engagement and encourage repeat purchases,419
C0391,33,47080496.4,2019-01-14,2024-11-30,32,2179,5.97,5.53,1426681.71,Government,Construction,West,3,Recently At Risk,Low Value,22.75,Run targeted re-engagement campaign,420
C0004,46,60843242.8,2019-03-21,2024-12-31,1,2113,5.79,7.95,1322679.19,Fleet Owner,Logistics,South,3,Active,Medium Value,22.66,Maintain engagement and encourage repeat purchases,421
C0273,37,60830001.0,2019-05-04,2024-12-31,1,2069,5.66,6.53,1644054.08,Dealer,Manufacturing,East,1,Active,Medium Value,22.66,Maintain engagement and encourage repeat purchases,422
C0121,34,47029566.2,2019-01-22,2024-12-01,31,2171,5.94,5.72,1383222.54,Government,Construction,West,2,Recently At Risk,Low Value,22.57,Run targeted re-engagement campaign,423
C0481,39,60397194.2,2019-01-03,2024-12-31,1,2190,6.0,6.5,1548646.01,Corporate,Logistics,South,5,Active,Medium Value,22.5,Maintain engagement and encourage repeat purchases,424
C0181,36,53087081.0,2019-04-13,2024-12-15,17,2090,5.72,6.29,1474641.14,Government,Construction,West,5,Active,Medium Value,22.47,Maintain engagement and encourage repeat purchases,425
C0023,32,58217713.2,2019-01-05,2024-12-27,5,2188,5.99,5.34,1819303.54,Corporate,Mining,South,2,Active,Medium Value,22.36,Maintain engagement and encourage repeat purchases,426
C0058,40,56831525.0,2019-01-23,2024-12-24,8,2170,5.94,6.73,1420788.12,Retail,Infrastructure,West,3,Active,Medium Value,22.35,Maintain engagement and encourage repeat purchases,427
C0081,37,56355210.0,2019-01-03,2024-12-23,9,2190,6.0,6.17,1523113.78,Corporate,Rental,West,1,Active,Medium Value,22.34,Maintain engagement and encourage repeat purchases,428
C0028,29,38208624.0,2019-01-22,2024-11-13,49,2171,5.94,4.88,1317538.76,Retail,Infrastructure,South,3,Recently At Risk,Low Value,22.31,Run targeted re-engagement campaign,429
C0112,33,46248326.6,2019-02-27,2024-12-01,31,2135,5.85,5.65,1401464.44,Fleet Owner,Mining,South,2,Recently At Risk,Low Value,22.28,Run targeted re-engagement campaign,430
C0278,38,47107787.2,2019-08-12,2024-12-03,29,1969,5.39,7.05,1239678.61,Fleet Owner,Logistics,West,4,Active,Low Value,22.26,Maintain engagement and encourage repeat purchases,431
C0370,36,53881174.6,2019-02-18,2024-12-18,14,2144,5.87,6.13,1496699.29,Corporate,Infrastructure,East,4,Active,Medium Value,22.26,Maintain engagement and encourage repeat purchases,432
C0354,37,56690884.8,2019-01-06,2024-12-25,7,2187,5.99,6.18,1532186.08,Corporate,Logistics,South,2,Active,Medium Value,22.13,Maintain engagement and encourage repeat purchases,433
C0115,29,44357793.6,2019-05-07,2024-11-28,34,2066,5.66,5.13,1529579.09,Fleet Owner,Mining,South,5,Recently At Risk,Low Value,22.08,Run targeted re-engagement campaign,434
C0072,26,55369763.0,2019-06-15,2024-12-23,9,2027,5.55,4.69,2129606.27,Government,Logistics,West,3,Active,Medium Value,21.97,Maintain engagement and encourage repeat purchases,435
C0308,33,50359329.6,2019-02-19,2024-12-12,20,2143,5.87,5.62,1526040.29,Retail,Mining,North,3,Active,Medium Value,21.96,Maintain engagement and encourage repeat purchases,436
C0229,28,44419985.8,2019-05-15,2024-11-29,33,2058,5.63,4.97,1586428.06,Government,Mining,East,3,Recently At Risk,Low Value,21.94,Run targeted re-engagement campaign,437
C0099,44,56469516.0,2019-01-10,2024-12-26,6,2183,5.98,7.36,1283398.09,Fleet Owner,Rental,South,4,Active,Medium Value,21.88,Maintain engagement and encourage repeat purchases,438
C0445,28,57177744.4,2019-04-04,2024-12-28,4,2099,5.75,4.87,2042062.3,Government,Mining,East,2,Active,Medium Value,21.81,Maintain engagement and encourage repeat purchases,439
C0232,37,57544368.0,2019-01-24,2024-12-29,3,2169,5.94,6.23,1555253.19,Government,Mining,South,1,Active,Medium Value,21.77,Maintain engagement and encourage repeat purchases,440
C0040,43,53757984.6,2019-02-23,2024-12-21,11,2139,5.86,7.34,1250185.69,Government,Logistics,North,2,Active,Medium Value,21.71,Maintain engagement and encourage repeat purchases,441
C0195,31,56797913.6,2019-02-15,2024-12-28,4,2147,5.88,5.27,1832190.76,Fleet Owner,Logistics,East,2,Active,Medium Value,21.67,Maintain engagement and encourage repeat purchases,442
C0033,30,49354094.2,2019-03-05,2024-12-12,20,2129,5.83,5.15,1645136.47,Government,Mining,South,5,Active,Medium Value,21.59,Maintain engagement and encourage repeat purchases,443
C0095,29,55610118.2,2019-05-21,2024-12-26,6,2052,5.62,5.16,1917590.28,Fleet Owner,Logistics,West,3,Active,Medium Value,21.56,Maintain engagement and encourage repeat purchases,444
C0350,32,41227777.0,2019-05-03,2024-11-25,37,2070,5.67,5.65,1288368.03,Dealer,Logistics,North East,2,Recently At Risk,Low Value,21.43,Run targeted re-engagement campaign,445
C0279,26,35292218.0,2019-05-12,2024-11-12,50,2061,5.64,4.61,1357393.0,Dealer,Rental,West,4,Recently At Risk,Low Value,21.4,Run targeted re-engagement campaign,446
C0248,30,45208412.0,2019-01-10,2024-12-04,28,2183,5.98,5.02,1506947.07,Fleet Owner,Rental,West,5,Active,Low Value,21.39,Maintain engagement and encourage repeat purchases,447
C0407,38,54609453.4,2019-02-01,2024-12-25,7,2161,5.92,6.42,1437090.88,Dealer,Logistics,South,2,Active,Medium Value,21.36,Maintain engagement and encourage repeat purchases,448
C0190,35,56351528.4,2019-05-15,2024-12-29,3,2058,5.63,6.21,1610043.67,Retail,Manufacturing,North,1,Active,Medium Value,21.33,Maintain engagement and encourage repeat purchases,449
C0393,39,51240981.8,2019-03-27,2024-12-18,14,2107,5.77,6.76,1313871.33,Retail,Rental,East,3,Active,Medium Value,21.28,Maintain engagement and encourage repeat purchases,450
C0087,39,50370513.4,2019-01-22,2024-12-17,15,2171,5.94,6.56,1291551.63,Government,Logistics,South,3,Active,Medium Value,21.13,Maintain engagement and encourage repeat purchases,451
C0465,35,48083241.6,2019-03-12,2024-12-12,20,2122,5.81,6.02,1373806.9,Fleet Owner,Mining,South,1,Active,Low Value,21.12,Maintain engagement and encourage repeat purchases,452
C0027,39,54309976.4,2019-03-25,2024-12-26,6,2109,5.77,6.75,1392563.5,Fleet Owner,Logistics,West,1,Active,Medium Value,21.08,Maintain engagement and encourage repeat purchases,453
C0188,39,54387524.8,2019-03-04,2024-12-27,5,2130,5.83,6.69,1394551.92,Corporate,Logistics,West,4,Active,Medium Value,20.94,Maintain engagement and encourage repeat purchases,454
C0067,31,55575120.6,2019-05-29,2024-12-30,2,2044,5.6,5.54,1792745.83,Retail,Manufacturing,West,3,Active,Medium Value,20.88,Maintain engagement and encourage repeat purchases,455
C0157,34,55572804.4,2019-02-15,2024-12-30,2,2147,5.88,5.78,1634494.25,Dealer,Infrastructure,North,1,Active,Medium Value,20.88,Maintain engagement and encourage repeat purchases,456
C0500,27,44474866.6,2019-01-06,2024-12-07,25,2187,5.99,4.51,1647217.28,Corporate,Infrastructure,East,3,Active,Low Value,20.62,Maintain engagement and encourage repeat purchases,457
C0036,31,48929201.8,2019-06-26,2024-12-18,14,2016,5.52,5.62,1578361.35,Fleet Owner,Construction,East,2,Active,Low Value,20.43,Maintain engagement and encourage repeat purchases,458
C0151,27,39556960.6,2019-03-03,2024-11-28,34,2131,5.83,4.63,1465072.61,Government,Infrastructure,East,5,Recently At Risk,Low Value,20.31,Run targeted re-engagement campaign,459
C0323,36,50291498.8,2019-01-11,2024-12-22,10,2182,5.97,6.03,1396986.08,Government,Manufacturing,West,2,Active,Medium Value,20.26,Maintain engagement and encourage repeat purchases,460
C0097,26,47499351.2,2019-03-22,2024-12-16,16,2112,5.78,4.5,1826898.12,Corporate,Construction,West,5,Active,Low Value,20.23,Maintain engagement and encourage repeat purchases,461
C0320,34,53574056.6,2019-04-01,2024-12-30,2,2102,5.75,5.91,1575707.55,Retail,Construction,North,1,Active,Medium Value,20.14,Maintain engagement and encourage repeat purchases,462
C0271,24,37757473.8,2019-06-05,2024-11-26,36,2037,5.58,4.3,1573228.08,Corporate,Infrastructure,South,5,Recently At Risk,Low Value,19.98,Run targeted re-engagement campaign,463
C0214,31,50612095.0,2019-01-12,2024-12-26,6,2181,5.97,5.19,1632648.23,Corporate,Rental,West,4,Active,Medium Value,19.71,Maintain engagement and encourage repeat purchases,464
C0096,34,51986858.4,2019-01-02,2024-12-30,2,2191,6.0,5.67,1529025.25,Corporate,Construction,South,3,Active,Medium Value,19.55,Maintain engagement and encourage repeat purchases,465
C0159,34,49934036.2,2019-02-02,2024-12-26,6,2160,5.91,5.75,1468648.12,Dealer,Construction,South,3,Active,Medium Value,19.46,Maintain engagement and encourage repeat purchases,466
C0458,38,50799400.6,2019-07-09,2024-12-28,4,2003,5.48,6.93,1336826.33,Dealer,Manufacturing,West,4,Active,Medium Value,19.45,Maintain engagement and encourage repeat purchases,467
C0019,37,42528118.4,2019-01-19,2024-12-10,22,2174,5.95,6.22,1149408.61,Government,Logistics,East,5,Active,Low Value,19.4,Maintain engagement and encourage repeat purchases,468
C0243,28,42431751.6,2019-11-20,2024-12-10,22,1869,5.12,5.47,1515419.7,Government,Construction,North,3,Active,Low Value,19.36,Maintain engagement and encourage repeat purchases,469
C0167,31,50383279.4,2019-01-03,2024-12-28,4,2190,6.0,5.17,1625267.08,Retail,Mining,West,4,Active,Medium Value,19.29,Maintain engagement and encourage repeat purchases,470
C0439,36,47576062.0,2019-03-21,2024-12-22,10,2113,5.79,6.22,1321557.28,Dealer,Construction,South,5,Active,Low Value,19.26,Maintain engagement and encourage repeat purchases,471
C0118,32,41835680.2,2019-02-03,2024-12-10,22,2159,5.91,5.41,1307365.01,Retail,Rental,South,4,Active,Low Value,19.14,Maintain engagement and encourage repeat purchases,472
C0437,30,46199550.2,2019-02-09,2024-12-21,11,2153,5.89,5.09,1539985.01,Dealer,Mining,West,3,Active,Low Value,18.92,Maintain engagement and encourage repeat purchases,473
C0322,28,40996678.0,2019-04-10,2024-12-10,22,2093,5.73,4.89,1464167.07,Government,Construction,West,2,Active,Low Value,18.83,Maintain engagement and encourage repeat purchases,474
C0194,33,48202752.8,2019-04-15,2024-12-26,6,2088,5.72,5.77,1460689.48,Fleet Owner,Construction,South,1,Active,Low Value,18.82,Maintain engagement and encourage repeat purchases,475
C0074,39,50426138.6,2019-01-10,2024-12-31,1,2183,5.98,6.53,1292977.91,Fleet Owner,Infrastructure,East,5,Active,Medium Value,18.81,Maintain engagement and encourage repeat purchases,476
C0204,31,39880662.0,2019-05-20,2024-12-08,24,2053,5.62,5.52,1286472.97,Retail,Rental,South,2,Active,Low Value,18.75,Maintain engagement and encourage repeat purchases,477
C0496,37,48190097.0,2019-02-17,2024-12-27,5,2145,5.87,6.3,1302435.05,Government,Infrastructure,East,5,Active,Low Value,18.65,Maintain engagement and encourage repeat purchases,478
C0262,26,36628894.0,2019-02-26,2024-12-04,28,2136,5.85,4.45,1408803.62,Corporate,Logistics,North,4,Active,Low Value,18.22,Maintain engagement and encourage repeat purchases,479
C0404,31,46035794.4,2019-02-10,2024-12-26,6,2152,5.89,5.26,1485025.63,Government,Mining,West,5,Active,Low Value,18.02,Maintain engagement and encourage repeat purchases,480
C0147,30,44007572.2,2019-07-21,2024-12-22,10,1991,5.45,5.5,1466919.07,Dealer,Rental,North,5,Active,Low Value,17.94,Maintain engagement and encourage repeat purchases,481
C0388,27,39389408.6,2019-03-21,2024-12-12,20,2113,5.79,4.67,1458866.99,Fleet Owner,Infrastructure,West,5,Active,Low Value,17.9,Maintain engagement and encourage repeat purchases,482
C0155,31,41576324.2,2019-11-15,2024-12-17,15,1874,5.13,6.04,1341171.75,Fleet Owner,Mining,East,5,Active,Low Value,17.88,Maintain engagement and encourage repeat purchases,483
C0208,30,46904115.8,2019-01-20,2024-12-30,2,2173,5.95,5.04,1563470.53,Fleet Owner,Logistics,North,4,Active,Low Value,17.67,Maintain engagement and encourage repeat purchases,484
C0392,31,38571708.8,2019-02-11,2024-12-12,20,2151,5.89,5.26,1244248.67,Fleet Owner,Logistics,East,2,Active,Low Value,17.6,Maintain engagement and encourage repeat purchases,485
C0014,27,41523847.6,2019-03-05,2024-12-21,11,2129,5.83,4.63,1537920.28,Fleet Owner,Construction,East,2,Active,Low Value,17.19,Maintain engagement and encourage repeat purchases,486
C0303,27,32465859.6,2019-04-05,2024-12-01,31,2098,5.74,4.7,1202439.24,Corporate,Mining,West,3,Recently At Risk,Low Value,17.18,Run targeted re-engagement campaign,487
C0317,32,43291415.2,2019-01-17,2024-12-25,7,2176,5.96,5.37,1352856.72,Corporate,Manufacturing,South,3,Active,Low Value,17.17,Maintain engagement and encourage repeat purchases,488
C0309,31,38065991.6,2019-03-04,2024-12-17,15,2130,5.83,5.32,1227935.21,Government,Manufacturing,West,4,Active,Low Value,16.58,Maintain engagement and encourage repeat purchases,489
C0183,27,32313901.0,2019-02-03,2024-12-05,27,2159,5.91,4.57,1196811.15,Government,Mining,West,4,Active,Low Value,16.46,Maintain engagement and encourage repeat purchases,490
C0170,27,38882680.4,2019-03-21,2024-12-20,12,2113,5.79,4.67,1440099.27,Government,Construction,South,4,Active,Low Value,16.38,Maintain engagement and encourage repeat purchases,491
C0104,34,42120081.4,2019-04-06,2024-12-30,2,2097,5.74,5.92,1238825.92,Fleet Owner,Infrastructure,South,1,Active,Low Value,15.91,Maintain engagement and encourage repeat purchases,492
C0174,29,29793255.0,2019-01-11,2024-12-03,29,2182,5.97,4.85,1027353.62,Government,Mining,West,2,Active,Low Value,15.86,Maintain engagement and encourage repeat purchases,493
C0452,35,40090449.2,2019-03-05,2024-12-27,5,2129,5.83,6.0,1145441.41,Fleet Owner,Mining,South,1,Active,Low Value,15.66,Maintain engagement and encourage repeat purchases,494
C0125,30,31904862.6,2019-02-17,2024-12-09,23,2145,5.87,5.11,1063495.42,Government,Mining,West,4,Active,Low Value,15.64,Maintain engagement and encourage repeat purchases,495
C0180,27,30093537.8,2019-01-04,2024-12-10,22,2189,5.99,4.51,1114575.47,Fleet Owner,Logistics,South,3,Active,Low Value,14.8,Maintain engagement and encourage repeat purchases,496
C0177,28,35762840.4,2019-04-01,2024-12-25,7,2102,5.75,4.87,1277244.3,Dealer,Construction,West,1,Active,Low Value,14.39,Maintain engagement and encourage repeat purchases,497
C0145,33,34445949.4,2019-04-01,2024-12-29,3,2102,5.75,5.73,1043816.65,Retail,Construction,West,3,Active,Low Value,13.24,Maintain engagement and encourage repeat purchases,498
C0347,24,22536660.4,2019-03-04,2024-12-03,29,2130,5.83,4.12,939027.52,Retail,Mining,North,4,Active,Low Value,13.18,Maintain engagement and encourage repeat purchases,499
C0108,24,31126705.0,2019-01-03,2024-12-29,3,2190,6.0,4.0,1296946.04,Corporate,Rental,North,4,Active,Low Value,12.01,Maintain engagement and encourage repeat purchases,500
