customer_id,customer_type,industry_segment,region,customer_since,customer_tenure_years,delivered_order_count,orders_per_year,total_revenue,average_order_value,total_units_purchased,total_product_revenue,total_gross_profit,gross_margin_pct,annualized_revenue,annualized_gross_profit,estimated_customer_lifetime_value,customer_profitability_class,customer_clv_class,overall_customer_value_class,profitability_rank,clv_rank
C0201,Dealer,Infrastructure,South,2024-10-23,0.25,47,188.0,80475593.0,1712246.66,3326,63133600,17453692.07,21.69,321902372.0,69814768.28,209444304.84,High Profitability,High CLV,Strategic High Value,29,1
C0272,Government,Construction,North,2024-10-24,0.25,39,156.0,75550922.6,1937203.14,2889,59253070,15885735.99,21.03,302203690.4,63542943.96,190628831.88,High Profitability,High CLV,Strategic High Value,66,2
C0499,Corporate,Construction,East,2024-11-14,0.25,39,156.0,62785837.0,1609893.26,2434,49218150,13709648.57,21.84,251143348.0,54838594.28,164515782.84,Medium Profitability,High CLV,High Value,160,3
C0054,Fleet Owner,Manufacturing,South,2024-11-07,0.25,37,148.0,63424926.8,1714187.21,2238,49743760,13201291.33,20.81,253699707.2,52805165.32,158415495.96,Medium Profitability,High CLV,High Value,201,4
C0219,Government,Manufacturing,West,2024-09-26,0.27,39,146.85,59976015.0,1537846.54,2604,47075000,13062444.42,21.78,225837520.4,49186163.14,147558489.41,Medium Profitability,High CLV,High Value,215,5
C0024,Dealer,Rental,South,2024-09-24,0.27,44,162.33,60658309.2,1378597.94,2526,47587690,13325832.58,21.97,223792398.34,49164245.96,147492737.87,Medium Profitability,High CLV,High Value,189,6
C0066,Retail,Manufacturing,Central,2024-10-07,0.25,32,128.0,54037060.8,1688658.15,2394,42371560,11902165.38,22.03,216148243.2,47608661.52,142825984.56,Medium Profitability,High CLV,High Value,302,7
C0120,Fleet Owner,Construction,South,2024-12-04,0.25,34,136.0,50313583.0,1479811.26,2427,39523350,11304046.41,22.47,201254332.0,45216185.64,135648556.92,Medium Profitability,High CLV,High Value,343,8
C0226,Dealer,Logistics,West,2024-10-18,0.25,26,104.0,47025541.0,1808674.65,2065,36902950,10402470.11,22.12,188102164.0,41609880.44,124829641.32,Low Profitability,High CLV,High Value,404,9
C0289,Corporate,Logistics,South,2024-09-24,0.27,35,129.13,50221149.2,1434889.98,2220,39396940,11251184.68,22.4,185285603.49,41510052.57,124530157.71,Medium Profitability,High CLV,High Value,348,10
C0079,Retail,Rental,North,2024-12-15,0.25,31,124.0,47175266.2,1521782.78,1956,36993090,10307743.36,21.85,188701064.8,41230973.44,123692920.32,Low Profitability,High CLV,High Value,411,11
C0212,Retail,Infrastructure,North East,2024-11-17,0.25,31,124.0,45262151.0,1460069.39,1825,35519950,9729034.97,21.49,181048604.0,38916139.88,116748419.64,Low Profitability,High CLV,High Value,440,12
C0250,Government,Infrastructure,East,2024-07-27,0.43,43,99.4,74416923.4,1730626.13,3065,58330380,16223935.43,21.8,172030261.21,37505015.29,112515045.87,High Profitability,High CLV,Strategic High Value,55,13
C0194,Fleet Owner,Construction,South,2024-09-25,0.27,33,122.99,48202752.8,1460689.48,1704,37787710,9949993.14,20.64,179653627.14,37084030.55,111252091.66,Low Profitability,High CLV,High Value,429,14
C0075,Retail,Mining,South,2024-09-06,0.32,33,103.02,50186853.4,1520813.74,2235,39435130,11363799.85,22.64,156673061.58,35475452.1,106426356.29,Medium Profitability,High CLV,High Value,337,15
C0050,Dealer,Mining,East,2024-09-01,0.33,27,80.83,56151044.8,2079668.33,1930,44016360,11831594.39,21.07,168107943.55,35422047.96,106266143.88,Medium Profitability,High CLV,High Value,307,16
C0141,Corporate,Rental,West,2024-08-04,0.41,36,87.66,66220737.2,1839464.92,2432,51926540,14130180.29,21.34,161247495.08,34406989.01,103220967.02,Medium Profitability,High CLV,High Value,133,17
C0134,Fleet Owner,Infrastructure,West,2024-06-15,0.55,48,87.66,85243025.2,1775896.36,3623,66943890,18329832.99,21.5,155675074.77,33474857.5,100424572.49,High Profitability,High CLV,Strategic High Value,21,18
C0485,Fleet Owner,Rental,West,2024-08-15,0.38,28,73.58,59146123.8,2112361.56,2289,46389160,12593079.86,21.29,155418141.86,33090808.77,99272426.31,Medium Profitability,High CLV,High Value,247,19
C0197,Government,Manufacturing,West,2024-06-25,0.52,47,90.35,77464617.6,1648183.35,3182,60798070,16888004.96,21.8,148915534.62,32464967.43,97394902.29,High Profitability,High CLV,Strategic High Value,38,20
C0246,Retail,Manufacturing,North,2024-06-29,0.51,35,68.73,77080113.6,2202288.96,2469,60399770,16182087.82,20.99,151362965.01,31776922.45,95330767.36,High Profitability,High CLV,Strategic High Value,56,21
C0316,Dealer,Manufacturing,East,2024-09-06,0.32,33,103.02,45390754.0,1375477.39,1948,35655050,10120381.3,22.3,141700623.06,31593754.44,94781263.33,Low Profitability,High CLV,High Value,420,22
C0302,Fleet Owner,Mining,West,2024-07-26,0.44,36,82.7,63607092.0,1766863.67,2506,49894150,13676097.91,21.5,146116291.53,31416319.26,94248957.77,Medium Profitability,High CLV,High Value,165,23
C0373,Corporate,Manufacturing,South,2024-07-02,0.5,38,75.84,69753317.8,1835613.63,2794,54767460,14924181.58,21.4,139220761.35,29787198.48,89361595.44,High Profitability,High CLV,Strategic High Value,98,24
C0146,Retail,Mining,West,2024-07-01,0.5,30,59.55,61245406.2,2041513.54,2407,48058590,13514292.95,22.07,121575459.86,26826605.98,80479817.93,Medium Profitability,High CLV,High Value,177,25
C0385,Corporate,Manufacturing,West,2024-06-10,0.56,37,65.92,67435700.6,1822586.5,2706,52865670,14877954.15,22.06,120150681.19,26508159.77,79524479.32,High Profitability,High CLV,Strategic High Value,104,26
C0182,Dealer,Infrastructure,East,2024-08-25,0.35,29,82.11,40856091.0,1408830.72,1956,32105700,9136470.93,22.36,115679746.03,25868961.3,77606883.89,Low Profitability,High CLV,High Value,458,27
C0406,Dealer,Logistics,West,2024-05-22,0.61,32,52.18,64818334.4,2025572.95,2312,50826330,13527171.35,20.87,105691502.86,22057139.89,66171419.67,Medium Profitability,High CLV,High Value,176,28
C0348,Retail,Logistics,North,2024-06-25,0.52,34,65.36,50897650.4,1496989.72,2515,39978280,11443123.12,22.48,97844035.83,21997898.52,65993695.57,Medium Profitability,High CLV,High Value,334,29
C0390,Fleet Owner,Construction,North,2024-04-16,0.71,32,44.95,64132451.0,2004139.09,2474,50314950,13870381.8,21.63,90093760.49,19485219.05,58455657.14,Medium Profitability,High CLV,High Value,155,30
C0356,Dealer,Mining,East,2024-02-02,0.91,45,49.21,79690881.0,1770908.47,3218,62479450,17278679.26,21.68,87146988.88,18895322.15,56685966.46,High Profitability,High CLV,Strategic High Value,33,31
C0195,Fleet Owner,Logistics,East,2024-05-03,0.67,31,46.6,56797913.6,1832190.76,2094,44526020,12190926.91,21.46,85372172.6,18324016.68,54972050.05,Medium Profitability,High CLV,High Value,279,32
C0276,Dealer,Manufacturing,Central,2024-03-11,0.81,44,54.29,67350598.6,1530695.42,2840,52803770,14736367.67,21.88,83107453.17,18183980.71,54551942.14,High Profitability,High CLV,Strategic High Value,110,33
C0001,Retail,Construction,East,2024-04-10,0.73,34,46.69,55019747.4,1618227.86,2123,43201680,11927379.28,21.68,75548732.1,16377726.62,49133179.87,Medium Profitability,High CLV,High Value,299,34
C0122,Dealer,Rental,North East,2024-05-05,0.66,31,46.98,48051119.4,1550036.11,2051,37712330,10657566.21,22.18,72824362.49,16152182.81,48456548.44,Low Profitability,High CLV,High Value,386,35
C0096,Corporate,Construction,South,2024-04-05,0.74,34,45.82,51986858.4,1529025.25,2169,40828880,11316740.0,21.77,70067158.78,15252543.49,45757630.46,Medium Profitability,High CLV,High Value,342,36
C0172,Dealer,Manufacturing,South,2024-03-10,0.81,37,45.5,57323600.2,1549286.49,2312,44967390,12351632.35,21.55,70496447.72,15190012.51,45570037.53,Medium Profitability,High CLV,High Value,266,37
C0342,Dealer,Infrastructure,North,2023-12-14,1.05,36,34.24,72821567.8,2022821.33,3037,57066210,15955143.92,21.91,69265827.18,15176084.16,45528252.47,High Profitability,High CLV,Strategic High Value,62,38
C0025,Corporate,Infrastructure,West,2023-12-13,1.05,38,36.05,70349653.0,1851306.66,2887,55220350,15514684.11,22.05,66740807.16,14718800.96,44156402.89,High Profitability,High CLV,Strategic High Value,75,39
C0244,Government,Logistics,North,2023-10-29,1.18,44,37.37,77550764.4,1762517.37,2958,60886580,16726827.89,21.57,65873062.09,14208078.81,42624236.42,High Profitability,High CLV,Strategic High Value,40,40
C0264,Retail,Infrastructure,West,2023-12-16,1.05,36,34.42,67321592.8,1870044.24,2396,52753710,14328646.61,21.28,64369664.32,13700361.71,41101085.14,Medium Profitability,High CLV,High Value,128,41
C0019,Government,Logistics,East,2024-04-14,0.72,37,51.58,42528118.4,1149408.61,1905,33389880,9460061.35,22.24,59287768.11,13188119.88,39564359.63,Low Profitability,High CLV,High Value,451,42
C0088,Corporate,Infrastructure,West,2024-01-19,0.95,36,37.78,57330201.8,1592505.61,2304,44991010,12346402.42,21.54,60172000.6,12958400.82,38875202.45,Medium Profitability,High CLV,High Value,267,43
C0222,Fleet Owner,Logistics,North,2024-01-01,1.0,41,40.92,57177978.6,1394584.84,2558,44904020,12541532.99,21.93,57060810.61,12515833.13,37547499.38,Medium Profitability,High CLV,High Value,248,44
C0445,Government,Mining,East,2024-01-15,0.96,28,29.05,57177744.4,2042062.3,2065,44860580,11982946.37,20.96,59330031.65,12434008.98,37302026.95,Medium Profitability,High CLV,High Value,295,45
C0394,Government,Construction,South,2023-09-30,1.26,40,31.83,69936379.2,1748409.48,2924,54868190,15255957.08,21.81,55651988.02,12139952.77,36419858.32,High Profitability,High CLV,Strategic High Value,85,46
C0312,Government,Construction,West,2023-10-19,1.2,37,30.71,65437706.6,1768586.66,2689,51311620,14226209.37,21.74,54320732.58,11809370.39,35428111.18,Medium Profitability,High CLV,High Value,130,47
C0192,Fleet Owner,Logistics,East,2023-09-26,1.27,40,31.56,69269688.4,1731742.21,2569,54295880,14896863.85,21.51,54645256.35,11751791.62,35255374.87,High Profitability,High CLV,Strategic High Value,101,48
C0005,Dealer,Construction,West,2023-07-27,1.43,45,31.37,74996415.4,1666587.01,3231,58882280,16231626.97,21.64,52275650.24,11314125.48,33942376.44,High Profitability,High CLV,Strategic High Value,54,49
C0292,Corporate,Rental,Central,2024-05-23,0.61,27,44.22,30979627.8,1147393.62,1511,24356960,6792434.11,21.93,50741296.21,11125276.05,33375828.14,Low Profitability,High CLV,High Value,498,50
C0475,Fleet Owner,Construction,East,2023-02-24,1.85,55,29.67,94883375.2,1725152.28,4162,74442140,20565143.34,21.67,51190772.22,11095153.04,33285459.11,High Profitability,High CLV,Strategic High Value,3,51
C0467,Retail,Construction,North,2023-09-29,1.26,48,38.11,62880162.4,1310003.38,2649,49361930,13970372.08,22.22,49928215.91,11092779.14,33278337.41,Medium Profitability,High CLV,High Value,147,52
C0110,Dealer,Logistics,Central,2023-03-12,1.81,42,23.21,90807306.0,2162078.71,3618,71230450,19781368.36,21.78,50177562.05,10930627.52,32791882.57,High Profitability,High CLV,Strategic High Value,9,53
C0252,Retail,Construction,South,2024-02-01,0.92,34,37.07,45321304.6,1332979.55,2068,35584220,10003263.52,22.07,49413750.76,10906543.29,32719629.86,Low Profitability,High CLV,High Value,425,54
C0357,Corporate,Mining,West,2023-11-20,1.12,28,25.07,57734552.2,2061948.29,1981,45252290,12111665.4,20.98,51685159.78,10842612.22,32527836.67,Medium Profitability,High CLV,High Value,285,55
C0464,Corporate,Infrastructure,North,2023-08-08,1.4,38,27.11,67405736.8,1773835.18,2841,52908510,14663782.2,21.75,48085830.79,10460832.91,31382498.72,High Profitability,High CLV,Strategic High Value,113,56
C0231,Government,Infrastructure,West,2023-11-27,1.1,32,29.15,51646725.4,1613960.17,2430,40582530,11354060.51,21.98,47042310.35,10341821.95,31025465.84,Medium Profitability,High CLV,High Value,339,57
C0255,Retail,Infrastructure,South,2023-06-16,1.55,45,29.09,71144094.2,1580979.87,3237,55876690,15924274.03,22.38,45991823.73,10294409.01,30883227.02,High Profitability,High CLV,Strategic High Value,64,58
C0117,Government,Mining,North East,2024-02-28,0.84,31,36.76,38951277.4,1256492.82,1951,30628680,8627572.77,22.15,46191409.32,10231236.86,30693710.59,Low Profitability,High CLV,High Value,475,59
C0301,Dealer,Mining,East,2023-08-11,1.39,46,33.01,63821535.6,1387424.69,2547,50074420,13974282.32,21.9,45797280.7,10027714.38,30083143.13,Medium Profitability,High CLV,High Value,146,60
C0145,Retail,Construction,West,2024-03-24,0.77,33,42.59,34445949.4,1043816.65,1817,27079080,7693161.27,22.33,44457183.81,9929071.22,29787213.65,Low Profitability,High CLV,High Value,489,61
C0437,Dealer,Mining,West,2023-12-27,1.02,30,29.54,46199550.2,1539985.01,1956,36305140,10085065.76,21.83,45483519.44,9928760.83,29786282.5,Low Profitability,High CLV,High Value,422,62
C0256,Corporate,Infrastructure,North East,2023-09-18,1.29,30,23.26,58794725.4,1959824.18,2389,46110780,12764004.19,21.71,45593998.84,9898200.7,29694602.1,Medium Profitability,High CLV,High Value,236,63
C0142,Retail,Manufacturing,West,2023-02-23,1.86,45,24.24,84828043.0,1885067.62,3255,66580100,18072730.04,21.31,45698293.08,9736083.55,29208250.65,High Profitability,High CLV,Strategic High Value,23,64
C0463,Dealer,Mining,West,2023-09-22,1.28,35,27.37,55370560.0,1582016.0,2617,43452000,12365003.94,22.33,43306417.64,9670915.82,29012747.47,Medium Profitability,High CLV,High Value,264,65
C0049,Dealer,Manufacturing,South,2023-03-10,1.82,39,21.49,82316206.2,2110671.95,3073,64589840,17453109.63,21.2,45348407.71,9615004.97,28845014.9,High Profitability,High CLV,Strategic High Value,30,66
C0106,Dealer,Infrastructure,Central,2023-09-02,1.33,39,29.25,58339475.8,1495883.99,2716,45839560,12776566.96,21.9,43754606.85,9582425.22,28747275.66,Medium Profitability,High CLV,High Value,235,67
C0233,Government,Logistics,East,2023-11-15,1.13,28,24.76,49889164.0,1781755.86,2106,39173800,10832033.67,21.71,44121106.9,9579661.74,28738985.22,Low Profitability,High CLV,High Value,376,68
C0416,Dealer,Manufacturing,South,2023-12-03,1.08,37,34.21,46006682.0,1243423.84,2482,36145900,10345066.89,22.49,42541621.77,9565913.12,28697739.35,Low Profitability,High CLV,High Value,407,69
C0315,Dealer,Rental,West,2023-06-30,1.51,40,26.52,61457629.4,1536440.74,2744,48208830,13862820.38,22.56,40739381.38,9189464.87,27568394.61,Medium Profitability,High CLV,High Value,156,70
C0281,Government,Logistics,South,2023-11-15,1.13,26,22.99,46282268.6,1780087.25,1849,36333020,10054159.02,21.72,40931231.49,8891722.96,26675168.88,Low Profitability,High CLV,High Value,423,71
C0354,Corporate,Logistics,South,2023-07-15,1.47,37,25.21,56690884.8,1532186.08,2595,44585860,12626374.33,22.27,38631241.93,8604073.18,25812219.54,Medium Profitability,High CLV,High Value,246,72
C0184,Retail,Rental,South,2023-06-13,1.56,29,18.65,61479056.4,2119967.46,2326,48287230,13012314.98,21.17,39533847.45,8367514.17,25102542.5,Medium Profitability,High CLV,High Value,218,73
C0053,Fleet Owner,Construction,North,2023-10-28,1.18,27,22.88,45016037.4,1667260.64,1874,35369930,9604355.13,21.34,38148741.67,8139189.59,24417568.76,Low Profitability,High CLV,High Value,446,74
C0460,Dealer,Logistics,South,2023-03-13,1.81,32,17.71,64634814.4,2019837.95,2571,50664330,14113684.95,21.84,35769493.88,7810641.56,23431924.67,Medium Profitability,High CLV,High Value,134,75
C0091,Retail,Construction,South,2023-11-14,1.13,30,26.47,39090471.8,1303015.73,1952,30689510,8752917.29,22.39,34487427.11,7722229.57,23166688.7,Low Profitability,High CLV,High Value,471,76
C0070,Government,Logistics,West,2022-11-10,2.14,41,19.13,76883391.4,1875204.67,2884,60254230,16551919.81,21.53,35864187.37,7721058.38,23163175.14,High Profitability,High CLV,Strategic High Value,46,77
C0095,Fleet Owner,Logistics,West,2023-06-13,1.56,29,18.65,55610118.2,1917590.28,2310,43640740,11990572.06,21.56,35759851.54,7710486.7,23131460.1,Medium Profitability,High CLV,High Value,294,78
C0258,Corporate,Mining,South,2023-02-12,1.89,28,14.84,62250978.4,2223249.23,2296,48830880,13552130.92,21.77,33000246.53,7184202.93,21552608.79,Medium Profitability,High CLV,High Value,174,79
C0216,Government,Mining,East,2023-01-18,1.95,39,19.95,62009378.6,1589984.07,2494,48655520,13593756.95,21.92,31721184.22,6953949.2,20861847.59,Medium Profitability,High CLV,High Value,171,80
C0062,Dealer,Construction,South,2022-07-21,2.45,36,14.69,78963082.0,2193418.94,3044,61918150,17026806.94,21.56,32224877.88,6948649.42,20845948.27,High Profitability,High CLV,Strategic High Value,36,81
C0409,Government,Logistics,West,2023-01-24,1.94,45,23.22,60821412.6,1351586.95,2971,47755320,13332801.24,21.92,31377148.24,6878256.57,20634769.72,Medium Profitability,High CLV,High Value,188,82
C0168,Dealer,Infrastructure,West,2022-12-18,2.04,34,16.67,64028787.0,1883199.62,2844,50309900,13893190.26,21.7,31391294.57,6811392.94,20434178.83,Medium Profitability,High CLV,High Value,150,83
C0500,Corporate,Infrastructure,East,2023-07-16,1.46,27,18.43,44474866.6,1647217.28,1975,34912870,9899740.15,22.26,30363448.65,6758654.37,20275963.12,Low Profitability,High CLV,High Value,433,84
C0382,Retail,Manufacturing,South,2023-07-15,1.47,33,22.49,42929317.0,1300888.39,2412,33715150,9906743.97,23.08,29253606.41,6750817.6,20252452.81,Low Profitability,High CLV,High Value,432,85
C0029,Dealer,Construction,South,2023-01-25,1.94,38,19.63,58176890.6,1530970.81,2565,45653420,12998665.76,22.34,30055317.24,6715364.45,20146093.36,Medium Profitability,High CLV,High Value,219,86
C0495,Fleet Owner,Infrastructure,North,2021-12-15,3.05,48,15.75,94540537.6,1969594.53,3533,74165320,20188775.68,21.35,31025095.56,6625292.29,19875876.87,High Profitability,High CLV,Strategic High Value,6,87
C0306,Fleet Owner,Manufacturing,East,2022-10-11,2.23,42,18.87,69813587.0,1662228.26,2649,54784400,14589774.7,20.9,31364591.21,6554631.25,19663893.76,High Profitability,High CLV,Strategic High Value,118,88
C0429,Fleet Owner,Logistics,West,2022-09-30,2.26,42,18.62,69444114.2,1653431.29,2699,54510440,14614536.66,21.05,30782114.94,6478106.21,19434318.62,High Profitability,High CLV,Strategic High Value,117,89
C0152,Corporate,Manufacturing,South,2022-11-27,2.1,40,19.07,62249804.2,1556245.1,2932,48907690,13577497.08,21.81,29682429.48,6474126.38,19422379.15,Medium Profitability,High CLV,High Value,172,90
C0275,Fleet Owner,Construction,West,2022-10-29,2.18,45,20.67,64270295.0,1428228.78,2734,50445750,14082210.5,21.91,29527956.29,6469845.77,19409537.3,Medium Profitability,High CLV,High Value,137,91
C0139,Government,Mining,West,2023-09-11,1.31,29,22.16,37337910.0,1287514.14,1729,29295750,8418941.63,22.55,28530693.78,6433092.95,19299278.85,Low Profitability,High CLV,High Value,480,92
C0378,Retail,Manufacturing,North,2023-03-23,1.78,35,19.67,50644577.2,1446987.92,2201,39739040,11056126.03,21.83,28458356.65,6212692.36,18638077.07,Medium Profitability,High CLV,High Value,363,93
C0364,Government,Infrastructure,East,2023-01-20,1.95,32,16.42,54408370.8,1700261.59,2358,42733560,12093370.91,22.23,27911035.72,6203797.37,18611392.1,Medium Profitability,High CLV,High Value,286,94
C0490,Government,Logistics,West,2021-12-26,3.02,44,14.58,84742703.8,1925970.54,3654,66510660,18579834.87,21.92,28087361.67,6158153.07,18474459.22,High Profitability,High CLV,Strategic High Value,18,95
C0021,Corporate,Mining,South,2022-11-02,2.17,45,20.78,59956738.4,1332371.96,2391,47093630,13110326.1,21.87,27685459.8,6053788.38,18161365.14,Medium Profitability,High CLV,High Value,208,96
C0239,Government,Logistics,South,2023-05-22,1.62,32,19.81,44962159.0,1405067.47,1858,35255050,9701362.33,21.58,27834624.7,6005801.0,18017403.01,Low Profitability,High CLV,High Value,441,97
C0355,Government,Infrastructure,South,2022-12-05,2.08,32,15.42,58903770.4,1840742.82,2259,46214030,12453288.42,21.14,28383380.13,6000743.53,18002230.59,Medium Profitability,High CLV,High Value,259,98
C0376,Retail,Construction,North,2023-01-27,1.93,29,15.02,52106248.6,1796767.19,2337,40903770,11532496.15,22.13,26995471.35,5974814.49,17924443.48,Medium Profitability,High CLV,High Value,327,99
C0449,Fleet Owner,Logistics,West,2022-12-31,2.0,32,15.97,55700286.8,1740633.96,2249,43705510,11919229.17,21.4,27793073.43,5947402.26,17842206.78,Medium Profitability,High CLV,High Value,301,100
C0160,Retail,Rental,West,2022-06-16,2.55,44,17.28,70762190.2,1608231.6,2817,55534390,14977478.14,21.17,27791279.54,5882283.75,17646851.26,High Profitability,High CLV,Strategic High Value,97,101
C0273,Dealer,Manufacturing,East,2022-10-08,2.23,37,16.56,60830001.0,1644054.08,2548,47764950,13067324.34,21.48,27228134.64,5849068.89,17547206.67,Medium Profitability,High CLV,High Value,213,102
C0232,Government,Mining,South,2022-10-30,2.17,37,17.02,57544368.0,1555253.19,2545,45159600,12713456.96,22.09,26471134.02,5848350.32,17545050.96,Medium Profitability,High CLV,High Value,241,103
C0076,Government,Mining,South,2022-01-31,2.92,45,15.42,80026994.2,1778377.65,3067,62759940,16959688.08,21.19,27420130.99,5811000.07,17433000.2,High Profitability,High CLV,Strategic High Value,37,104
C0325,Corporate,Rental,East,2023-01-20,1.95,30,15.39,52920013.4,1764000.45,1740,41524630,11187905.95,21.14,27147520.92,5739301.47,17217904.42,Medium Profitability,High CLV,High Value,353,105
C0056,Dealer,Mining,North,2022-09-23,2.28,36,15.82,60885469.8,1691263.05,2498,47730860,13024059.95,21.39,26761032.3,5724474.0,17173422.01,Medium Profitability,High CLV,High Value,217,106
C0085,Retail,Mining,South,2022-10-03,2.25,37,16.46,60463527.2,1634149.38,2228,47385290,12747577.3,21.08,26899273.22,5671196.84,17013590.53,Medium Profitability,High CLV,High Value,240,107
C0082,Fleet Owner,Manufacturing,West,2022-01-17,2.96,46,15.56,77500928.6,1684802.8,3206,60929520,16714336.43,21.57,26210383.49,5652695.72,16958087.17,High Profitability,High CLV,Strategic High Value,42,108
C0199,Government,Mining,West,2023-01-13,1.97,33,16.76,48930073.4,1482729.5,2206,38456880,10950660.58,22.38,24856341.18,5562905.11,16688715.34,Medium Profitability,High CLV,High Value,371,109
C0265,Retail,Mining,West,2023-02-10,1.89,29,15.33,47931619.6,1652814.47,1958,37594220,10413209.86,21.73,25335780.11,5504232.85,16512698.56,Low Profitability,High CLV,High Value,401,110
C0009,Corporate,Rental,West,2022-04-07,2.74,34,12.42,68836324.8,2024597.79,2677,54041610,14887516.03,21.63,25142467.63,5437665.23,16312995.69,High Profitability,High CLV,Strategic High Value,102,111
C0338,Corporate,Rental,West,2022-12-13,2.05,33,16.07,52210070.0,1582123.33,2009,40964750,11152339.11,21.36,25426304.09,5431189.15,16293567.44,Medium Profitability,High CLV,High Value,355,112
C0065,Corporate,Mining,West,2022-08-29,2.34,36,15.36,59751563.6,1659765.66,2370,46865770,12708847.35,21.27,25495629.21,5422787.96,16268363.88,Medium Profitability,High CLV,High Value,243,113
C0002,Fleet Owner,Manufacturing,South,2022-01-19,2.95,51,17.28,71712838.0,1406134.08,3253,56261100,15885879.66,22.15,24297879.48,5382483.81,16147451.43,High Profitability,High CLV,Strategic High Value,65,114
C0405,Corporate,Infrastructure,West,2022-12-16,2.05,32,15.65,50787823.0,1587119.47,2039,39790100,10981491.66,21.62,24833001.81,5369464.3,16108392.89,Medium Profitability,High CLV,High Value,369,115
C0023,Corporate,Mining,South,2022-09-15,2.3,32,13.93,58217713.2,1819303.54,2181,45671740,12328149.81,21.18,25344481.22,5366932.92,16100798.75,Medium Profitability,High CLV,High Value,269,116
C0340,Government,Mining,South,2022-06-03,2.58,35,13.56,63532821.6,1815223.47,2588,49824870,13680746.6,21.53,24608020.24,5298931.81,15896795.43,Medium Profitability,High CLV,High Value,164,117
C0443,Dealer,Infrastructure,East,2022-04-25,2.69,40,14.88,64951558.8,1623788.97,2766,50982660,13955354.77,21.49,24158408.2,5190624.57,15571873.72,Medium Profitability,High CLV,High Value,148,118
C0180,Fleet Owner,Logistics,South,2023-08-09,1.4,27,19.3,30093537.8,1114575.47,1892,23677460,7226683.29,24.01,21510107.01,5165452.2,15496356.59,Low Profitability,High CLV,High Value,494,119
C0458,Dealer,Manufacturing,West,2022-10-15,2.21,38,17.16,50799400.6,1336826.33,2631,39941170,11343327.58,22.33,22935081.67,5121323.11,15363969.34,Medium Profitability,High CLV,High Value,340,120
C0069,Dealer,Logistics,North,2021-09-12,3.3,47,14.22,77108269.8,1640601.49,3351,60517360,16818333.21,21.81,23333716.28,5089392.05,15268176.15,High Profitability,High CLV,Strategic High Value,39,121
C0474,Government,Logistics,West,2022-11-30,2.09,30,14.36,48230361.0,1607678.7,2020,37863700,10533234.41,21.84,23087993.91,5042285.54,15126856.62,Low Profitability,High CLV,High Value,395,122
C0156,Government,Manufacturing,South,2022-02-17,2.87,33,11.49,67117436.4,2033861.71,2408,52631480,14329185.48,21.35,23369536.36,4989261.2,14967783.59,Medium Profitability,High CLV,High Value,127,123
C0206,Retail,Construction,West,2021-03-08,3.82,40,10.47,89674652.2,2241866.31,3255,70279540,18985961.31,21.17,23479330.98,4971055.46,14913166.38,High Profitability,High CLV,Strategic High Value,11,124
C0052,Government,Manufacturing,North East,2022-07-04,2.5,35,14.02,56612172.2,1617490.63,2298,44420040,12261488.2,21.66,22672802.52,4910645.36,14731936.07,Medium Profitability,High CLV,High Value,273,125
C0444,Dealer,Manufacturing,South,2022-08-26,2.35,30,12.76,50928809.0,1697626.97,2586,39970050,11528121.06,22.64,21655119.31,4901800.02,14705400.06,Medium Profitability,Medium CLV,Medium Value,328,126
C0084,Corporate,Logistics,West,2021-11-03,3.16,39,12.33,73317161.4,1879927.22,2567,57484480,15344008.68,20.93,23185362.08,4852293.65,14556880.96,High Profitability,Medium CLV,High Value,79,127
C0440,Retail,Manufacturing,South,2021-04-23,3.69,44,11.91,82426773.6,1873335.76,3315,64680520,17828661.15,21.63,22317553.04,4827219.04,14481657.12,High Profitability,Medium CLV,High Value,25,128
C0161,Dealer,Mining,West,2022-03-19,2.79,37,13.26,60837361.2,1644253.01,2835,47774340,13286594.89,21.84,21806522.26,4762442.38,14287327.14,Medium Profitability,Medium CLV,Medium Value,193,129
C0428,Retail,Construction,North,2021-12-17,3.04,43,14.14,66337820.6,1542740.01,2922,52052170,14433018.14,21.76,21809080.98,4744968.38,14234905.15,High Profitability,Medium CLV,High Value,125,130
C0411,Corporate,Mining,South,2021-10-14,3.22,43,13.37,72229183.0,1679748.44,2748,56645350,15120085.2,20.93,22452518.38,4700094.57,14100283.71,High Profitability,Medium CLV,High Value,92,131
C0368,Fleet Owner,Construction,South,2022-08-02,2.42,31,12.82,51837532.8,1672178.48,2145,40673710,11301995.97,21.8,21442422.26,4675032.87,14025098.62,Medium Profitability,Medium CLV,Medium Value,344,132
C0132,Corporate,Construction,Central,2022-09-03,2.33,37,15.88,49004629.4,1324449.44,2285,38534330,10867440.86,22.18,21032833.01,4664315.83,13992947.5,Medium Profitability,Medium CLV,Medium Value,374,133
C0033,Government,Mining,South,2022-09-24,2.27,30,13.2,49354094.2,1645136.47,2086,38713690,10583547.71,21.44,21718774.59,4657398.56,13972195.67,Low Profitability,Medium CLV,Low Value,391,134
C0497,Government,Logistics,South,2022-07-11,2.48,30,12.11,51439335.2,1714644.51,2279,40341140,11449696.48,22.26,20760460.97,4620996.29,13862988.86,Medium Profitability,Medium CLV,Medium Value,333,135
C0086,Retail,Construction,West,2022-04-12,2.72,29,10.65,59655682.6,2057092.5,2069,46746570,12541184.54,21.02,21898731.73,4603686.08,13811058.25,Medium Profitability,Medium CLV,Medium Value,250,136
C0112,Fleet Owner,Mining,South,2022-10-17,2.21,33,14.94,46248326.6,1401464.44,2138,36333120,10131581.77,21.91,20932095.78,4585576.51,13756729.52,Low Profitability,Medium CLV,Low Value,419,137
C0476,Fleet Owner,Infrastructure,North,2021-08-31,3.34,34,10.19,73746173.2,2169005.09,2297,57777740,15302121.2,20.75,22096628.19,4584987.5,13754962.51,High Profitability,Medium CLV,High Value,82,138
C0207,Corporate,Rental,East,2020-12-23,4.02,45,11.18,87068691.0,1934859.8,3149,68312200,18401883.21,21.13,21633904.35,4572304.65,13716913.96,High Profitability,Medium CLV,High Value,20,139
C0380,Fleet Owner,Manufacturing,South,2021-04-03,3.75,50,13.34,77887431.8,1557748.64,3614,61154260,17114479.88,21.97,20780412.32,4566153.23,13698459.7,High Profitability,Medium CLV,High Value,34,140
C0030,Corporate,Construction,South,2022-03-08,2.82,32,11.35,58263942.8,1820748.21,2481,45703710,12834718.88,22.03,20661072.92,4551340.85,13654022.54,Medium Profitability,Medium CLV,Medium Value,227,141
C0435,Dealer,Manufacturing,South,2021-05-15,3.63,50,13.76,73908258.2,1478165.16,3145,57957990,16313745.88,22.07,20342872.12,4490275.57,13470826.71,High Profitability,Medium CLV,High Value,50,142
C0034,Government,Construction,West,2022-12-08,2.07,32,15.48,42477752.2,1327429.76,1983,33363540,9279160.73,21.84,20549667.54,4489024.45,13467073.34,Low Profitability,Medium CLV,Low Value,454,143
C0369,Government,Manufacturing,West,2021-11-05,3.16,40,12.67,64656844.2,1616421.1,2597,50690940,14057877.08,21.74,20482144.27,4453286.73,13359860.2,Medium Profitability,Medium CLV,Medium Value,139,144
C0318,Corporate,Logistics,North,2021-12-10,3.06,36,11.76,62202116.0,1727836.56,2547,48754200,13598906.29,21.86,20321397.92,4442755.39,13328266.16,Medium Profitability,Medium CLV,Medium Value,170,145
C0006,Government,Construction,West,2021-10-14,3.22,40,12.43,65482805.4,1637070.14,2737,51412280,14288487.33,21.82,20355399.72,4441591.49,13324774.46,Medium Profitability,Medium CLV,Medium Value,129,146
C0322,Government,Construction,West,2022-12-13,2.05,28,13.64,40996678.0,1464167.07,1962,32200600,9022444.19,22.01,19965382.19,4393930.32,13181790.96,Low Profitability,Medium CLV,Low Value,463,147
C0013,Dealer,Construction,West,2021-04-01,3.75,44,11.72,76843692.4,1746447.55,3311,60328180,16477644.99,21.44,20472034.03,4389832.12,13169496.35,High Profitability,Medium CLV,High Value,47,148
C0196,Fleet Owner,Rental,North East,2021-05-24,3.61,48,13.3,71291851.6,1485246.91,3059,55921870,15537073.83,21.79,19756713.81,4305702.74,12917108.23,High Profitability,Medium CLV,High Value,74,149
C0214,Corporate,Rental,West,2022-05-20,2.62,31,11.83,50612095.0,1632648.23,2180,39709250,11238107.12,22.2,19316685.16,4289152.17,12867456.51,Medium Profitability,Medium CLV,Medium Value,349,150
C0128,Retail,Mining,West,2021-08-17,3.38,33,9.78,69172996.2,2096151.4,2377,54226840,14445280.9,20.88,20491027.46,4279106.93,12837320.8,High Profitability,Medium CLV,High Value,124,151
C0092,Fleet Owner,Logistics,West,2022-07-25,2.44,36,14.76,46760586.8,1298905.19,2164,36740510,10406891.52,22.26,19168691.73,4266124.72,12798374.17,Low Profitability,Medium CLV,Low Value,402,152
C0363,Fleet Owner,Logistics,South,2022-03-17,2.8,32,11.45,53560072.2,1673752.26,2504,42048290,11919365.26,22.25,19160446.98,4264004.08,12792012.23,Medium Profitability,Medium CLV,Medium Value,300,153
C0310,Government,Infrastructure,East,2021-11-23,3.11,39,12.55,59059490.6,1514345.91,2817,46376420,13222400.99,22.39,19005708.32,4255050.19,12765150.56,Medium Profitability,Medium CLV,Medium Value,199,154
C0098,Corporate,Mining,East,2022-02-21,2.86,35,12.23,56088743.0,1602535.51,2381,44013350,12165232.64,21.69,19604223.33,4252010.74,12756032.22,Medium Profitability,Medium CLV,Medium Value,282,155
C0341,Fleet Owner,Mining,North,2021-08-02,3.42,36,10.54,66838579.4,1856627.21,2657,52480080,14514254.54,21.72,19561531.35,4247861.76,12743585.27,High Profitability,Medium CLV,High Value,120,156
C0209,Corporate,Infrastructure,East,2021-08-07,3.4,44,12.93,65445658.4,1487401.33,2910,51373630,14210002.29,21.71,19230914.51,4175545.73,12526637.18,Medium Profitability,Medium CLV,Medium Value,131,157
C0413,Fleet Owner,Manufacturing,South,2021-08-22,3.36,41,12.19,62380011.4,1521463.69,2737,48986230,13916677.56,22.31,18553989.55,4139304.95,12417914.85,Medium Profitability,Medium CLV,Medium Value,149,158
C0245,Dealer,Logistics,South,2022-01-18,2.95,33,11.17,56554752.6,1713780.38,2268,44342070,12225974.64,21.62,19144229.27,4138588.73,12415766.18,Medium Profitability,Medium CLV,Medium Value,275,159
C0016,Government,Rental,East,2021-04-23,3.69,35,9.48,70872336.2,2024923.89,2646,55572340,15260758.22,21.53,19189118.46,4131943.62,12395830.85,High Profitability,Medium CLV,High Value,84,160
C0371,Retail,Rental,South,2020-09-09,4.31,47,10.9,82052808.0,1745804.43,2844,64331600,17702486.44,21.57,19028436.9,4105290.9,12315872.71,High Profitability,Medium CLV,High Value,27,161
C0240,Corporate,Manufacturing,South,2020-02-21,4.86,46,9.46,92835709.4,2018167.6,3430,72778580,19942256.58,21.48,19092479.09,4101300.23,12303900.7,High Profitability,Medium CLV,High Value,7,162
C0438,Corporate,Rental,East,2021-09-19,3.29,39,11.87,61720027.0,1582564.79,2562,48432400,13442364.58,21.78,18786033.22,4091519.72,12274559.16,Medium Profitability,Medium CLV,Medium Value,181,163
C0398,Government,Rental,South,2021-10-16,3.21,35,10.9,57843305.6,1652665.87,2629,45379170,13110393.4,22.67,18011310.63,4082328.38,12246985.14,Medium Profitability,Medium CLV,Medium Value,207,164
C0248,Fleet Owner,Rental,West,2022-07-27,2.43,30,12.33,45208412.0,1506947.07,1809,35510400,9919102.76,21.94,18574097.28,4075311.9,12225935.71,Low Profitability,Medium CLV,Low Value,431,165
C0293,Dealer,Logistics,West,2021-06-02,3.58,36,10.05,66815451.4,1855984.76,2816,52424230,14523710.7,21.74,18643501.62,4052548.0,12157644.0,High Profitability,Medium CLV,High Value,119,166
C0329,Dealer,Infrastructure,Central,2021-08-04,3.41,36,10.55,64307436.8,1786317.69,2480,50414010,13745307.86,21.37,18850956.09,4029272.63,12087817.89,Medium Profitability,Medium CLV,Medium Value,159,167
C0492,Dealer,Rental,East,2021-08-03,3.41,35,10.25,61798115.2,1765660.43,2635,48527140,13611102.27,22.03,18100851.3,3986732.24,11960196.72,Medium Profitability,Medium CLV,Medium Value,169,168
C0282,Government,Logistics,East,2021-01-25,3.93,44,11.18,69381309.6,1576847.95,3200,54475470,15352838.24,22.13,17635019.72,3902313.27,11706939.81,High Profitability,Medium CLV,High Value,78,169
C0144,Fleet Owner,Construction,West,2022-10-16,2.21,25,11.3,39589546.2,1583581.85,1709,31072090,8611085.94,21.75,17896140.78,3892573.19,11677719.58,Low Profitability,Medium CLV,Low Value,477,170
C0346,Retail,Construction,East,2021-11-28,3.09,39,12.61,54686860.8,1402227.2,2411,42873560,11893999.55,21.75,17676438.86,3844498.53,11533495.58,Medium Profitability,Medium CLV,Medium Value,303,171
C0048,Dealer,Mining,South,2022-02-27,2.84,31,10.9,49413459.2,1593982.55,2043,38811940,10803702.57,21.86,17370804.59,3797932.98,11393798.93,Low Profitability,Medium CLV,Low Value,378,172
C0268,Government,Mining,West,2021-05-09,3.65,32,8.77,63709103.6,1990909.49,2405,49962270,13703835.15,21.51,17456676.74,3754933.07,11264799.22,Medium Profitability,Medium CLV,Medium Value,161,173
C0105,Government,Logistics,North,2021-07-14,3.47,41,11.82,57202879.8,1395192.19,2459,44966360,12752597.37,22.29,16490411.88,3676311.12,11028933.36,Medium Profitability,Medium CLV,Medium Value,238,174
C0391,Government,Construction,West,2022-02-23,2.86,33,11.56,47080496.4,1426681.71,2048,36944480,10491647.83,22.28,16487201.64,3674088.56,11022265.69,Low Profitability,Medium CLV,Low Value,397,175
C0291,Retail,Construction,South,2020-04-30,4.67,46,9.84,79064597.0,1718795.59,2969,61983900,17083330.12,21.61,16917600.5,3655352.27,10966056.81,High Profitability,Medium CLV,High Value,35,176
C0263,Government,Rental,South,2021-05-09,3.65,35,9.59,61677496.4,1762214.18,2552,48351480,13319453.33,21.6,16900004.17,3649610.15,10948830.45,Medium Profitability,Medium CLV,Medium Value,190,177
C0387,Dealer,Infrastructure,East,2022-01-01,3.0,34,11.33,47133318.0,1386274.06,2430,37034600,10831697.27,22.98,15707522.26,3609742.18,10829226.54,Low Profitability,Medium CLV,Low Value,377,178
C0101,Corporate,Logistics,South,2021-02-06,3.9,38,9.74,62629058.6,1648133.12,2830,49185770,14040914.44,22.42,16052816.6,3598908.07,10796724.21,Medium Profitability,Medium CLV,Medium Value,141,179
C0267,Fleet Owner,Infrastructure,South,2022-02-15,2.88,29,10.08,46440405.2,1601393.28,2008,36465390,10333139.08,22.25,16139255.95,3591036.2,10773108.61,Low Profitability,Medium CLV,Low Value,408,180
C0253,Retail,Rental,West,2020-07-18,4.46,39,8.75,72946151.6,1870414.14,3074,57279120,16000433.35,21.93,16365836.53,3589777.81,10769333.44,High Profitability,Medium CLV,High Value,61,181
C0130,Government,Mining,West,2021-05-09,3.65,39,10.69,60017312.8,1538905.46,2610,47103710,13088979.59,21.81,16445103.9,3586458.96,10759376.88,Medium Profitability,Medium CLV,Medium Value,212,182
C0183,Government,Mining,West,2022-12-11,2.06,27,13.11,32313901.0,1196811.15,1812,25426200,7380634.46,22.84,15695016.41,3584809.49,10754428.47,Low Profitability,Medium CLV,Low Value,490,183
C0359,Fleet Owner,Mining,South,2019-09-19,5.29,46,8.7,85617784.0,1861256.17,3389,67221300,18722811.79,21.87,16194663.7,3541432.94,10624298.82,High Profitability,Medium CLV,High Value,15,184
C0451,Government,Manufacturing,East,2021-11-19,3.12,37,11.87,49725150.4,1343922.98,2177,38981780,11028490.11,22.18,15945663.9,3536572.44,10609717.33,Medium Profitability,Medium CLV,Medium Value,367,185
C0465,Fleet Owner,Mining,South,2021-11-07,3.15,35,11.11,48083241.6,1373806.9,2404,37783870,11080257.11,23.04,15258387.48,3516128.51,10548385.52,Medium Profitability,Medium CLV,Medium Value,360,186
C0116,Dealer,Construction,North,2020-12-27,4.01,35,8.72,64081942.6,1830912.65,2516,50227070,13892319.83,21.68,15965845.52,3461234.53,10383703.58,Medium Profitability,Medium CLV,Medium Value,151,187
C0221,Dealer,Logistics,North,2020-01-02,5.0,44,8.8,82001959.0,1863680.89,2968,64336800,17280966.75,21.07,16402637.2,3456666.54,10369999.63,High Profitability,Medium CLV,High Value,32,188
C0113,Corporate,Logistics,South,2020-01-31,4.92,41,8.33,78713400.0,1919839.02,2822,61701750,16604352.75,21.09,15998925.63,3374924.79,10124774.36,High Profitability,Medium CLV,High Value,43,189
C0408,Government,Infrastructure,South,2021-01-20,3.95,36,9.12,60127186.2,1670199.62,2629,47201090,13223789.71,21.99,15229857.67,3349507.07,10048521.2,Medium Profitability,Medium CLV,Medium Value,198,190
C0223,Corporate,Logistics,West,2021-07-23,3.44,33,9.58,54079206.6,1638763.84,2385,42492870,11518638.41,21.3,15701454.86,3344342.35,10033027.06,Medium Profitability,Medium CLV,Medium Value,329,191
C0080,Retail,Mining,South,2021-03-12,3.81,42,11.03,56541324.2,1346222.0,2633,44386690,12501121.49,22.11,14846670.5,3282555.45,9847666.34,Medium Profitability,Medium CLV,Medium Value,254,192
C0104,Fleet Owner,Infrastructure,South,2022-01-24,2.94,34,11.57,42120081.4,1238825.92,2146,33092730,9610412.31,22.82,14337707.11,3271391.52,9814174.55,Low Profitability,Medium CLV,Low Value,445,193
C0028,Retail,Infrastructure,South,2022-05-08,2.65,29,10.93,38208624.0,1317538.76,1843,30031300,8671928.11,22.7,14402167.1,3268753.09,9806259.26,Low Profitability,Medium CLV,Low Value,474,194
C0372,Government,Logistics,South,2021-06-14,3.55,36,10.14,52822436.0,1467289.89,2264,41513200,11602446.58,21.96,14875400.73,3267381.35,9802144.06,Medium Profitability,Medium CLV,Medium Value,321,195
C0483,Corporate,Rental,North,2018-10-10,6.23,47,7.55,96130859.2,2045337.43,3454,75352940,20286962.48,21.1,15433756.63,3257060.68,9771182.04,High Profitability,Medium CLV,High Value,5,196
C0026,Fleet Owner,Mining,North,2020-12-08,4.07,36,8.85,60554977.0,1682082.69,2679,47482150,13096554.52,21.63,14894077.68,3221223.26,9663669.77,Medium Profitability,Medium CLV,Medium Value,210,197
C0274,Dealer,Mining,North,2021-05-17,3.63,39,10.75,54639688.2,1401017.65,2395,42946740,11681886.26,21.38,15061997.07,3220233.17,9660699.52,Medium Profitability,Medium CLV,Medium Value,320,198
C0153,Retail,Rental,East,2017-10-01,7.25,56,7.72,108200489.6,1932151.6,4158,84966970,23330412.71,21.56,14918923.68,3216849.09,9650547.27,High Profitability,Medium CLV,High Value,1,199
C0477,Government,Construction,West,2021-01-03,3.99,36,9.01,57746038.6,1604056.63,2667,45286770,12750015.86,22.08,14456299.25,3191873.4,9575620.2,Medium Profitability,Medium CLV,Medium Value,239,200
C0426,Dealer,Infrastructure,North East,2021-01-24,3.94,35,8.89,57207251.0,1634492.89,2335,44884200,12494148.63,21.84,14530562.19,3173496.37,9520489.12,Medium Profitability,Medium CLV,Medium Value,255,201
C0150,Fleet Owner,Manufacturing,West,2022-02-13,2.88,30,10.41,41608958.8,1386965.29,1938,32673410,9128566.72,21.94,14432737.13,3166390.31,9499170.92,Low Profitability,Medium CLV,Low Value,460,202
C0466,Retail,Manufacturing,South,2019-01-08,5.98,47,7.86,88329161.4,1879343.86,3592,69276730,18819604.67,21.31,14765320.92,3145931.63,9437794.88,High Profitability,Medium CLV,High Value,13,203
C0078,Dealer,Rental,South,2021-12-25,3.02,31,10.27,42565724.6,1373087.89,2035,33430220,9462444.04,22.23,14095313.61,3133415.85,9400247.56,Low Profitability,Medium CLV,Low Value,450,204
C0131,Corporate,Rental,South,2020-12-18,4.04,32,7.92,59008448.8,1844014.02,2228,46237660,12470596.66,21.13,14612092.15,3088057.92,9264173.76,Medium Profitability,Medium CLV,Medium Value,258,205
C0345,Retail,Infrastructure,West,2021-04-14,3.72,40,10.76,50444735.6,1261118.39,2405,39617420,11469655.38,22.74,13567702.27,3084898.11,9254694.32,Medium Profitability,Medium CLV,Medium Value,331,206
C0459,Retail,Logistics,East,2019-12-24,5.02,41,8.16,71816909.8,1751631.95,2849,56361360,15443496.99,21.5,14294891.72,3073971.27,9221913.8,High Profitability,Medium CLV,High Value,76,207
C0290,Corporate,Construction,West,2020-12-06,4.07,40,9.83,57372288.2,1434307.2,2504,45014240,12505977.86,21.8,14092285.32,3071828.12,9215484.36,Medium Profitability,Medium CLV,Medium Value,253,208
C0308,Retail,Mining,North,2021-05-28,3.6,33,9.17,50359329.6,1526040.29,2159,39549470,11047566.78,21.94,13998283.97,3070870.45,9212611.34,Medium Profitability,Medium CLV,Medium Value,365,209
C0027,Fleet Owner,Logistics,West,2021-02-15,3.88,39,10.06,54309976.4,1392563.5,2310,42577230,11762937.04,21.66,14008982.26,3034189.8,9102569.39,Medium Profitability,Medium CLV,Medium Value,313,210
C0254,Dealer,Mining,West,2018-08-27,6.35,48,7.56,89556446.6,1865759.3,3425,70227620,19241347.17,21.49,14105429.98,3030574.41,9091723.23,High Profitability,Medium CLV,High Value,10,211
C0051,Retail,Infrastructure,North,2020-08-17,4.38,36,8.23,59420710.4,1650575.29,2586,46593280,13150273.35,22.13,13581611.06,3005717.99,9017153.96,Medium Profitability,Medium CLV,Medium Value,205,212
C0297,Fleet Owner,Rental,South,2019-09-07,5.32,34,6.39,73065015.6,2148971.05,2775,57279920,15927810.09,21.8,13734944.39,2994149.58,8982448.74,High Profitability,Medium CLV,High Value,63,213
C0468,Fleet Owner,Rental,South,2019-07-20,5.45,49,8.98,75254807.6,1535812.4,3438,59022070,16289680.98,21.65,13798603.65,2986850.39,8960551.17,High Profitability,Medium CLV,High Value,51,214
C0031,Government,Mining,East,2021-04-12,3.72,34,9.13,50500841.8,1485318.88,2180,39680260,11081907.31,21.94,13562817.99,2976225.47,8928676.42,Medium Profitability,Medium CLV,Medium Value,359,215
C0257,Corporate,Logistics,North,2019-05-15,5.63,43,7.63,76189558.0,1771850.19,3264,59812600,16718701.61,21.94,13521980.59,2967203.97,8901611.9,High Profitability,Medium CLV,High Value,41,216
C0083,Dealer,Infrastructure,North,2018-08-06,6.41,45,7.02,89672688.2,1992726.4,3381,70378740,18983860.67,21.17,13996986.91,2963185.94,8889557.83,High Profitability,Medium CLV,High Value,12,217
C0422,Government,Construction,South,2020-04-12,4.72,37,7.83,65678984.2,1775107.68,2655,51607190,13975955.14,21.28,13906811.0,2959256.59,8877769.77,Medium Profitability,Medium CLV,Medium Value,145,218
C0094,Corporate,Logistics,West,2021-08-18,3.37,31,9.19,46343009.2,1494935.78,1934,36407440,9980424.73,21.54,13739272.82,2958888.09,8876664.28,Low Profitability,Medium CLV,Low Value,427,219
C0478,Retail,Rental,North,2019-06-16,5.55,44,7.93,75901402.2,1725031.87,3141,59528290,16397585.33,21.6,13683606.69,2956178.7,8868536.09,High Profitability,Medium CLV,High Value,48,220
C0436,Fleet Owner,Logistics,East,2020-08-19,4.37,34,7.78,57784314.2,1699538.65,2530,45357190,12851140.75,22.24,13224135.82,2941027.04,8823081.13,Medium Profitability,Medium CLV,Medium Value,226,221
C0059,Retail,Manufacturing,South,2020-10-11,4.22,32,7.57,56859509.4,1776859.67,2341,44636580,12351707.38,21.72,13459452.89,2923824.45,8771473.34,Medium Profitability,Medium CLV,Medium Value,265,222
C0205,Retail,Construction,North,2021-01-08,3.98,33,8.29,51965845.0,1574722.58,2020,40742250,11580715.27,22.29,13054006.11,2909117.09,8727351.28,Medium Profitability,Medium CLV,Medium Value,325,223
C0073,Corporate,Rental,North,2020-11-09,4.15,32,7.72,56970903.6,1780340.74,2151,44726770,12052522.46,21.16,13744136.42,2907651.14,8722953.43,Medium Profitability,Medium CLV,Medium Value,291,224
C0123,Corporate,Infrastructure,East,2019-10-22,5.2,36,6.93,70019319.0,1944981.08,2644,54900300,15097500.13,21.56,13474476.43,2905354.02,8716062.05,High Profitability,Medium CLV,High Value,94,225
C0149,Government,Manufacturing,West,2020-04-16,4.71,38,8.06,65235052.4,1716711.91,2566,51241680,13675288.7,20.96,13844917.43,2902323.76,8706971.29,Medium Profitability,Medium CLV,Medium Value,166,226
C0217,Corporate,Infrastructure,North,2020-07-30,4.42,36,8.14,61360958.2,1704471.06,2339,48179740,12820528.8,20.89,13868867.56,2897709.25,8693127.74,Medium Profitability,Medium CLV,Medium Value,228,227
C0294,Government,Infrastructure,South,2018-10-22,6.2,45,7.26,79772077.0,1772712.82,3654,62587650,17868154.72,22.4,12875276.68,2883934.38,8651803.15,High Profitability,Medium CLV,High Value,24,228
C0107,Fleet Owner,Construction,North,2018-06-21,6.53,49,7.5,85196217.6,1738698.32,3857,66825070,18801425.58,22.07,13041876.98,2878131.05,8634393.16,High Profitability,Medium CLV,High Value,14,229
C0213,Fleet Owner,Rental,West,2020-03-05,4.83,30,6.22,66248437.6,2208281.25,2213,51921070,13873919.7,20.94,13725037.91,2874333.05,8622999.16,Medium Profitability,Medium CLV,Medium Value,154,230
C0431,Government,Logistics,West,2021-07-27,3.43,28,8.16,45787279.2,1635259.97,1797,35920190,9860452.3,21.54,13336366.61,2872033.65,8616100.96,Low Profitability,Medium CLV,Low Value,434,231
C0097,Corporate,Construction,West,2021-05-12,3.64,26,7.14,47499351.2,1826898.12,1822,37217840,10392499.56,21.88,13044464.68,2854030.42,8562091.27,Low Profitability,Medium CLV,Low Value,405,232
C0165,Fleet Owner,Manufacturing,North,2018-09-29,6.26,50,7.99,79168592.4,1583371.85,3496,62168180,17813023.68,22.5,12649312.5,2846109.75,8538329.26,High Profitability,Medium CLV,High Value,26,233
C0472,Dealer,Manufacturing,South,2020-10-07,4.24,34,8.03,54888819.4,1614377.04,2669,43087580,12053326.32,21.96,12959367.35,2845816.06,8537448.17,Medium Profitability,Medium CLV,Medium Value,290,234
C0271,Corporate,Infrastructure,South,2022-01-16,2.96,24,8.11,37757473.8,1573228.08,1675,29644660,8387577.78,22.21,12757555.32,2834008.13,8502024.38,Low Profitability,Medium CLV,Low Value,481,235
C0118,Retail,Rental,South,2021-08-11,3.39,32,9.43,41835680.2,1307365.01,2110,32892640,9561387.47,22.85,12332915.41,2818641.46,8455924.39,Low Profitability,Medium CLV,Low Value,447,236
C0403,Government,Construction,East,2018-09-25,6.27,45,7.18,80523517.0,1789411.49,3459,63236900,17612376.09,21.87,12843325.15,2809135.53,8427406.59,High Profitability,Medium CLV,High Value,28,237
C0298,Fleet Owner,Construction,South,2021-04-18,3.71,33,8.9,46771231.0,1417310.03,2167,36725200,10319143.88,22.06,12616833.18,2783653.84,8350961.53,Low Profitability,Medium CLV,Low Value,410,238
C0447,Fleet Owner,Rental,East,2020-03-08,4.82,33,6.85,61334243.8,1858613.45,2524,48124660,13388973.36,21.83,12728598.04,2778592.34,8335777.02,Medium Profitability,Medium CLV,Medium Value,183,239
C0370,Corporate,Infrastructure,East,2020-09-24,4.27,36,8.43,53881174.6,1496699.29,2351,42286970,11864707.48,22.02,12615448.09,2777938.72,8333816.17,Medium Profitability,Medium CLV,Medium Value,305,240
C0319,Dealer,Mining,South,2020-04-20,4.7,33,7.02,60426895.0,1831118.03,2588,47364750,13025667.06,21.56,12854352.59,2770893.94,8312681.82,Medium Profitability,Medium CLV,Medium Value,216,241
C0384,Retail,Construction,South,2019-06-21,5.53,39,7.05,72157498.2,1850192.26,3025,56692240,15292528.8,21.19,13040834.35,2763778.4,8291335.2,High Profitability,Medium CLV,High Value,83,242
C0040,Government,Logistics,North,2020-08-01,4.42,43,9.73,53757984.6,1250185.69,2648,42259970,12209156.91,22.71,12165491.87,2762945.82,8288837.47,Medium Profitability,Medium CLV,Medium Value,277,243
C0041,Government,Rental,South,2019-08-17,5.38,38,7.07,68044561.6,1790646.36,2815,53358620,14768365.77,21.7,12654417.58,2746509.98,8239529.94,High Profitability,Medium CLV,High Value,107,244
C0434,Corporate,Mining,Central,2020-10-07,4.24,33,7.79,54575670.2,1653808.19,2130,42768890,11592685.08,21.24,12885432.15,2737057.68,8211173.03,Medium Profitability,Medium CLV,Medium Value,323,245
C0489,Fleet Owner,Rental,South,2019-03-26,5.77,47,8.14,70625273.0,1502665.38,3064,55400350,15697624.95,22.23,12237135.18,2719903.94,8159711.83,High Profitability,Medium CLV,High Value,71,246
C0419,Fleet Owner,Logistics,West,2020-02-06,4.9,31,6.32,61514207.2,1984329.26,2198,48221790,13271023.92,21.57,12544982.79,2706444.16,8119332.47,Medium Profitability,Medium CLV,Medium Value,194,247
C0432,Fleet Owner,Mining,South,2020-12-24,4.02,37,9.2,49310040.8,1332703.81,2205,38717560,10764573.7,21.83,12260376.04,2676487.78,8029463.33,Low Profitability,Medium CLV,Low Value,381,248
C0046,Retail,Rental,West,2017-12-28,7.01,46,6.56,87078641.0,1893013.93,3109,68236200,18643472.14,21.41,12419161.9,2658933.31,7976799.92,High Profitability,Medium CLV,High Value,17,249
C0288,Dealer,Infrastructure,North,2017-02-11,7.89,55,6.97,97218403.8,1767607.34,4116,76291160,20834645.29,21.43,12325241.93,2641393.33,7924180.0,High Profitability,Medium CLV,High Value,2,250
C0154,Fleet Owner,Logistics,North,2018-10-04,6.25,45,7.21,74171590.6,1648257.57,3072,58187170,16331397.73,22.02,11876884.47,2615099.97,7845299.9,High Profitability,Medium CLV,High Value,49,251
C0360,Dealer,Construction,West,2020-06-09,4.56,31,6.79,54662201.0,1763296.81,2233,42914200,11814028.26,21.61,11976825.98,2588526.59,7765579.76,Medium Profitability,Medium CLV,Medium Value,309,252
C0433,Dealer,Infrastructure,North,2020-02-21,4.86,31,6.38,57020323.4,1839365.27,2521,44764880,12490197.5,21.9,11726730.36,2568718.83,7706156.48,Medium Profitability,Medium CLV,Medium Value,256,253
C0158,Corporate,Infrastructure,East,2019-12-23,5.03,36,7.16,58875735.2,1635437.09,2349,46231390,12888017.76,21.89,11712615.62,2563915.3,7691745.89,Medium Profitability,Medium CLV,Medium Value,225,254
C0012,Fleet Owner,Logistics,South,2020-08-11,4.39,37,8.43,53404468.4,1443364.01,1944,41835630,11255025.07,21.08,12160836.71,2562903.93,7688711.8,Medium Profitability,Medium CLV,Medium Value,347,255
C0420,Retail,Rental,South,2017-01-26,7.93,46,5.8,92482888.8,2010497.58,3596,72545910,20297908.2,21.95,11660122.59,2559133.92,7677401.76,High Profitability,Medium CLV,High Value,4,256
C0015,Government,Rental,West,2019-09-15,5.3,34,6.42,61028370.8,1794952.08,2350,47922560,13444832.79,22.03,11519696.35,2537842.47,7613527.41,Medium Profitability,Medium CLV,Medium Value,180,257
C0286,Dealer,Construction,South,2019-08-31,5.34,36,6.74,60273490.2,1674263.62,2640,47333390,13534895.96,22.46,11289688.36,2535190.13,7605570.38,Medium Profitability,Medium CLV,Medium Value,175,258
C0017,Government,Infrastructure,South,2019-11-22,5.11,39,7.63,59194497.0,1517807.62,2440,46409400,12791249.69,21.61,11580498.14,2502412.4,7507237.2,Medium Profitability,Medium CLV,Medium Value,232,259
C0136,Dealer,Mining,West,2020-11-06,4.15,37,8.91,45774176.2,1237139.9,2041,35915090,10326798.03,22.56,11021106.04,2486396.16,7459188.49,Low Profitability,Medium CLV,Low Value,409,260
C0333,Corporate,Mining,South,2019-06-10,5.56,39,7.01,63220923.0,1621049.31,2835,49686600,13807584.53,21.84,11363898.68,2481899.73,7445699.19,Medium Profitability,Medium CLV,Medium Value,157,261
C0283,Retail,Logistics,North,2021-01-29,3.92,31,7.9,44490975.8,1435192.77,2069,34916310,9736732.73,21.88,11340076.0,2481745.73,7445237.19,Low Profitability,Medium CLV,Low Value,438,262
C0227,Fleet Owner,Infrastructure,East,2019-12-10,5.06,34,6.72,57926647.6,1703724.93,2172,45457070,12541139.38,21.65,11442784.23,2477366.77,7432100.31,Medium Profitability,Medium CLV,Medium Value,251,263
C0242,Government,Construction,South,2018-07-14,6.47,47,7.26,73225487.6,1557989.1,2958,57416320,15810680.76,21.59,11318497.4,2443864.22,7331592.65,High Profitability,Medium CLV,High Value,68,264
C0330,Retail,Infrastructure,East,2019-12-31,5.0,38,7.59,54285450.6,1428564.49,2695,42673670,12153809.79,22.39,10846696.3,2428434.92,7285304.75,Medium Profitability,Medium CLV,Medium Value,284,265
C0036,Fleet Owner,Construction,East,2020-06-23,4.53,31,6.85,48929201.8,1578361.35,2061,38418260,10969612.99,22.42,10811488.78,2423866.39,7271599.17,Medium Profitability,Medium CLV,Medium Value,370,266
C0225,Fleet Owner,Logistics,North,2018-12-04,6.08,48,7.9,69254158.0,1442794.96,2791,54324600,14725885.54,21.26,11394180.72,2422806.17,7268418.5,High Profitability,Medium CLV,High Value,111,267
C0396,Government,Manufacturing,West,2019-03-19,5.79,38,6.56,64506474.4,1697538.8,2731,50680080,13888537.21,21.53,11139947.88,2398481.43,7195444.28,Medium Profitability,Medium CLV,Medium Value,152,268
C0365,Government,Manufacturing,East,2019-05-16,5.63,39,6.93,60336743.2,1547095.98,2697,47362240,13453246.04,22.3,10713658.46,2388817.75,7166453.26,Medium Profitability,Medium CLV,Medium Value,179,269
C0307,Dealer,Manufacturing,West,2018-03-10,6.81,42,6.16,73655534.6,1753703.2,2971,57776220,16257056.64,22.07,10808631.58,2385652.85,7156958.54,High Profitability,Medium CLV,High Value,53,270
C0358,Government,Infrastructure,West,2019-07-20,5.45,36,6.6,59405501.6,1650152.82,2398,46632120,12944048.29,21.79,10892499.73,2373400.42,7120201.26,Medium Profitability,Medium CLV,Medium Value,223,271
C0173,Retail,Logistics,South,2019-07-20,5.45,31,5.68,57999777.4,1870960.56,2502,45510430,12935460.63,22.3,10634748.34,2371825.8,7115477.4,Medium Profitability,Medium CLV,Medium Value,224,272
C0188,Corporate,Logistics,West,2019-12-26,5.02,39,7.77,54387524.8,1394551.92,2365,42691360,11773574.82,21.65,10837448.68,2346043.76,7038131.27,Medium Profitability,Medium CLV,Medium Value,312,273
C0202,Government,Logistics,North,2020-05-05,4.66,28,6.01,50389917.2,1799639.9,2183,39546540,10889406.44,21.61,10813699.92,2336871.74,7010615.22,Medium Profitability,Medium CLV,Medium Value,372,274
C0482,Fleet Owner,Logistics,East,2018-05-29,6.6,31,4.7,73762403.2,2379432.36,2461,57846740,15330949.98,20.78,11183776.57,2324462.22,6973386.65,High Profitability,Medium CLV,High Value,81,275
C0129,Corporate,Mining,North,2017-11-23,7.11,36,5.07,76393252.6,2122034.79,2939,59941820,16289310.59,21.32,10748318.76,2291860.82,6875582.46,High Profitability,Medium CLV,High Value,52,276
C0448,Fleet Owner,Logistics,East,2018-06-29,6.51,36,5.53,68495840.4,1902662.23,2526,53706280,14878368.83,21.72,10520650.0,2285249.88,6855749.64,High Profitability,Medium CLV,High Value,103,277
C0284,Corporate,Manufacturing,East,2018-05-25,6.61,41,6.21,69641823.4,1698581.06,3035,54612880,15082384.66,21.66,10541515.13,2282984.25,6848952.75,High Profitability,Medium CLV,High Value,95,278
C0266,Fleet Owner,Rental,South,2020-02-07,4.9,35,7.14,50717014.0,1449057.54,2425,39797800,11067164.2,21.82,10348820.87,2258257.95,6774773.84,Medium Profitability,Medium CLV,Medium Value,361,279
C0198,Government,Mining,West,2019-02-28,5.84,36,6.16,63577917.2,1766053.26,2375,49819290,13128661.2,20.65,10881834.23,2247068.18,6741204.55,Medium Profitability,Medium CLV,Medium Value,206,280
C0103,Dealer,Infrastructure,South,2017-11-07,7.15,40,5.59,75304293.2,1882607.33,2899,59164240,16025726.21,21.28,10530204.09,2240963.44,6722890.31,High Profitability,Medium CLV,High Value,60,281
C0176,Dealer,Logistics,South,2018-07-07,6.49,42,6.47,66901722.8,1592898.16,2872,52504460,14505688.28,21.68,10310487.03,2235528.54,6706585.63,High Profitability,Medium CLV,High Value,122,282
C0060,Dealer,Mining,South,2017-07-21,7.45,44,5.91,77163010.4,1753704.78,3190,60575030,16601114.1,21.51,10357879.29,2228429.59,6685288.78,High Profitability,Medium CLV,High Value,44,283
C0300,Dealer,Mining,North,2017-11-22,7.11,40,5.63,72746205.0,1818655.12,2801,57051500,15836613.28,21.77,10231248.12,2227309.59,6681928.76,High Profitability,Medium CLV,High Value,67,284
C0455,Retail,Logistics,Central,2018-09-12,6.31,35,5.55,63287015.4,1808200.44,2493,49656280,13995512.87,22.11,10037161.26,2219653.09,6658959.28,Medium Profitability,Medium CLV,Medium Value,143,285
C0417,Fleet Owner,Mining,East,2019-10-01,5.25,32,6.09,51984530.4,1624516.58,2135,40806780,11582203.76,22.28,9894397.98,2204481.46,6613444.38,Medium Profitability,Medium CLV,Medium Value,324,286
C0324,Corporate,Mining,South,2019-11-10,5.14,35,6.8,52335374.8,1495296.42,2391,41098360,11330233.84,21.65,10173228.12,2202431.03,6607293.1,Medium Profitability,Medium CLV,Medium Value,341,287
C0230,Dealer,Infrastructure,North,2018-10-14,6.22,38,6.11,62086661.8,1633859.52,2971,48757760,13687423.66,22.05,9985536.43,2201378.9,6604136.71,Medium Profitability,Medium CLV,Medium Value,162,288
C0011,Retail,Infrastructure,West,2019-03-12,5.81,41,7.06,57187490.8,1394816.85,2717,44933810,12763015.7,22.32,9843417.07,2196838.59,6590515.76,Medium Profitability,Medium CLV,Medium Value,237,289
C0407,Dealer,Logistics,South,2019-07-21,5.45,38,6.97,54609453.4,1437090.88,2248,42882880,11946563.54,21.88,10018133.03,2191603.38,6574810.15,Medium Profitability,Medium CLV,Medium Value,298,290
C0323,Government,Manufacturing,West,2019-11-28,5.1,36,7.07,50291498.8,1396986.08,2227,39487910,11082130.96,22.04,9870483.58,2175039.41,6525118.22,Medium Profitability,Medium CLV,Medium Value,358,291
C0047,Corporate,Rental,West,2019-05-25,5.61,30,5.35,57880918.0,1929363.93,2272,45416100,12090427.15,20.89,10322756.49,2156263.92,6468791.77,Medium Profitability,Medium CLV,Medium Value,287,292
C0087,Government,Logistics,South,2019-10-04,5.25,39,7.43,50370513.4,1291551.63,2510,39608130,11281907.96,22.4,9602207.73,2150687.31,6452061.92,Medium Profitability,Medium CLV,Medium Value,345,293
C0446,Retail,Logistics,South,2019-09-19,5.29,34,6.43,52035543.6,1530457.16,2246,40839770,11356189.54,21.82,9842559.45,2148031.19,6444093.57,Medium Profitability,Medium CLV,Medium Value,338,294
C0159,Dealer,Construction,South,2019-10-10,5.23,34,6.5,49934036.2,1468648.12,2408,39245590,11224209.5,22.48,9548904.04,2146409.7,6439229.09,Medium Profitability,Medium CLV,Medium Value,350,295
C0343,Corporate,Construction,West,2018-02-15,6.88,40,5.82,68419201.6,1710480.04,2672,53611870,14718279.98,21.51,9948293.54,2140068.38,6420205.13,High Profitability,Medium CLV,High Value,112,296
C0200,Retail,Logistics,East,2016-05-04,8.66,47,5.43,84469856.6,1797230.99,3496,66268870,18401936.34,21.79,9751142.58,2124306.97,6372920.91,High Profitability,Medium CLV,High Value,19,297
C0203,Government,Manufacturing,West,2019-07-25,5.44,35,6.43,53777085.6,1536488.16,2299,42161670,11541158.62,21.46,9885294.67,2121493.8,6364481.41,Medium Profitability,Medium CLV,Medium Value,326,298
C0314,Retail,Logistics,East,2018-12-20,6.03,36,5.97,58625243.8,1628478.99,2236,46037410,12783341.41,21.81,9715458.39,2118473.43,6355420.3,Medium Profitability,Medium CLV,Medium Value,233,299
C0375,Fleet Owner,Mining,West,2016-10-07,8.24,42,5.1,81286325.6,1935388.7,3033,63738420,17435439.87,21.45,9870289.37,2117119.15,6351357.46,High Profitability,Medium CLV,High Value,31,300
C0181,Government,Construction,West,2019-06-25,5.52,36,6.52,53087081.0,1474641.14,2363,41700450,11691133.76,22.02,9613314.99,2117097.97,6351293.91,Medium Profitability,Medium CLV,Medium Value,319,301
C0215,Corporate,Rental,South,2017-02-23,7.85,49,6.24,73940925.4,1508998.48,3690,58120530,16587235.01,22.43,9413357.62,2111707.07,6335121.21,High Profitability,Medium CLV,High Value,45,302
C0278,Fleet Owner,Logistics,West,2019-11-25,5.1,38,7.45,47107787.2,1239678.61,2662,37042540,10734981.56,22.79,9230750.68,2103515.03,6310545.09,Low Profitability,Medium CLV,Low Value,382,303
C0178,Dealer,Logistics,East,2015-07-14,9.47,54,5.7,89493824.6,1657293.05,3693,70236970,19804303.54,22.13,9450020.07,2091217.65,6273652.96,High Profitability,Medium CLV,High Value,8,304
C0121,Government,Construction,West,2020-03-13,4.8,34,7.08,47029566.2,1383222.54,1853,36904340,10042192.76,21.35,9787777.24,2089977.72,6269933.17,Low Profitability,Medium CLV,Low Value,424,305
C0311,Government,Infrastructure,North,2017-11-07,7.15,41,5.73,69331648.2,1691015.81,2780,54370990,14922770.15,21.52,9695017.04,2086731.16,6260193.49,High Profitability,Medium CLV,High Value,99,306
C0224,Retail,Manufacturing,East,2019-04-20,5.7,36,6.31,54050072.4,1501390.9,2307,42395680,11821081.0,21.87,9477575.11,2072803.57,6218410.71,Medium Profitability,Medium CLV,Medium Value,308,307
C0377,Dealer,Logistics,West,2017-12-26,7.02,37,5.27,68519191.2,1851870.03,2676,53755340,14509605.29,21.18,9764586.26,2067746.13,6203238.39,High Profitability,Medium CLV,High Value,121,308
C0488,Government,Construction,South,2017-09-05,7.32,37,5.05,67251532.8,1817608.99,2909,52826960,15103662.41,22.46,9182662.56,2062285.12,6186855.36,High Profitability,Medium CLV,High Value,93,309
C0032,Government,Logistics,West,2017-04-27,7.68,44,5.73,71991263.0,1636165.07,3015,56493850,15655079.61,21.75,9370922.6,2037782.55,6113347.64,High Profitability,Medium CLV,High Value,73,310
C0043,Corporate,Construction,South,2019-07-21,5.45,36,6.6,47644638.8,1323462.19,2472,37467660,11065733.85,23.23,8740434.11,2030014.71,6090044.13,Medium Profitability,Medium CLV,Medium Value,362,311
C0163,Dealer,Logistics,West,2019-10-07,5.24,38,7.26,46377823.0,1220469.03,2482,36480350,10614144.68,22.89,8854939.81,2026563.69,6079691.08,Low Profitability,Medium CLV,Low Value,390,312
C0349,Corporate,Rental,West,2018-12-07,6.07,33,5.44,56613876.0,1715572.0,2459,44485700,12247634.9,21.63,9327116.92,2017793.71,6053381.12,Medium Profitability,Medium CLV,Medium Value,274,313
C0189,Government,Manufacturing,South,2018-04-20,6.7,35,5.22,61121980.8,1746342.31,2752,47996060,13439027.04,21.99,9119609.27,2005148.95,6015446.85,Medium Profitability,Medium CLV,Medium Value,182,314
C0169,Fleet Owner,Construction,West,2017-06-15,7.55,40,5.3,69450095.6,1736252.39,2751,54509920,15132457.86,21.79,9200815.17,2004762.51,6014287.52,High Profitability,Medium CLV,High Value,91,315
C0393,Retail,Rental,East,2019-04-04,5.75,39,6.79,51240981.8,1313871.33,2192,40195010,11501479.81,22.45,8916516.72,2001389.0,6004166.99,Medium Profitability,Medium CLV,Medium Value,330,316
C0190,Retail,Manufacturing,North,2018-12-03,6.08,35,5.76,56351528.4,1610043.67,2251,44179380,12161162.47,21.58,9267175.03,1999939.03,5999817.1,Medium Profitability,Medium CLV,Medium Value,283,317
C0186,Fleet Owner,Infrastructure,East,2017-05-16,7.63,40,5.24,70676837.0,1766920.92,2815,55408900,15207468.14,21.52,9262545.65,1993013.18,5979039.55,High Profitability,Medium CLV,High Value,88,318
C0379,Retail,Mining,West,2017-11-11,7.14,41,5.74,64194052.6,1565708.6,2899,50443570,14193604.65,22.11,8990367.22,1987812.15,5963436.46,Medium Profitability,Medium CLV,Medium Value,132,319
C0055,Dealer,Construction,North,2018-07-24,6.44,32,4.97,59056095.2,1845502.98,2627,46311140,12793207.08,21.66,9167122.3,1985855.88,5957567.64,Medium Profitability,Medium CLV,Medium Value,231,320
C0287,Dealer,Manufacturing,South,2018-12-09,6.06,36,5.94,55179366.6,1532760.18,2332,43261120,12039557.99,21.82,9098990.36,1985304.09,5955912.27,Medium Profitability,Medium CLV,Medium Value,293,321
C0063,Retail,Rental,North,2017-05-06,7.66,38,4.96,72065344.4,1896456.43,2571,56519080,15196486.43,21.09,9410749.75,1984453.58,5953360.75,High Profitability,Medium CLV,High Value,89,322
C0133,Government,Mining,South,2019-05-14,5.64,29,5.14,51247358.0,1767150.28,1898,40181100,11169837.82,21.8,9090868.14,1981439.18,5944317.53,Medium Profitability,Medium CLV,Medium Value,354,323
C0238,Corporate,Construction,South,2020-10-12,4.22,30,7.11,36717219.2,1223907.31,1858,28891440,8338304.86,22.71,8697123.42,1975075.13,5925225.39,Low Profitability,Medium CLV,Low Value,483,324
C0042,Fleet Owner,Rental,South,2016-10-29,8.18,41,5.02,73882726.2,1802017.71,2976,57941340,16135470.8,21.84,9037396.43,1973704.19,5921112.57,High Profitability,Medium CLV,High Value,57,325
C0259,Fleet Owner,Logistics,South,2018-05-11,6.64,33,4.97,60202150.6,1824307.59,2294,47259670,13092178.43,21.75,9060088.8,1970300.03,5910900.09,Medium Profitability,Medium CLV,Medium Value,211,326
C0400,Government,Infrastructure,North,2019-04-19,5.71,35,6.13,51694363.6,1476981.82,2252,40610020,11216547.08,21.7,9060156.58,1965855.96,5897567.88,Medium Profitability,Medium CLV,Medium Value,351,327
C0361,Government,Logistics,South,2019-04-10,5.73,32,5.58,52532617.8,1641644.31,2159,41202210,11260193.17,21.43,9167481.44,1965019.38,5895058.13,Medium Profitability,Medium CLV,Medium Value,346,328
C0140,Retail,Logistics,West,2018-04-03,6.75,37,5.48,60136648.6,1625314.83,2498,47230520,13247660.31,22.03,8910714.36,1962964.68,5888894.03,Medium Profitability,Medium CLV,Medium Value,196,329
C0367,Fleet Owner,Logistics,South,2018-09-01,6.34,27,4.26,57592654.8,2133061.29,2168,45173860,12424209.37,21.57,9090629.72,1961081.45,5883244.35,Medium Profitability,Medium CLV,Medium Value,261,330
C0260,Dealer,Logistics,South,2018-11-22,6.11,32,5.24,55524668.6,1735145.89,2342,43590270,11981577.0,21.58,9086194.09,1960694.89,5882084.68,Medium Profitability,Medium CLV,Medium Value,296,331
C0383,Fleet Owner,Infrastructure,North,2017-07-16,7.46,41,5.49,68192154.0,1663223.27,2781,53480050,14627293.92,21.45,9136898.11,1959874.95,5879624.84,High Profitability,Medium CLV,High Value,116,332
C0484,Fleet Owner,Mining,West,2019-07-31,5.42,27,4.98,48200851.6,1785216.73,2160,37883370,10574126.89,21.94,8887108.05,1949621.33,5848863.98,Low Profitability,Medium CLV,Low Value,392,333
C0185,Dealer,Logistics,West,2019-09-23,5.28,33,6.25,47500335.2,1439404.1,2052,37319640,10277978.54,21.64,9003371.79,1948122.29,5844366.88,Low Profitability,Medium CLV,Low Value,414,334
C0479,Retail,Construction,West,2020-10-13,4.22,26,6.16,37716131.0,1450620.42,1748,29592950,8218169.16,21.79,8939530.73,1947882.08,5843646.24,Low Profitability,Medium CLV,Low Value,485,335
C0304,Dealer,Construction,North,2015-05-13,9.64,48,4.98,86460648.4,1801263.51,3566,67903880,18698397.2,21.63,8968972.4,1939673.27,5819019.8,High Profitability,Medium CLV,High Value,16,336
C0004,Fleet Owner,Logistics,South,2017-12-20,7.03,46,6.54,60843242.8,1322679.19,2879,47754210,13624919.68,22.39,8650445.48,1937135.82,5811407.45,Medium Profitability,Medium CLV,Medium Value,167,337
C0469,Government,Manufacturing,North,2017-05-20,7.62,40,5.25,68502617.4,1712565.44,2820,53714930,14758826.94,21.54,8990507.01,1936996.6,5810989.8,High Profitability,Medium CLV,High Value,108,338
C0296,Corporate,Manufacturing,East,2018-09-16,6.29,40,6.35,56944680.8,1423617.02,2558,44706560,12188841.92,21.4,9046996.37,1936483.04,5809449.12,Medium Profitability,Medium CLV,Medium Value,280,339
C0093,Dealer,Manufacturing,South,2018-07-04,6.5,36,5.54,57944235.8,1609562.11,2522,45460060,12541238.23,21.64,8918724.03,1930335.97,5791007.92,Medium Profitability,Medium CLV,Medium Value,249,340
C0102,Government,Infrastructure,East,2017-02-13,7.88,34,4.31,71864051.2,2113648.56,2736,56370590,15170330.41,21.11,9117174.26,1924613.82,5773841.45,High Profitability,Medium CLV,High Value,90,341
C0462,Retail,Logistics,South,2015-07-20,9.45,49,5.18,82777824.6,1689343.36,3546,64949220,18185323.91,21.97,8756038.35,1923599.64,5770798.92,High Profitability,Medium CLV,High Value,22,342
C0424,Retail,Construction,West,2018-04-26,6.69,35,5.23,58183379.4,1662382.27,2714,45692330,12780347.49,21.97,8702489.49,1911556.89,5734670.66,Medium Profitability,Medium CLV,Medium Value,234,343
C0235,Fleet Owner,Mining,East,2018-01-05,6.99,38,5.44,60478356.4,1591535.69,2602,47454230,13312880.01,22.01,8652455.81,1904633.54,5713900.62,Medium Profitability,Medium CLV,Medium Value,191,344
C0389,Retail,Mining,West,2019-06-05,5.58,30,5.38,48796477.0,1626549.23,1924,38241650,10549850.26,21.62,8749589.21,1891670.5,5675011.5,Low Profitability,Medium CLV,Low Value,394,345
C0126,Dealer,Manufacturing,South,2017-11-24,7.1,33,4.64,64059034.8,1941182.87,2272,50213860,13361103.33,20.86,9016401.72,1880594.6,5641783.8,Medium Profitability,Medium CLV,Medium Value,186,346
C0331,Dealer,Logistics,North,2016-10-17,8.21,42,5.12,67826105.8,1614907.28,3332,53327060,15341993.38,22.62,8263337.27,1869133.78,5607401.35,High Profitability,Medium CLV,High Value,80,347
C0058,Retail,Infrastructure,West,2018-05-11,6.64,40,6.02,56831525.0,1420788.12,2537,44606750,12388615.42,21.8,8552828.39,1864417.71,5593253.13,Medium Profitability,Medium CLV,Medium Value,263,348
C0414,Dealer,Construction,South,2017-04-17,7.71,40,5.19,66316815.6,1657920.39,2477,52044170,14351731.29,21.64,8601639.52,1861494.98,5584484.93,Medium Profitability,Medium CLV,Medium Value,126,349
C0119,Government,Manufacturing,West,2016-10-29,8.18,51,6.24,67143205.2,1316533.44,2990,52748640,14987360.52,22.32,8213012.63,1833266.39,5499799.16,High Profitability,Medium CLV,High Value,96,350
C0388,Fleet Owner,Infrastructure,West,2020-05-15,4.63,27,5.83,39389408.6,1458866.99,1660,30890020,8484423.86,21.54,8502944.14,1831522.35,5494567.05,Low Profitability,Medium CLV,Low Value,478,351
C0090,Government,Infrastructure,North,2018-08-05,6.41,43,6.71,51915256.6,1207331.55,2647,40810370,11717372.32,22.57,8099977.56,1828180.37,5484541.1,Medium Profitability,Medium CLV,Medium Value,316,352
C0072,Government,Logistics,West,2018-08-05,6.41,26,4.06,55369763.0,2129606.27,1998,43449850,11713747.53,21.16,8638960.25,1827614.82,5482844.45,Medium Profitability,Medium CLV,Medium Value,318,353
C0335,Government,Infrastructure,North East,2017-09-19,7.29,38,5.22,60351028.0,1588184.95,2769,47401100,13247390.22,21.95,8283807.96,1818342.46,5455027.37,Medium Profitability,Medium CLV,Medium Value,197,354
C0109,Retail,Mining,South,2016-08-02,8.42,44,5.23,69451949.0,1578453.39,3308,54539050,15255587.48,21.97,8252220.03,1812655.6,5437966.81,High Profitability,Medium CLV,High Value,86,355
C0461,Corporate,Infrastructure,North,2018-02-10,6.89,36,5.22,56714684.2,1575407.89,2715,44543940,12436350.41,21.93,8230051.01,1804678.98,5414036.93,Medium Profitability,Medium CLV,Medium Value,260,356
C0234,Corporate,Infrastructure,West,2016-06-26,8.52,29,3.4,72295152.4,2492936.29,2492,56717930,15355291.7,21.24,8487883.13,1802803.05,5408409.15,High Profitability,Medium CLV,High Value,77,357
C0135,Retail,Rental,South,2017-10-17,7.21,35,4.86,62791824.6,1794052.13,2223,49182970,12968717.14,20.65,8710487.63,1799021.62,5397064.87,Medium Profitability,Medium CLV,Medium Value,221,358
C0247,Corporate,Logistics,East,2016-09-28,8.26,39,4.72,67759559.6,1737424.61,2862,53174220,14808409.72,21.85,8203241.35,1792764.88,5378294.65,High Profitability,Medium CLV,High Value,105,359
C0471,Fleet Owner,Logistics,West,2017-02-24,7.85,37,4.71,65501994.2,1770324.17,2635,51389940,14043882.34,21.44,8341911.92,1788538.36,5365615.09,Medium Profitability,Medium CLV,Medium Value,140,360
C0167,Retail,Mining,West,2018-09-25,6.27,31,4.94,50383279.4,1625267.08,2244,39616580,11195558.77,22.22,8036023.06,1785667.18,5357001.54,Medium Profitability,Medium CLV,Medium Value,352,361
C0171,Fleet Owner,Construction,South,2018-06-27,6.52,30,4.6,55348450.2,1844948.34,2101,43403890,11594104.41,20.95,8494126.65,1779305.31,5337915.93,Medium Profitability,Medium CLV,Medium Value,322,362
C0404,Government,Mining,West,2019-03-04,5.83,31,5.32,46035794.4,1485025.63,2127,36224330,10367608.87,22.52,7894166.15,1777825.89,5333477.66,Low Profitability,Medium CLV,Low Value,406,363
C0453,Dealer,Mining,East,2017-08-01,7.42,31,4.18,59284873.8,1912415.28,2527,46607160,13181896.19,22.23,7990332.16,1776637.48,5329912.45,Medium Profitability,Medium CLV,Medium Value,203,364
C0241,Government,Construction,West,2015-12-23,9.03,39,4.32,73396972.0,1881973.64,2954,57604400,16037055.11,21.85,8131102.22,1776625.53,5329876.6,High Profitability,Medium CLV,High Value,59,365
C0337,Corporate,Manufacturing,North,2016-02-18,8.87,34,3.83,73457151.8,2160504.46,2707,57585510,15749586.75,21.44,8280933.55,1775474.25,5326422.74,High Profitability,Medium CLV,High Value,69,366
C0187,Retail,Rental,North,2019-03-14,5.8,30,5.17,46901016.0,1563367.2,1981,36769950,10278063.28,21.91,8080469.86,1770784.25,5312352.75,Low Profitability,Medium CLV,Low Value,413,367
C0332,Corporate,Mining,South,2019-04-24,5.69,35,6.15,44566684.4,1273333.84,2151,35068830,9974701.3,22.38,7829716.92,1752409.64,5257228.93,Low Profitability,Medium CLV,Low Value,428,368
C0157,Dealer,Infrastructure,North,2018-03-03,6.83,34,4.98,55572804.4,1634494.25,2346,43654580,11946707.99,21.5,8132198.24,1748211.18,5244633.53,Medium Profitability,Medium CLV,Medium Value,297,369
C0071,Corporate,Rental,North,2015-12-28,9.01,42,4.66,72076738.0,1716112.81,3085,56572600,15695772.28,21.78,7996971.01,1741458.33,5224374.99,High Profitability,Medium CLV,High Value,72,370
C0074,Fleet Owner,Infrastructure,East,2018-08-08,6.4,39,6.09,50426138.6,1292977.91,2466,39627770,11141500.18,22.09,7877736.15,1740561.57,5221684.7,Medium Profitability,Medium CLV,Medium Value,356,371
C0148,Government,Construction,South,2018-03-18,6.79,35,5.15,54884128.4,1568117.95,2144,43008380,11799351.34,21.5,8079979.0,1737087.09,5211261.28,Medium Profitability,Medium CLV,Medium Value,311,372
C0334,Corporate,Mining,South,2019-12-27,5.02,33,6.58,37526956.6,1137180.5,1866,29449120,8680610.01,23.13,7481834.55,1730672.93,5192018.79,Low Profitability,Medium CLV,Low Value,473,373
C0327,Retail,Mining,West,2017-04-28,7.68,43,5.6,61017008.6,1419000.2,2598,47883020,13253387.57,21.72,7945262.88,1725775.33,5177326.0,Medium Profitability,Medium CLV,Medium Value,195,374
C0045,Corporate,Rental,East,2015-08-11,9.39,42,4.47,75275350.6,1792270.25,2924,59085670,16102014.58,21.39,8013500.96,1714153.55,5142460.65,High Profitability,Medium CLV,High Value,58,375
C0496,Government,Infrastructure,East,2018-10-05,6.24,37,5.93,48190097.0,1302435.05,2215,37818650,10654930.04,22.11,7719926.72,1706891.75,5120675.26,Low Profitability,Low CLV,Low Value,387,376
C0498,Fleet Owner,Construction,East,2017-01-31,7.92,28,3.54,64864362.8,2316584.39,2120,50845460,13496389.47,20.81,8192153.7,1704549.19,5113647.57,Medium Profitability,Low CLV,Low Value,178,377
C0204,Retail,Rental,South,2019-10-21,5.2,31,5.96,39880662.0,1286472.97,1913,31359900,8844431.65,22.18,7670569.67,1701120.94,5103362.81,Low Profitability,Low CLV,Low Value,467,378
C0494,Corporate,Construction,East,2018-09-27,6.26,32,5.11,48287535.6,1508985.49,2140,37868420,10639749.33,22.03,7708488.8,1698500.19,5095500.58,Low Profitability,Low CLV,Low Value,388,379
C0457,Retail,Manufacturing,East,2017-08-16,7.38,33,4.47,56578805.4,1714509.25,2509,44351780,12473763.99,22.05,7668055.17,1690553.73,5071661.18,Medium Profitability,Low CLV,Low Value,257,380
C0326,Government,Mining,East,2016-08-31,8.34,42,5.04,66177447.4,1575653.51,2853,51922180,14073985.81,21.27,7938033.72,1688185.0,5064554.99,Medium Profitability,Low CLV,Low Value,138,381
C0039,Fleet Owner,Rental,South,2016-11-19,8.12,38,4.68,62706510.2,1650171.32,2863,49221640,13683749.11,21.82,7724638.4,1685662.52,5056987.55,Medium Profitability,Low CLV,Low Value,163,382
C0218,Fleet Owner,Construction,West,2018-12-15,6.05,36,5.95,44324901.0,1231247.25,2187,34801450,10156509.88,22.91,7328958.85,1679341.44,5038024.31,Low Profitability,Low CLV,Low Value,418,383
C0412,Corporate,Infrastructure,East,2019-07-22,5.45,32,5.87,43246987.6,1351468.36,1897,33987820,9137141.94,21.13,7937669.46,1677055.83,5031167.48,Low Profitability,Low CLV,Low Value,457,384
C0351,Corporate,Rental,East,2018-11-13,6.14,34,5.54,44776790.6,1316964.43,2207,35183170,10243745.41,22.88,7297957.5,1669579.66,5008738.97,Low Profitability,Low CLV,Low Value,416,385
C0099,Fleet Owner,Rental,South,2017-05-17,7.63,44,5.77,56469516.0,1283398.09,2882,44372200,12659371.22,22.42,7403263.0,1659668.1,4979004.31,Medium Profitability,Low CLV,Low Value,244,386
C0166,Fleet Owner,Manufacturing,West,2015-10-23,9.19,32,3.48,69504759.6,2172023.74,2613,54482720,15217366.33,21.89,7560039.74,1655194.48,4965583.43,High Profitability,Low CLV,High Value,87,387
C0336,Government,Rental,East,2019-10-05,5.24,33,6.29,39095696.4,1184718.07,1916,30736480,8622994.0,22.06,7456764.03,1644672.88,4934018.63,Low Profitability,Low CLV,Low Value,476,388
C0237,Dealer,Infrastructure,South,2015-05-15,9.63,44,4.57,74820743.4,1700471.44,2630,58676380,15708146.76,20.99,7765921.15,1630406.54,4891219.61,High Profitability,Low CLV,High Value,70,389
C0415,Government,Infrastructure,North East,2016-01-03,9.0,33,3.67,68592455.6,2078559.26,2815,53841670,14634779.92,21.34,7624283.14,1626705.22,4880115.67,High Profitability,Low CLV,High Value,114,390
C0193,Dealer,Infrastructure,West,2015-11-12,9.14,38,4.16,67795348.0,1784088.11,2665,53179600,14794411.53,21.82,7418289.65,1618831.28,4856493.84,High Profitability,Low CLV,High Value,106,391
C0035,Dealer,Infrastructure,Central,2017-08-27,7.35,38,5.17,53340276.8,1403691.49,2449,41878010,11857892.54,22.23,7258769.04,1613671.85,4841015.56,Medium Profitability,Low CLV,Low Value,306,392
C0395,Corporate,Manufacturing,East,2016-02-29,8.84,44,4.98,64514679.8,1466242.72,2938,50643860,14108275.71,21.87,7297611.27,1595864.88,4787594.65,Medium Profitability,Low CLV,Low Value,135,393
C0138,Corporate,Mining,South,2016-08-14,8.38,34,4.06,62582651.4,1840666.22,2527,49111730,13371304.78,21.37,7465157.88,1594993.16,4784979.49,Medium Profitability,Low CLV,Low Value,185,394
C0020,Dealer,Logistics,East,2018-11-20,6.12,37,6.05,42586254.6,1150979.85,2048,33443220,9690451.59,22.75,6962681.06,1584349.8,4753049.39,Low Profitability,Low CLV,Low Value,443,395
C0374,Corporate,Manufacturing,West,2015-07-21,9.45,41,4.34,68389697.6,1668041.4,2948,53669570,14914523.21,21.81,7236192.66,1578079.26,4734237.78,High Profitability,Low CLV,High Value,100,396
C0481,Corporate,Logistics,South,2016-07-19,8.45,39,4.61,60397194.2,1548646.01,2851,47455190,13307566.28,22.03,7143806.73,1574024.8,4722074.4,Medium Profitability,Low CLV,Low Value,192,397
C0249,Corporate,Construction,West,2016-05-18,8.62,35,4.06,63391180.8,1811176.59,2439,49712310,13567188.11,21.4,7350358.35,1573147.76,4719443.29,Medium Profitability,Low CLV,Low Value,173,398
C0081,Corporate,Rental,West,2017-02-22,7.86,37,4.71,56355210.0,1523113.78,2676,44271750,12333373.82,21.89,7172035.0,1569604.46,4708813.37,Medium Profitability,Low CLV,Low Value,268,399
C0175,Fleet Owner,Rental,East,2016-11-01,8.17,36,4.41,59434888.8,1650969.13,2207,46583410,12794762.62,21.53,7277436.52,1566639.98,4699919.93,Medium Profitability,Low CLV,Low Value,230,400
C0010,Dealer,Construction,South,2015-12-30,9.01,46,5.11,63051038.4,1370674.75,2985,49509380,14004696.39,22.21,6999815.13,1554776.7,4664330.11,Medium Profitability,Low CLV,Low Value,142,401
C0442,Dealer,Logistics,East,2017-08-29,7.34,33,4.49,53527848.6,1622056.02,2137,41966020,11379862.82,21.26,7289726.59,1549774.38,4649323.15,Medium Profitability,Low CLV,Low Value,336,402
C0270,Corporate,Manufacturing,North,2015-07-25,9.44,43,4.56,68114112.8,1584049.13,2811,53374960,14627864.68,21.48,7215394.34,1549543.96,4648631.88,High Profitability,Low CLV,High Value,115,403
C0261,Dealer,Manufacturing,North,2016-03-14,8.8,33,3.75,62999554.6,1909077.41,2553,49449470,13615172.46,21.61,7157258.89,1546793.7,4640381.1,Medium Profitability,Low CLV,Low Value,168,404
C0064,Corporate,Manufacturing,North,2017-01-19,7.95,32,4.02,57893888.0,1809184.0,2240,45390350,12290980.82,21.23,7281591.8,1545895.57,4637686.72,Medium Profitability,Low CLV,Low Value,272,405
C0491,Dealer,Infrastructure,South,2015-11-26,9.1,27,2.97,65215944.4,2415405.35,2384,51140830,13983338.26,21.44,7166102.19,1536526.56,4609579.69,Medium Profitability,Low CLV,Low Value,144,406
C0211,Fleet Owner,Manufacturing,South,2016-04-18,8.71,42,4.82,59389779.2,1414042.36,3126,46705690,13353194.59,22.48,6821420.39,1533727.77,4601183.32,Medium Profitability,Low CLV,Low Value,187,407
C0473,Government,Rental,South,2019-02-26,5.85,26,4.45,42018356.8,1616090.65,1735,32922260,8963130.28,21.33,7185020.98,1532670.1,4598010.3,Low Profitability,Low CLV,Low Value,464,408
C0068,Retail,Mining,North,2016-09-07,8.32,39,4.69,57372766.4,1471096.57,2466,45062980,12709836.83,22.15,6897762.65,1528067.12,4584201.35,Medium Profitability,Low CLV,Low Value,242,409
C0251,Dealer,Mining,North,2016-06-05,8.57,36,4.2,60544705.8,1681797.38,2253,47504560,13102990.6,21.64,7060649.36,1528054.7,4584164.1,Medium Profitability,Low CLV,Low Value,209,410
C0038,Fleet Owner,Rental,North,2016-11-18,8.12,36,4.43,57808311.2,1605786.42,2388,45410090,12307832.14,21.29,7118842.1,1515656.0,4546967.99,Medium Profitability,Low CLV,Low Value,271,411
C0295,Corporate,Mining,East,2015-11-02,9.17,38,4.15,65390145.6,1720793.31,2729,51330170,13884007.14,21.23,7133736.76,1514675.51,4544026.53,Medium Profitability,Low CLV,Low Value,153,412
C0022,Retail,Infrastructure,South,2017-01-02,8.0,38,4.75,56759064.0,1493659.58,2582,44575550,12077662.01,21.28,7097311.92,1510224.6,4530673.79,Medium Profitability,Low CLV,Low Value,288,413
C0421,Retail,Construction,South,2015-03-28,9.77,38,3.89,69466242.8,1828059.02,2798,54492210,14738655.68,21.22,7113132.94,1509193.72,4527581.15,High Profitability,Low CLV,High Value,109,414
C0381,Corporate,Mining,South,2016-05-04,8.66,29,3.35,62038399.0,2139255.14,1971,48585550,12994615.98,20.95,7161670.43,1500089.6,4500268.79,Medium Profitability,Low CLV,Low Value,220,415
C0124,Dealer,Construction,West,2016-09-16,8.29,42,5.06,54870405.8,1306438.23,2907,43084310,12395554.22,22.59,6616512.29,1494709.86,4484129.59,Medium Profitability,Low CLV,Low Value,262,416
C0439,Dealer,Construction,South,2018-01-12,6.97,36,5.16,47576062.0,1321557.28,2294,37351400,10404059.74,21.87,6825277.55,1492569.84,4477709.53,Low Profitability,Low CLV,Low Value,403,417
C0427,Corporate,Mining,West,2017-01-21,7.95,41,5.16,53149424.2,1296327.42,2362,41731940,11802913.62,22.21,6689464.92,1485532.12,4456596.35,Medium Profitability,Low CLV,Low Value,310,418
C0454,Government,Mining,West,2018-10-19,6.2,33,5.32,41820500.6,1267287.9,1810,32847670,9090568.09,21.74,6740925.79,1465282.43,4395847.3,Low Profitability,Low CLV,Low Value,461,419
C0402,Fleet Owner,Rental,South,2018-03-04,6.83,35,5.12,43498305.2,1242808.72,2163,34212640,9987772.84,22.96,6367838.07,1462137.89,4386413.66,Low Profitability,Low CLV,Low Value,426,420
C0452,Fleet Owner,Mining,South,2018-09-19,6.29,35,5.57,40090449.2,1145441.41,2143,31479440,9163231.64,22.86,6377629.17,1457696.15,4373088.44,Low Profitability,Low CLV,Low Value,456,421
C0077,Corporate,Mining,North,2016-07-14,8.47,34,4.02,57865492.6,1701926.25,2369,45390570,12324209.07,21.3,6833291.68,1455356.41,4366069.22,Medium Profitability,Low CLV,Low Value,270,422
C0279,Dealer,Rental,West,2019-06-26,5.52,26,4.71,35292218.0,1357393.0,1973,27795350,8009161.31,22.69,6394088.6,1451064.57,4353193.7,Low Profitability,Low CLV,Low Value,488,423
C0425,Dealer,Manufacturing,South,2015-01-07,9.98,41,4.11,67882732.6,1655676.4,2543,53232320,14472062.35,21.32,6798510.58,1449388.75,4348166.25,High Profitability,Low CLV,High Value,123,424
C0269,Government,Mining,South,2015-07-06,9.49,41,4.32,61642030.4,1503464.16,2864,48367030,13753531.19,22.31,6494015.46,1448940.66,4346821.98,Medium Profitability,Low CLV,Low Value,158,425
C0313,Corporate,Mining,West,2017-08-06,7.41,30,4.05,48205237.4,1606841.25,1963,37841680,10724222.17,22.25,6509043.61,1448067.34,4344202.01,Low Profitability,Low CLV,Low Value,383,426
C0114,Retail,Mining,East,2017-05-18,7.62,33,4.33,48515792.8,1470175.54,2482,38178710,11038468.86,22.75,6362798.32,1447684.29,4343052.87,Medium Profitability,Low CLV,Low Value,366,427
C0018,Retail,Construction,West,2017-10-04,7.24,31,4.28,49286607.8,1589890.57,1898,38692710,10477301.52,21.26,6803451.81,1446271.5,4338814.49,Low Profitability,Low CLV,Low Value,399,428
C0191,Corporate,Manufacturing,South,2015-02-09,9.89,29,2.93,65787839.8,2268546.2,2165,51572860,14086347.4,21.41,6648867.87,1423640.95,4270922.85,Medium Profitability,Low CLV,Low Value,136,429
C0328,Government,Rental,East,2015-07-31,9.42,37,3.93,62646507.6,1693148.85,2539,49201820,13377990.19,21.35,6647773.65,1419613.86,4258841.59,Medium Profitability,Low CLV,Low Value,184,430
C0228,Government,Construction,South,2015-08-11,9.39,34,3.62,61132479.4,1798014.1,2234,47933580,13187327.99,21.57,6507909.68,1403868.13,4211604.39,Medium Profitability,Low CLV,Low Value,202,431
C0480,Government,Infrastructure,West,2017-06-14,7.55,34,4.5,48525468.6,1427219.66,2199,38076520,10570373.24,21.78,6426369.62,1399865.42,4199596.26,Low Profitability,Low CLV,Low Value,393,432
C0486,Government,Manufacturing,West,2016-07-30,8.42,34,4.04,52620254.4,1547654.54,2519,41350080,11752100.22,22.33,6246196.92,1395012.87,4185038.61,Medium Profitability,Low CLV,Low Value,314,433
C0353,Dealer,Manufacturing,North,2019-10-20,5.2,27,5.19,31979908.6,1184441.06,1680,25154270,7234400.38,22.62,6147716.64,1390718.28,4172154.85,Low Profitability,Low CLV,Low Value,493,434
C0210,Retail,Infrastructure,West,2016-09-28,8.26,30,3.63,53509817.8,1783660.59,2036,41928210,11459681.32,21.42,6478111.02,1387354.53,4162063.58,Medium Profitability,Low CLV,Low Value,332,435
C0007,Corporate,Manufacturing,West,2019-03-17,5.8,31,5.35,36509378.2,1177721.88,1908,28648240,8036052.74,22.01,6299031.83,1386475.33,4159425.98,Low Profitability,Low CLV,Low Value,487,436
C0305,Fleet Owner,Logistics,North,2017-05-14,7.64,31,4.06,48238808.8,1556090.61,1844,37914410,10481616.83,21.73,6317398.68,1372682.16,4118046.48,Low Profitability,Low CLV,Low Value,398,437
C0317,Corporate,Manufacturing,South,2018-01-11,6.97,32,4.59,43291415.2,1352856.72,2086,34026890,9558287.22,22.08,6208162.31,1370696.67,4112090.0,Low Profitability,Low CLV,Low Value,448,438
C0493,Retail,Construction,South,2015-10-12,9.22,38,4.12,54684935.2,1439077.24,2728,42934640,12642624.73,23.12,5928665.06,1370649.65,4111948.96,Medium Profitability,Low CLV,Low Value,245,439
C0386,Retail,Construction,North,2017-05-03,7.67,32,4.17,48819152.6,1525598.52,2060,38385820,10504696.96,21.52,6368284.1,1370300.2,4110900.6,Low Profitability,Low CLV,Low Value,396,440
C0143,Corporate,Infrastructure,South,2017-11-08,7.15,27,3.78,44644618.2,1653504.38,1891,35058490,9760746.1,21.86,6245287.93,1365420.34,4096261.03,Low Profitability,Low CLV,Low Value,436,441
C0162,Retail,Mining,East,2015-04-10,9.73,28,2.88,62233145.6,2222612.34,2208,48770920,13214058.38,21.23,6395795.28,1358028.93,4074086.8,Medium Profitability,Low CLV,Low Value,200,442
C0220,Government,Infrastructure,Central,2016-03-22,8.78,43,4.9,53467975.0,1243441.28,2604,41988750,11745417.27,21.97,6089547.2,1337703.04,4013109.13,Medium Profitability,Low CLV,Low Value,315,443
C0280,Corporate,Construction,West,2015-03-25,9.77,42,4.3,59078520.8,1406631.45,2692,46383310,13063205.76,22.11,6044378.07,1336508.66,4009525.97,Medium Profitability,Low CLV,Low Value,214,444
C0262,Corporate,Logistics,North,2018-10-04,6.25,26,4.16,36628894.0,1408803.62,1739,28771050,8331356.34,22.75,5865279.94,1334076.24,4002228.72,Low Profitability,Low CLV,Low Value,484,445
C0410,Corporate,Mining,South,2015-02-01,9.92,39,3.93,59804309.8,1533443.84,2506,46906860,13171507.3,22.02,6030790.77,1328242.14,3984726.43,Medium Profitability,Low CLV,Low Value,204,446
C0321,Retail,Logistics,South,2015-11-22,9.11,38,4.17,54558976.4,1435762.54,2577,42809230,12070939.29,22.12,5987880.45,1324792.84,3974378.52,Medium Profitability,Low CLV,Low Value,289,447
C0450,Fleet Owner,Construction,East,2016-01-12,8.97,38,4.24,55345960.4,1456472.64,2347,43401530,11871777.19,21.45,6168786.1,1323212.27,3969636.82,Medium Profitability,Low CLV,Low Value,304,448
C0362,Corporate,Rental,West,2015-11-20,9.12,37,4.06,53495189.2,1445815.92,2489,41935190,12045926.24,22.52,5867602.96,1321253.62,3963760.86,Medium Profitability,Low CLV,Low Value,292,449
C0236,Corporate,Mining,West,2015-06-24,9.52,41,4.3,57861179.0,1411248.27,2323,45446800,12524871.94,21.65,6074675.38,1314949.55,3944848.64,Medium Profitability,Low CLV,Low Value,252,450
C0399,Fleet Owner,Rental,South,2015-01-07,9.98,39,3.91,59287998.0,1520205.08,2439,46532600,12956741.3,21.85,5937740.96,1297628.12,3892884.37,Medium Profitability,Low CLV,Low Value,222,451
C0115,Fleet Owner,Mining,South,2017-07-20,7.45,29,3.89,44357793.6,1529579.09,1937,34787020,9660803.77,21.78,5952124.95,1296329.38,3888988.15,Low Profitability,Low CLV,Low Value,444,452
C0089,Corporate,Rental,West,2016-09-25,8.27,37,4.47,47111014.0,1273270.65,2219,37054300,10707328.99,22.73,5697780.75,1294984.08,3884952.23,Low Profitability,Low CLV,Low Value,384,453
C0401,Government,Logistics,North East,2015-02-06,9.9,36,3.64,58231157.8,1617532.16,2290,45711960,12820489.1,22.02,5880268.28,1294631.92,3883895.75,Medium Profitability,Low CLV,Low Value,229,454
C0470,Government,Mining,South,2016-05-16,8.63,36,4.17,49194933.2,1366525.92,2327,38599240,11121865.21,22.61,5700650.17,1288788.47,3866365.42,Medium Profitability,Low CLV,Low Value,357,455
C0277,Dealer,Logistics,West,2017-04-25,7.69,36,4.68,43668914.6,1213025.41,2195,34361720,9750207.77,22.33,5680224.74,1268256.19,3804768.58,Low Profitability,Low CLV,Low Value,437,456
C0111,Corporate,Construction,South,2015-04-16,9.71,33,3.4,55916542.2,1694440.67,2497,43914790,12186407.64,21.79,5756346.4,1254533.65,3763600.95,Medium Profitability,Low CLV,Low Value,281,457
C0397,Fleet Owner,Mining,West,2015-04-10,9.73,36,3.7,56279511.4,1563319.76,2475,44216230,12201465.35,21.68,5783931.22,1253963.2,3761889.61,Medium Profitability,Low CLV,Low Value,278,458
C0441,Dealer,Construction,North,2016-05-31,8.59,31,3.61,47045233.8,1517588.19,2382,37017660,10767779.43,22.89,5477612.89,1253723.76,3761171.28,Low Profitability,Low CLV,Low Value,380,459
C0014,Fleet Owner,Construction,East,2017-08-05,7.41,27,3.64,41523847.6,1537920.28,1776,32598320,9255683.57,22.29,5604798.72,1249312.06,3747936.17,Low Profitability,Low CLV,Low Value,455,460
C0423,Dealer,Infrastructure,South,2016-10-12,8.22,30,3.65,46894840.4,1563161.35,2057,36819280,10249981.72,21.86,5703743.08,1246688.59,3740065.76,Low Profitability,Low CLV,Low Value,415,461
C0147,Dealer,Rental,North,2017-03-13,7.81,30,3.84,44007572.2,1466919.07,1946,34566290,9701226.75,22.04,5637939.58,1242852.71,3728558.12,Low Profitability,Low CLV,Low Value,442,462
C0285,Government,Infrastructure,West,2015-03-03,9.83,47,4.78,54036327.8,1149709.1,2728,42474460,12221713.86,22.62,5494646.08,1242756.4,3728269.2,Medium Profitability,Low CLV,Low Value,276,463
C0003,Government,Logistics,West,2017-02-14,7.88,38,4.82,44728031.8,1177053.47,2164,35112260,9788128.44,21.88,5676481.45,1242221.65,3726664.95,Low Profitability,Low CLV,Low Value,435,464
C0044,Government,Mining,West,2016-03-08,8.82,34,3.86,49589458.0,1458513.47,2129,38929350,10887216.43,21.95,5623269.03,1234571.81,3703715.43,Medium Profitability,Low CLV,Low Value,373,465
C0067,Retail,Manufacturing,West,2015-04-30,9.68,31,3.2,55575120.6,1792745.83,2135,43570420,11715631.58,21.08,5743863.27,1210847.32,3632541.96,Medium Profitability,Low CLV,Low Value,317,466
C0347,Retail,Mining,North,2020-08-17,4.38,24,5.49,22536660.4,939027.52,1322,17721530,5223307.4,23.18,5151135.93,1193875.49,3581626.46,Low Profitability,Low CLV,Low Value,500,467
C0320,Retail,Construction,North,2015-04-28,9.68,34,3.51,53574056.6,1575707.55,2078,42001120,11409260.54,21.3,5533915.21,1178515.95,3535547.86,Medium Profitability,Low CLV,Low Value,335,468
C0418,Government,Mining,West,2015-12-25,9.02,30,3.33,47167025.6,1572234.19,2091,37023670,10625624.01,22.53,5228454.05,1177848.0,3533544.01,Low Profitability,Low CLV,Low Value,389,469
C0299,Retail,Logistics,South,2015-10-31,9.17,34,3.71,48095055.8,1414560.46,2351,37822560,10792714.87,22.44,5243796.76,1176728.09,3530184.27,Low Profitability,Low CLV,Low Value,379,470
C0179,Government,Infrastructure,South,2016-09-20,8.28,32,3.86,43222736.0,1350710.5,2305,34009700,9736103.63,22.53,5218877.46,1175574.17,3526722.5,Low Profitability,Low CLV,Low Value,439,471
C0344,Fleet Owner,Mining,West,2016-03-27,8.77,28,3.19,48151864.0,1719709.43,1972,37729300,10298271.35,21.39,5492650.95,1174716.93,3524150.79,Low Profitability,Low CLV,Low Value,412,472
C0430,Retail,Manufacturing,West,2016-04-16,8.71,27,3.1,44879330.8,1662197.44,2115,35197560,10120212.18,22.55,5151532.24,1161661.69,3484985.07,Low Profitability,Low CLV,Low Value,421,473
C0309,Government,Manufacturing,West,2017-10-12,7.22,31,4.29,38065991.6,1227935.21,1823,29869120,8350513.24,21.94,5270509.26,1156188.39,3468565.16,Low Profitability,Low CLV,Low Value,482,474
C0057,Retail,Logistics,East,2015-06-10,9.56,32,3.35,49701788.6,1553180.89,2256,39001020,11052449.3,22.24,5197130.92,1155713.46,3467140.37,Medium Profitability,Low CLV,Low Value,364,475
C0008,Corporate,Logistics,West,2015-06-24,9.52,34,3.57,48368868.0,1422613.76,2280,37972100,10867363.74,22.47,5078105.5,1140932.63,3422797.88,Medium Profitability,Low CLV,Low Value,375,476
C0170,Government,Construction,South,2017-06-15,7.55,27,3.58,38882680.4,1440099.27,1743,30542780,8419040.51,21.65,5151214.73,1115362.55,3346087.65,Low Profitability,Low CLV,Low Value,479,477
C0100,Government,Construction,North,2015-02-01,9.92,38,3.83,48373950.0,1272998.68,2363,38016250,10998475.11,22.74,4878129.55,1109109.07,3327327.2,Medium Profitability,Low CLV,Low Value,368,478
C0339,Fleet Owner,Logistics,South,2016-12-05,8.07,24,2.97,40193008.4,1674708.68,1645,31557880,8710967.24,21.67,4978126.93,1078901.59,3236704.77,Low Profitability,Low CLV,Low Value,472,479
C0127,Government,Construction,East,2015-01-29,9.92,28,2.82,48960650.8,1748594.67,2134,38456060,10660500.57,21.77,4933207.64,1074137.33,3222412.0,Low Profitability,Low CLV,Low Value,385,480
C0037,Corporate,Construction,West,2015-09-18,9.29,36,3.88,45505928.0,1264053.56,1860,35689100,9929143.45,21.82,4898626.64,1068853.42,3206560.25,Low Profitability,Low CLV,Low Value,430,481
C0208,Fleet Owner,Logistics,North,2015-02-26,9.85,30,3.05,46904115.8,1563470.53,2086,36866060,10462294.87,22.31,4762782.4,1062372.31,3187116.93,Low Profitability,Low CLV,Low Value,400,482
C0352,Corporate,Mining,South,2016-08-01,8.42,30,3.56,40262666.2,1342088.87,1819,31581590,8894540.59,22.09,4782419.13,1056497.87,3169493.61,Low Profitability,Low CLV,Low Value,466,483
C0164,Government,Construction,North,2015-04-14,9.72,36,3.7,45625652.8,1267379.24,2125,35851210,10181582.82,22.32,4694301.32,1047555.81,3142667.43,Low Profitability,Low CLV,Low Value,417,484
C0151,Government,Infrastructure,East,2016-07-10,8.48,27,3.18,39556960.6,1465072.61,1902,31051670,8825242.29,22.31,4665217.91,1040820.07,3122460.2,Low Profitability,Low CLV,Low Value,468,485
C0350,Dealer,Logistics,North East,2015-09-26,9.27,32,3.45,41227777.0,1288368.03,1936,32353150,9131223.2,22.15,4448580.66,985281.91,2955845.74,Low Profitability,Low CLV,Low Value,459,486
C0243,Government,Construction,North,2015-05-28,9.6,28,2.92,42431751.6,1515419.7,2049,33315370,9410602.29,22.18,4420478.4,980382.91,2941148.73,Low Profitability,Low CLV,Low Value,452,487
C0137,Dealer,Infrastructure,South,2015-11-19,9.12,21,2.3,42806442.6,2038402.03,1656,33571570,8937724.61,20.88,4693801.61,980037.2,2940111.6,Low Profitability,Low CLV,Low Value,465,488
C0366,Corporate,Logistics,East,2015-02-22,9.86,26,2.64,43711261.8,1681202.38,1695,34264010,9548596.31,21.84,4433640.2,968515.64,2905546.91,Low Profitability,Low CLV,Low Value,449,489
C0229,Government,Mining,East,2015-01-18,9.95,28,2.81,44419985.8,1586428.06,1589,34806810,9342992.08,21.03,4462156.16,938539.01,2815617.04,Low Profitability,Low CLV,Low Value,453,490
C0487,Dealer,Mining,South,2015-07-27,9.43,26,2.76,39512216.0,1519700.62,1785,31063950,8771592.63,22.2,4187996.78,929722.64,2789167.91,Low Profitability,Low CLV,Low Value,470,491
C0155,Fleet Owner,Mining,East,2015-03-11,9.81,31,3.16,41576324.2,1341171.75,1798,32588940,9064719.78,21.8,4237096.1,923797.13,2771391.38,Low Profitability,Low CLV,Low Value,462,492
C0392,Fleet Owner,Logistics,East,2015-02-15,9.88,31,3.14,38571708.8,1244248.67,1721,30249660,8779114.17,22.76,3904744.08,888739.32,2666217.95,Low Profitability,Low CLV,Low Value,469,493
C0125,Government,Mining,West,2016-12-10,8.06,30,3.72,31904862.6,1063495.42,1586,25077820,7128315.95,22.34,3958305.39,884380.91,2653142.73,Low Profitability,Low CLV,Low Value,495,494
C0303,Corporate,Mining,West,2016-05-12,8.64,27,3.12,32465859.6,1202439.24,1711,25492220,7274311.02,22.41,3757336.89,841870.12,2525610.36,Low Profitability,Low CLV,Low Value,491,495
C0177,Dealer,Construction,West,2015-02-17,9.87,28,2.84,35762840.4,1277244.3,2001,28125780,8149683.78,22.79,3622400.85,825477.54,2476432.61,Low Profitability,Low CLV,Low Value,486,496
C0061,Dealer,Construction,West,2016-02-14,8.88,29,3.27,33890240.0,1168628.97,1352,26564250,7267105.12,21.44,3815786.12,818221.38,2454664.13,Low Profitability,Low CLV,Low Value,492,497
C0108,Corporate,Rental,North,2015-09-22,9.28,24,2.59,31126705.0,1296946.04,1618,24485250,7065806.19,22.7,3354685.45,761518.36,2284555.07,Low Profitability,Low CLV,Low Value,496,498
C0174,Government,Mining,West,2016-01-11,8.97,29,3.23,29793255.0,1027353.62,1708,23386250,6754639.95,22.67,3319702.99,752633.39,2257900.16,Low Profitability,Low CLV,Low Value,499,499
C0456,Corporate,Mining,North,2015-02-13,9.88,27,2.73,31514609.0,1167207.74,1488,24747800,6888616.93,21.86,3188562.59,696971.56,2090914.68,Low Profitability,Low CLV,Low Value,497,500
