customer_id,customer_type,industry_segment,region,first_purchase_date,last_purchase_date,delivered_order_count,total_revenue,customer_lifetime_days,days_since_last_purchase,customer_lifetime_years,orders_per_year,retention_status,retention_score,retention_class,average_order_value
C0153,Retail,Rental,East,2019-01-17,2024-12-12,56,108200489.6,2176,20,5.9575633127994525,9.399816176470589,Active Customer,100,High Retention,1932151.5999999999
C0483,Corporate,Rental,North,2019-02-20,2024-12-18,47,96130859.2,2142,14,5.864476386036961,8.01435574229692,Active Customer,100,High Retention,2045337.4297872342
C0475,Fleet Owner,Construction,East,2019-01-19,2024-12-18,55,94883375.2,2174,14,5.952087611225188,9.240455381784729,Active Customer,100,High Retention,1725152.2763636364
C0206,Retail,Construction,West,2019-01-08,2024-12-11,40,89674652.2,2185,21,5.982203969883641,6.68649885583524,Active Customer,100,High Retention,2241866.305
C0178,Dealer,Logistics,East,2019-01-22,2024-12-09,54,89493824.6,2171,23,5.943874058863792,9.084983878397052,Active Customer,100,High Retention,1657293.048148148
C0466,Retail,Manufacturing,South,2019-03-19,2024-12-13,47,88329161.4,2115,19,5.790554414784395,8.116666666666665,Active Customer,100,High Retention,1879343.859574468
C0046,Retail,Rental,West,2019-02-03,2024-12-09,46,87078641.0,2159,23,5.9110198494182065,7.782075034738305,Active Customer,100,High Retention,1893013.9347826086
C0304,Dealer,Construction,North,2019-01-26,2024-12-25,48,86460648.4,2167,7,5.932922655715264,8.090447623442547,Active Customer,100,High Retention,1801263.5083333335
C0107,Fleet Owner,Construction,North,2019-01-16,2024-12-11,49,85196217.6,2177,21,5.960301163586585,8.221061093247588,Active Customer,100,High Retention,1738698.318367347
C0142,Retail,Manufacturing,West,2019-02-06,2024-12-08,45,84828043.0,2156,24,5.90280629705681,7.623492578849722,Active Customer,100,High Retention,1885067.6222222222
C0490,Government,Logistics,West,2019-01-26,2024-12-29,44,84742703.8,2167,3,5.932922655715264,7.416243654822335,Active Customer,100,High Retention,1925970.5409090908
C0049,Dealer,Manufacturing,South,2019-01-25,2024-12-25,39,82316206.2,2168,7,5.935660506502396,6.5704566420664205,Active Customer,100,High Retention,2110671.953846154
C0403,Government,Construction,East,2019-02-19,2024-12-10,45,80523517.0,2143,22,5.867214236824093,7.6697386840877275,Active Customer,100,High Retention,1789411.4888888889
C0201,Dealer,Infrastructure,South,2019-02-01,2024-12-13,47,80475593.0,2161,19,5.916495550992471,7.943891716797779,Active Customer,100,High Retention,1712246.6595744682
C0294,Government,Infrastructure,South,2019-03-26,2024-12-27,45,79772077.0,2108,5,5.771389459274469,7.797082542694498,Active Customer,100,High Retention,1772712.822222222
C0356,Dealer,Mining,East,2019-03-16,2024-12-05,45,79690881.0,2118,27,5.798767967145791,7.760269121813031,Active Customer,100,High Retention,1770908.4666666666
C0165,Fleet Owner,Manufacturing,North,2019-02-27,2024-12-24,50,79168592.4,2135,8,5.845311430527036,8.553864168618267,Active Customer,100,High Retention,1583371.8480000002
C0291,Retail,Construction,South,2019-03-13,2024-12-03,46,79064597.0,2121,29,5.806981519507187,7.921499292786422,Active Customer,100,High Retention,1718795.5869565217
C0113,Corporate,Logistics,South,2019-01-13,2024-12-23,41,78713400.0,2180,9,5.968514715947981,6.869380733944954,Active Customer,100,High Retention,1919839.024390244
C0244,Government,Logistics,North,2019-05-06,2024-12-09,44,77550764.4,2067,23,5.6591375770020536,7.7750362844702465,Active Customer,100,High Retention,1762517.3727272728
C0082,Fleet Owner,Manufacturing,West,2019-03-17,2024-12-18,46,77500928.6,2117,14,5.796030116358659,7.93646669815777,Active Customer,100,High Retention,1684802.7956521737
C0069,Dealer,Logistics,North,2019-02-18,2024-12-11,47,77108269.8,2144,21,5.8699520876112254,8.006879664179104,Active Customer,100,High Retention,1640601.485106383
C0070,Government,Logistics,West,2019-02-04,2024-12-20,41,76883391.4,2158,12,5.908281998631074,6.9394114921223355,Active Customer,100,High Retention,1875204.668292683
C0257,Corporate,Logistics,North,2019-01-18,2024-12-23,43,76189558.0,2175,9,5.95482546201232,7.22103448275862,Active Customer,100,High Retention,1771850.1860465116
C0478,Retail,Rental,North,2019-02-04,2024-12-29,44,75901402.2,2158,3,5.908281998631074,7.447173308619092,Active Customer,100,High Retention,1725031.8681818182
C0272,Government,Construction,North,2019-09-01,2024-12-13,39,75550922.6,1949,19,5.336071184120465,7.308748075936378,Active Customer,100,High Retention,1937203.1435897434
C0045,Corporate,Rental,East,2019-02-02,2024-12-15,42,75275350.60000001,2160,17,5.9137577002053385,7.102083333333334,Active Customer,100,High Retention,1792270.2523809527
C0250,Government,Infrastructure,East,2019-03-08,2024-12-20,43,74416923.4,2126,12,5.820670773442847,7.3874647224835375,Active Customer,100,High Retention,1730626.1255813956
C0215,Corporate,Rental,South,2019-02-28,2024-12-24,49,73940925.4,2134,8,5.842573579739904,8.386715089034677,Active Customer,100,High Retention,1508998.4775510204
C0482,Fleet Owner,Logistics,East,2019-12-15,2024-12-03,31,73762403.2,1844,29,5.048596851471594,6.140319956616053,Active Customer,100,High Retention,2379432.3612903226
C0234,Corporate,Infrastructure,West,2019-01-09,2024-12-26,29,72295152.4,2184,6,5.979466119096509,4.849931318681318,Active Customer,100,High Retention,2492936.2896551727
C0411,Corporate,Mining,South,2019-07-14,2024-12-12,43,72229183.0,1998,20,5.470225872689938,7.860735735735736,Active Customer,100,High Retention,1679748.441860465
C0063,Retail,Rental,North,2019-02-28,2024-12-19,38,72065344.4,2134,13,5.842573579739904,6.5039831302717905,Active Customer,100,High Retention,1896456.4315789475
C0459,Retail,Logistics,East,2019-03-10,2024-12-14,41,71816909.8,2124,18,5.815195071868583,7.050494350282486,Active Customer,100,High Retention,1751631.9463414634
C0016,Government,Rental,East,2019-01-18,2024-12-18,35,70872336.2,2175,14,5.95482546201232,5.877586206896551,Active Customer,100,High Retention,2024923.8914285714
C0186,Fleet Owner,Infrastructure,East,2019-02-17,2024-12-11,40,70676837.0,2145,21,5.8726899383983575,6.811188811188811,Active Customer,100,High Retention,1766920.925
C0306,Fleet Owner,Manufacturing,East,2019-07-19,2024-12-16,42,69813587.0,1993,16,5.456536618754278,7.697190165579529,Active Customer,100,High Retention,1662228.261904762
C0284,Corporate,Manufacturing,East,2019-01-09,2024-12-23,41,69641823.4,2184,9,5.979466119096509,6.856799450549451,Active Customer,100,High Retention,1698581.0585365854
C0166,Fleet Owner,Manufacturing,West,2019-01-18,2024-12-08,32,69504759.6,2175,24,5.95482546201232,5.373793103448276,Active Customer,100,High Retention,2172023.7375
C0109,Retail,Mining,South,2019-01-14,2024-12-09,44,69451949.0,2179,23,5.965776865160849,7.3754015603487835,Active Customer,100,High Retention,1578453.3863636365
C0282,Government,Logistics,East,2019-01-17,2024-12-24,44,69381309.6,2176,8,5.9575633127994525,7.385569852941177,Active Customer,100,High Retention,1576847.9454545453
C0128,Retail,Mining,West,2019-01-02,2024-12-18,33,69172996.2,2191,14,5.9986310746064335,5.501255134641717,Active Customer,100,High Retention,2096151.4000000001
C0377,Dealer,Logistics,West,2019-02-01,2024-12-07,37,68519191.2,2161,25,5.916495550992471,6.253701989819528,Active Customer,100,High Retention,1851870.0324324325
C0469,Government,Manufacturing,North,2019-01-04,2024-12-18,40,68502617.4,2189,14,5.993155373032169,6.674280493375971,Active Customer,100,High Retention,1712565.435
C0448,Fleet Owner,Logistics,East,2019-03-13,2024-12-11,36,68495840.4,2121,21,5.806981519507187,6.199434229137199,Active Customer,100,High Retention,1902662.2333333334
C0374,Corporate,Manufacturing,West,2019-03-07,2024-12-10,41,68389697.6,2127,22,5.823408624229979,7.040550070521862,Active Customer,100,High Retention,1668041.4048780487
C0270,Corporate,Manufacturing,North,2019-03-27,2024-12-20,43,68114112.8,2107,12,5.768651608487337,7.454081632653062,Active Customer,100,High Retention,1584049.134883721
C0425,Dealer,Manufacturing,South,2019-01-17,2024-12-09,41,67882732.6,2176,23,5.9575633127994525,6.882008272058823,Active Customer,100,High Retention,1655676.4048780487
C0331,Dealer,Logistics,North,2019-04-12,2024-12-15,42,67826105.8,2091,17,5.724845995893224,7.3364418938307026,Active Customer,100,High Retention,1614907.280952381
C0276,Dealer,Manufacturing,Central,2019-01-08,2024-12-29,44,67350598.6,2185,3,5.982203969883641,7.355148741418764,Active Customer,100,High Retention,1530695.4227272726
C0414,Dealer,Construction,South,2019-02-16,2024-12-31,40,66316815.6,2146,1,5.87542778918549,6.808014911463187,Active Customer,100,High Retention,1657920.3900000001
C0326,Government,Mining,East,2019-03-14,2024-12-30,42,66177447.4,2120,2,5.804243668720055,7.236084905660377,Active Customer,100,High Retention,1575653.5095238094
C0191,Corporate,Manufacturing,South,2019-02-03,2024-12-12,29,65787839.8,2159,20,5.9110198494182065,4.906090782769801,Active Customer,100,High Retention,2268546.1999999997
C0149,Government,Manufacturing,West,2019-02-28,2024-12-12,38,65235052.4,2134,20,5.842573579739904,6.5039831302717905,Active Customer,100,High Retention,1716711.9052631578
C0369,Government,Manufacturing,West,2019-01-26,2024-12-13,40,64656844.2,2167,19,5.932922655715264,6.742039686202122,Active Customer,100,High Retention,1616421.105
C0395,Corporate,Manufacturing,East,2019-02-21,2024-12-20,44,64514679.8,2141,12,5.861738535249829,7.506305464736104,Active Customer,100,High Retention,1466242.7227272727
C0396,Government,Manufacturing,West,2019-01-14,2024-12-07,38,64506474.4,2179,25,5.965776865160849,6.369664983937586,Active Customer,100,High Retention,1697538.8
C0329,Dealer,Infrastructure,Central,2019-01-03,2024-12-26,36,64307436.8,2190,6,5.9958932238193015,6.0041095890410965,Active Customer,100,High Retention,1786317.6888888888
C0379,Retail,Mining,West,2019-03-29,2024-12-15,41,64194052.6,2105,17,5.763175906913073,7.114133016627079,Active Customer,100,High Retention,1565708.6
C0168,Dealer,Infrastructure,West,2019-06-02,2024-12-18,34,64028787.0,2040,14,5.585215605749487,6.0874999999999995,Active Customer,100,High Retention,1883199.6176470588
C0301,Dealer,Mining,East,2019-01-13,2024-12-19,46,63821535.6,2180,13,5.968514715947981,7.707110091743119,Active Customer,100,High Retention,1387424.6869565218
C0302,Fleet Owner,Mining,West,2019-02-05,2024-12-24,36,63607092.0,2157,8,5.905544147843942,6.095966620305981,Active Customer,100,High Retention,1766863.6666666667
C0340,Government,Mining,South,2019-01-05,2024-12-04,35,63532821.6,2188,28,5.990417522245037,5.842664533820841,Active Customer,100,High Retention,1815223.4742857143
C0054,Fleet Owner,Manufacturing,South,2019-01-31,2024-12-14,37,63424926.8,2162,18,5.919233401779603,6.250809435707678,Active Customer,100,High Retention,1714187.2108108108
C0333,Corporate,Mining,South,2019-01-09,2024-12-02,39,63220923.0,2184,30,5.979466119096509,6.522321428571429,Active Customer,100,High Retention,1621049.3076923077
C0261,Dealer,Manufacturing,North,2019-05-06,2024-12-06,33,62999554.6,2067,26,5.6591375770020536,5.831277213352685,Active Customer,100,High Retention,1909077.412121212
C0328,Government,Rental,East,2019-01-03,2024-12-05,37,62646507.6,2190,27,5.9958932238193015,6.170890410958904,Active Customer,100,High Retention,1693148.854054054
C0138,Corporate,Mining,South,2019-01-10,2024-12-25,34,62582651.4,2183,7,5.976728268309377,5.688731103985341,Active Customer,100,High Retention,1840666.217647059
C0315,Dealer,Rental,West,2019-01-09,2024-12-17,40,61457629.4,2184,15,5.979466119096509,6.68956043956044,Active Customer,100,High Retention,1536440.7349999999
C0217,Corporate,Infrastructure,North,2019-01-19,2024-12-18,36,61360958.2,2174,14,5.952087611225188,6.048298068077277,Active Customer,100,High Retention,1704471.0611111112
C0447,Fleet Owner,Rental,East,2019-05-16,2024-12-23,33,61334243.8,2057,9,5.631759069130732,5.8596256684491985,Active Customer,100,High Retention,1858613.4484848485
C0146,Retail,Mining,West,2019-01-20,2024-12-31,30,61245406.2,2173,1,5.949349760438056,5.042567878508974,Active Customer,100,High Retention,2041513.54
C0327,Retail,Mining,West,2019-02-01,2024-12-06,43,61017008.6,2161,26,5.916495550992471,7.267815826006479,Active Customer,100,High Retention,1419000.2
C0004,Fleet Owner,Logistics,South,2019-03-21,2024-12-31,46,60843242.8,2113,1,5.7850787132101305,7.951490771415049,Active Customer,100,High Retention,1322679.1913043477
C0273,Dealer,Manufacturing,East,2019-05-04,2024-12-31,37,60830001.0,2069,1,5.664613278576318,6.531778637022716,Active Customer,100,High Retention,1644054.0810810812
C0026,Fleet Owner,Mining,North,2019-01-09,2024-12-29,36,60554977.0,2184,3,5.979466119096509,6.020604395604396,Active Customer,100,High Retention,1682082.6944444445
C0319,Dealer,Mining,South,2019-05-16,2024-12-08,33,60426895.0,2057,24,5.631759069130732,5.8596256684491985,Active Customer,100,High Retention,1831118.0303030303
C0481,Corporate,Logistics,South,2019-01-03,2024-12-31,39,60397194.2,2190,1,5.9958932238193015,6.504452054794521,Active Customer,100,High Retention,1548646.0051282053
C0286,Dealer,Construction,South,2019-01-06,2024-12-29,36,60273490.2,2187,3,5.987679671457905,6.012345679012346,Active Customer,100,High Retention,1674263.6166666667
C0259,Fleet Owner,Logistics,South,2019-02-02,2024-12-13,33,60202150.6,2160,19,5.9137577002053385,5.580208333333333,Active Customer,100,High Retention,1824307.593939394
C0219,Government,Manufacturing,West,2019-01-09,2024-12-21,39,59976015.0,2184,11,5.979466119096509,6.522321428571429,Active Customer,100,High Retention,1537846.5384615385
C0065,Corporate,Mining,West,2019-01-07,2024-12-12,36,59751563.6,2186,20,5.984941820670773,6.015096065873743,Active Customer,100,High Retention,1659765.6555555556
C0399,Fleet Owner,Rental,South,2019-01-03,2024-12-25,39,59287998.0,2190,7,5.9958932238193015,6.504452054794521,Active Customer,100,High Retention,1520205.076923077
C0017,Government,Infrastructure,South,2019-01-31,2024-12-21,39,59194497.0,2162,11,5.919233401779603,6.5886910268270125,Active Customer,100,High Retention,1517807.6153846155
C0055,Dealer,Construction,North,2019-04-01,2024-12-11,32,59056095.2,2102,21,5.754962354551677,5.560418648905804,Active Customer,100,High Retention,1845502.975
C0355,Government,Infrastructure,South,2019-01-03,2024-12-18,32,58903770.4,2190,14,5.9958932238193015,5.336986301369864,Active Customer,100,High Retention,1840742.825
C0023,Corporate,Mining,South,2019-01-05,2024-12-27,32,58217713.2,2188,5,5.990417522245037,5.341864716636198,Active Customer,100,High Retention,1819303.5375
C0077,Corporate,Mining,North,2019-02-05,2024-12-16,34,57865492.6,2157,16,5.905544147843942,5.757301808066759,Active Customer,100,High Retention,1701926.2529411765
C0398,Government,Rental,South,2019-09-10,2024-12-02,35,57843305.6,1940,30,5.3114305270362765,6.589561855670103,Active Customer,100,High Retention,1652665.8742857142
C0436,Fleet Owner,Logistics,East,2019-02-01,2024-12-15,34,57784314.2,2161,17,5.916495550992471,5.746645071726053,Active Customer,100,High Retention,1699538.6529411767
C0232,Government,Mining,South,2019-01-24,2024-12-29,37,57544368.0,2169,3,5.938398357289528,6.230636237897649,Active Customer,100,High Retention,1555253.189189189
C0068,Retail,Mining,North,2019-03-11,2024-12-06,39,57372766.4,2123,26,5.812457221081451,6.709726801695713,Active Customer,100,High Retention,1471096.5743589744
C0426,Dealer,Infrastructure,North East,2019-02-20,2024-12-03,35,57207251.0,2142,29,5.864476386036961,5.9681372549019605,Active Customer,100,High Retention,1634492.8857142858
C0222,Fleet Owner,Logistics,North,2019-01-30,2024-12-13,41,57177978.6,2163,19,5.921971252566735,6.923370319001387,Active Customer,100,High Retention,1394584.843902439
C0445,Government,Mining,East,2019-04-04,2024-12-28,28,57177744.4,2099,4,5.746748802190281,4.8723201524535495,Active Customer,100,High Retention,2042062.3
C0059,Retail,Manufacturing,South,2019-01-21,2024-12-20,32,56859509.4,2172,12,5.946611909650924,5.3812154696132595,Active Customer,100,High Retention,1776859.66875
C0058,Retail,Infrastructure,West,2019-01-23,2024-12-24,40,56831525.0,2170,8,5.94113620807666,6.732718894009216,Active Customer,100,High Retention,1420788.125
C0195,Fleet Owner,Logistics,East,2019-02-15,2024-12-28,31,56797913.6,2147,4,5.878165639972622,5.2737540754541214,Active Customer,100,High Retention,1832190.7612903225
C0354,Corporate,Logistics,South,2019-01-06,2024-12-25,37,56690884.8,2187,7,5.987679671457905,6.179355281207133,Active Customer,100,High Retention,1532186.0756756756
C0052,Government,Manufacturing,North East,2019-02-12,2024-12-11,35,56612172.2,2150,21,5.886379192334018,5.94593023255814,Active Customer,100,High Retention,1617490.6342857145
C0099,Fleet Owner,Rental,South,2019-01-10,2024-12-26,44,56469516.0,2183,6,5.976728268309377,7.361887311039854,Active Customer,100,High Retention,1283398.0909090908
C0081,Corporate,Rental,West,2019-01-03,2024-12-23,37,56355210.0,2190,9,5.9958932238193015,6.170890410958904,Active Customer,100,High Retention,1523113.7837837837
C0190,Retail,Manufacturing,North,2019-05-15,2024-12-29,35,56351528.4,2058,3,5.634496919917864,6.211734693877552,Active Customer,100,High Retention,1610043.6685714286
C0050,Dealer,Mining,East,2019-01-11,2024-12-14,27,56151044.8,2182,18,5.973990417522245,4.5195921173235565,Active Customer,100,High Retention,2079668.3259259257
C0098,Corporate,Mining,East,2019-03-14,2024-12-18,35,56088743.0,2120,14,5.804243668720055,6.030070754716981,Active Customer,100,High Retention,1602535.5142857144
C0111,Corporate,Construction,South,2019-04-09,2024-12-16,33,55916542.2,2094,16,5.73305954825462,5.756088825214899,Active Customer,100,High Retention,1694440.6727272728
C0095,Fleet Owner,Logistics,West,2019-05-21,2024-12-26,29,55610118.2,2052,6,5.618069815195072,5.161915204678363,Active Customer,100,High Retention,1917590.2827586208
C0067,Retail,Manufacturing,West,2019-05-29,2024-12-30,31,55575120.6,2044,2,5.596167008898015,5.539505870841487,Active Customer,100,High Retention,1792745.8258064517
C0157,Dealer,Infrastructure,North,2019-02-15,2024-12-30,34,55572804.4,2147,2,5.878165639972622,5.784117373078715,Active Customer,100,High Retention,1634494.2470588235
C0072,Government,Logistics,West,2019-06-15,2024-12-23,26,55369763.0,2027,9,5.549623545516769,4.685002466699556,Active Customer,100,High Retention,2129606.269230769
C0148,Government,Construction,South,2019-01-28,2024-12-09,35,54884128.4,2165,23,5.927446954141,5.90473441108545,Active Customer,100,High Retention,1568117.9542857143
C0407,Dealer,Logistics,South,2019-02-01,2024-12-25,38,54609453.4,2161,7,5.916495550992471,6.422720962517354,Active Customer,100,High Retention,1437090.8789473684
C0188,Corporate,Logistics,West,2019-03-04,2024-12-27,39,54387524.8,2130,5,5.831622176591376,6.687676056338028,Active Customer,100,High Retention,1394551.917948718
C0027,Fleet Owner,Logistics,West,2019-03-25,2024-12-26,39,54309976.4,2109,6,5.774127310061601,6.754267425320057,Active Customer,100,High Retention,1392563.4974358974
C0285,Government,Infrastructure,West,2019-02-11,2024-12-05,47,54036327.8,2151,27,5.88911704312115,7.980822873082287,Active Customer,100,High Retention,1149709.1021276596
C0370,Corporate,Infrastructure,East,2019-02-18,2024-12-18,36,53881174.6,2144,14,5.8699520876112254,6.132929104477611,Active Customer,100,High Retention,1496699.2944444446
C0040,Government,Logistics,North,2019-02-23,2024-12-21,43,53757984.6,2139,11,5.856262833675565,7.342566619915848,Active Customer,100,High Retention,1250185.688372093
C0320,Retail,Construction,North,2019-04-01,2024-12-30,34,53574056.6,2102,2,5.754962354551677,5.907944814462417,Active Customer,100,High Retention,1575707.5470588235
C0181,Government,Construction,West,2019-04-13,2024-12-15,36,53087081.0,2090,17,5.722108145106092,6.291387559808612,Active Customer,100,High Retention,1474641.138888889
C0096,Corporate,Construction,South,2019-01-02,2024-12-30,34,51986858.4,2191,2,5.9986310746064335,5.667959835691465,Active Customer,100,High Retention,1529025.2470588235
C0393,Retail,Rental,East,2019-03-27,2024-12-18,39,51240981.8,2107,14,5.768651608487337,6.760678690080684,Active Customer,100,High Retention,1313871.3282051282
C0458,Dealer,Manufacturing,West,2019-07-09,2024-12-28,38,50799400.6,2003,4,5.4839151266255985,6.929355966050924,Active Customer,100,High Retention,1336826.3315789474
C0214,Corporate,Rental,West,2019-01-12,2024-12-26,31,50612095.0,2181,6,5.971252566735113,5.191540577716644,Active Customer,100,High Retention,1632648.2258064516
C0074,Fleet Owner,Infrastructure,East,2019-01-10,2024-12-31,39,50426138.6,2183,1,5.976728268309377,6.525309207512597,Active Customer,100,High Retention,1292977.912820513
C0167,Retail,Mining,West,2019-01-03,2024-12-28,31,50383279.4,2190,4,5.9958932238193015,5.170205479452055,Active Customer,100,High Retention,1625267.0774193548
C0087,Government,Logistics,South,2019-01-22,2024-12-17,39,50370513.4,2171,15,5.943874058863792,6.561377245508981,Active Customer,100,High Retention,1291551.6256410256
C0308,Retail,Mining,North,2019-02-19,2024-12-12,33,50359329.6,2143,20,5.867214236824093,5.624475034997666,Active Customer,100,High Retention,1526040.290909091
C0323,Government,Manufacturing,West,2019-01-11,2024-12-22,36,50291498.8,2182,10,5.973990417522245,6.026122823098075,Active Customer,100,High Retention,1396986.0777777778
C0159,Dealer,Construction,South,2019-02-02,2024-12-26,34,49934036.2,2160,6,5.9137577002053385,5.749305555555556,Active Customer,100,High Retention,1468648.1235294119
C0057,Retail,Logistics,East,2019-03-20,2024-12-04,32,49701788.6,2114,28,5.7878165639972625,5.528855250709555,Active Customer,100,High Retention,1553180.89375
C0033,Government,Mining,South,2019-03-05,2024-12-12,30,49354094.2,2129,20,5.8288843258042435,5.146782527007985,Active Customer,100,High Retention,1645136.4733333334
C0036,Fleet Owner,Construction,East,2019-06-26,2024-12-18,31,48929201.8,2016,14,5.519507186858316,5.6164434523809526,Active Customer,100,High Retention,1578361.3483870968
C0194,Fleet Owner,Construction,South,2019-04-15,2024-12-26,33,48202752.8,2088,6,5.716632443531828,5.772629310344827,Active Customer,100,High Retention,1460689.4787878788
C0496,Government,Infrastructure,East,2019-02-17,2024-12-27,37,48190097.0,2145,5,5.8726899383983575,6.30034965034965,Active Customer,100,High Retention,1302435.054054054
C0465,Fleet Owner,Mining,South,2019-03-12,2024-12-12,35,48083241.6,2122,20,5.809719370294319,6.024387370405278,Active Customer,100,High Retention,1373806.902857143
C0439,Dealer,Construction,South,2019-03-21,2024-12-22,36,47576062.0,2113,10,5.7850787132101305,6.22290582110743,Active Customer,100,High Retention,1321557.2777777778
C0097,Corporate,Construction,West,2019-03-22,2024-12-16,26,47499351.2,2112,16,5.782340862422998,4.496448863636363,Active Customer,100,High Retention,1826898.1230769232
C0278,Fleet Owner,Logistics,West,2019-08-12,2024-12-03,38,47107787.2,1969,29,5.390828199863107,7.049009649568309,Active Customer,100,High Retention,1239678.6105263159
C0208,Fleet Owner,Logistics,North,2019-01-20,2024-12-30,30,46904115.8,2173,2,5.949349760438056,5.042567878508974,Active Customer,100,High Retention,1563470.5266666666
C0437,Dealer,Mining,West,2019-02-09,2024-12-21,30,46199550.2,2153,11,5.894592744695414,5.08941012540641,Active Customer,100,High Retention,1539985.0066666668
C0404,Government,Mining,West,2019-02-10,2024-12-26,31,46035794.4,2152,6,5.891854893908282,5.2615009293680295,Active Customer,100,High Retention,1485025.6258064515
C0248,Fleet Owner,Rental,West,2019-01-10,2024-12-04,30,45208412.0,2183,28,5.976728268309377,5.019468621163536,Active Customer,100,High Retention,1506947.0666666667
C0500,Corporate,Infrastructure,East,2019-01-06,2024-12-07,27,44474866.6,2187,25,5.987679671457905,4.5092592592592595,Active Customer,100,High Retention,1647217.2814814816
C0147,Dealer,Rental,North,2019-07-21,2024-12-22,30,44007572.2,1991,10,5.451060917180014,5.503515821195379,Active Customer,100,High Retention,1466919.0733333335
C0317,Corporate,Manufacturing,South,2019-01-17,2024-12-25,32,43291415.2,2176,7,5.9575633127994525,5.3713235294117645,Active Customer,100,High Retention,1352856.725
C0019,Government,Logistics,East,2019-01-19,2024-12-10,37,42528118.4,2174,22,5.952087611225188,6.21630634774609,Active Customer,100,High Retention,1149408.6054054054
C0243,Government,Construction,North,2019-11-20,2024-12-10,28,42431751.6,1869,22,5.117043121149897,5.471910112359551,Active Customer,100,High Retention,1515419.7
C0104,Fleet Owner,Infrastructure,South,2019-04-06,2024-12-30,34,42120081.4,2097,2,5.7412731006160165,5.922031473533619,Active Customer,100,High Retention,1238825.9235294117
C0118,Retail,Rental,South,2019-02-03,2024-12-10,32,41835680.2,2159,22,5.9110198494182065,5.413617415470125,Active Customer,100,High Retention,1307365.00625
C0155,Fleet Owner,Mining,East,2019-11-15,2024-12-17,31,41576324.2,1874,15,5.130732375085558,6.042022411953041,Active Customer,100,High Retention,1341171.748387097
C0014,Fleet Owner,Construction,East,2019-03-05,2024-12-21,27,41523847.6,2129,11,5.8288843258042435,4.632104274307187,Active Customer,100,High Retention,1537920.2814814816
C0322,Government,Construction,West,2019-04-10,2024-12-10,28,40996678.0,2093,22,5.730321697467488,4.88628762541806,Active Customer,100,High Retention,1464167.0714285714
C0452,Fleet Owner,Mining,South,2019-03-05,2024-12-27,35,40090449.2,2129,5,5.8288843258042435,6.004579614842649,Active Customer,100,High Retention,1145441.4057142858
C0204,Retail,Rental,South,2019-05-20,2024-12-08,31,39880662.0,2053,24,5.620807665982204,5.515221626887482,Active Customer,100,High Retention,1286472.9677419355
C0388,Fleet Owner,Infrastructure,West,2019-03-21,2024-12-12,27,39389408.6,2113,20,5.7850787132101305,4.667179365830572,Active Customer,100,High Retention,1458866.9851851852
C0170,Government,Construction,South,2019-03-21,2024-12-20,27,38882680.4,2113,12,5.7850787132101305,4.667179365830572,Active Customer,100,High Retention,1440099.274074074
C0392,Fleet Owner,Logistics,East,2019-02-11,2024-12-12,31,38571708.8,2151,20,5.88911704312115,5.2639470013947,Active Customer,100,High Retention,1244248.6709677419
C0309,Government,Manufacturing,West,2019-03-04,2024-12-17,31,38065991.6,2130,15,5.831622176591376,5.315845070422536,Active Customer,100,High Retention,1227935.2129032258
C0262,Corporate,Logistics,North,2019-02-26,2024-12-04,26,36628894.0,2136,28,5.848049281314168,4.445926966292135,Active Customer,100,High Retention,1408803.6153846155
C0177,Dealer,Construction,West,2019-04-01,2024-12-25,28,35762840.4,2102,7,5.754962354551677,4.865366317792579,Active Customer,100,High Retention,1277244.3
C0145,Retail,Construction,West,2019-04-01,2024-12-29,33,34445949.4,2102,3,5.754962354551677,5.73418173168411,Active Customer,100,High Retention,1043816.6484848484
C0183,Government,Mining,West,2019-02-03,2024-12-05,27,32313901.0,2159,27,5.9110198494182065,4.567739694302918,Active Customer,100,High Retention,1196811.148148148
C0125,Government,Mining,West,2019-02-17,2024-12-09,30,31904862.6,2145,23,5.8726899383983575,5.108391608391608,Active Customer,100,High Retention,1063495.4200000002
C0108,Corporate,Rental,North,2019-01-03,2024-12-29,24,31126705.0,2190,3,5.9958932238193015,4.002739726027397,Active Customer,100,High Retention,1296946.0416666667
C0180,Fleet Owner,Logistics,South,2019-01-04,2024-12-10,27,30093537.8,2189,22,5.993155373032169,4.50513933302878,Active Customer,100,High Retention,1114575.474074074
C0174,Government,Mining,West,2019-01-11,2024-12-03,29,29793255.0,2182,29,5.973990417522245,4.854376718606783,Active Customer,100,High Retention,1027353.6206896552
C0347,Retail,Mining,North,2019-03-04,2024-12-03,24,22536660.4,2130,29,5.831622176591376,4.115492957746479,Active Customer,100,High Retention,939027.5166666666
C0288,Dealer,Infrastructure,North,2019-02-21,2024-10-18,55,97218403.8,2141,75,5.861738535249829,9.38288183092013,Recently Inactive,80,High Retention,1767607.3418181818
C0495,Fleet Owner,Infrastructure,North,2019-01-28,2024-11-25,48,94540537.6,2165,37,5.927446954141,8.097921478060046,Recently Inactive,80,High Retention,1969594.5333333332
C0240,Corporate,Manufacturing,South,2019-02-19,2024-11-10,46,92835709.4,2143,52,5.867214236824093,7.840177321511899,Recently Inactive,80,High Retention,2018167.595652174
C0420,Retail,Rental,South,2019-01-10,2024-11-22,46,92482888.8,2183,40,5.976728268309377,7.6965185524507564,Recently Inactive,80,High Retention,2010497.5826086956
C0083,Dealer,Infrastructure,North,2019-05-23,2024-10-04,45,89672688.2,2050,89,5.6125941136208075,8.017682926829268,Recently Inactive,80,High Retention,1992726.4044444445
C0207,Corporate,Rental,East,2019-02-10,2024-10-13,45,87068691.0,2152,80,5.891854893908282,7.637662639405204,Recently Inactive,80,High Retention,1934859.8
C0359,Fleet Owner,Mining,South,2019-02-12,2024-11-28,46,85617784.0,2150,34,5.886379192334018,7.814651162790698,Recently Inactive,80,High Retention,1861256.1739130435
C0134,Fleet Owner,Infrastructure,West,2019-03-03,2024-11-24,48,85243025.2,2131,38,5.834360027378508,8.227123416236509,Recently Inactive,80,High Retention,1775896.3583333334
C0200,Retail,Logistics,East,2019-02-09,2024-11-25,47,84469856.6,2153,37,5.894592744695414,7.973409196470042,Recently Inactive,80,High Retention,1797230.9914893615
C0462,Retail,Logistics,South,2019-01-06,2024-11-13,49,82777824.6,2187,49,5.987679671457905,8.183470507544582,Recently Inactive,80,High Retention,1689343.3591836733
C0440,Retail,Manufacturing,South,2019-01-29,2024-10-21,44,82426773.6,2164,72,5.924709103353867,7.426524953789279,Recently Inactive,80,High Retention,1873335.7636363634
C0371,Retail,Rental,South,2019-01-03,2024-11-02,47,82052808.0,2190,60,5.9958932238193015,7.838698630136987,Recently Inactive,80,High Retention,1745804.425531915
C0375,Fleet Owner,Mining,West,2019-02-20,2024-11-03,42,81286325.6,2142,59,5.864476386036961,7.161764705882352,Recently Inactive,80,High Retention,1935388.7047619047
C0076,Government,Mining,South,2019-01-12,2024-10-06,45,80026994.2,2181,87,5.971252566735113,7.536107290233838,Recently Inactive,80,High Retention,1778377.648888889
C0062,Dealer,Construction,South,2019-03-18,2024-10-31,36,78963082.0,2116,62,5.793292265571527,6.2140831758034025,Recently Inactive,80,High Retention,2193418.9444444445
C0380,Fleet Owner,Manufacturing,South,2019-01-29,2024-11-03,50,77887431.8,2164,59,5.924709103353867,8.439232902033272,Recently Inactive,80,High Retention,1557748.636
C0197,Government,Manufacturing,West,2019-02-22,2024-10-18,47,77464617.6,2140,75,5.859000684462697,8.021845794392522,Recently Inactive,80,High Retention,1648183.3531914891
C0060,Dealer,Mining,South,2019-07-20,2024-11-24,44,77163010.4,1992,38,5.453798767967146,8.06777108433735,Recently Inactive,80,High Retention,1753704.781818182
C0246,Retail,Manufacturing,North,2019-01-26,2024-11-02,35,77080113.6,2167,60,5.932922655715264,5.899284725426857,Recently Inactive,80,High Retention,2202288.96
C0013,Dealer,Construction,West,2019-01-02,2024-10-27,44,76843692.4,2191,66,5.9986310746064335,7.335006846188955,Recently Inactive,80,High Retention,1746447.5545454547
C0129,Corporate,Mining,North,2019-01-06,2024-10-31,36,76393252.6,2187,62,5.987679671457905,6.012345679012346,Recently Inactive,80,High Retention,2122034.794444444
C0468,Fleet Owner,Rental,South,2019-05-10,2024-11-10,49,75254807.6,2063,52,5.648186173853525,8.675351429956374,Recently Inactive,80,High Retention,1535812.4
C0005,Dealer,Construction,West,2019-02-28,2024-10-04,45,74996415.4,2134,89,5.842573579739904,7.702085285848173,Recently Inactive,80,High Retention,1666587.008888889
C0237,Dealer,Infrastructure,South,2019-01-28,2024-10-15,44,74820743.4,2165,78,5.927446954141,7.423094688221709,Recently Inactive,80,High Retention,1700471.4409090912
C0435,Dealer,Manufacturing,South,2019-10-11,2024-11-01,50,73908258.2,1909,61,5.2265571526351815,9.566526977475117,Recently Inactive,80,High Retention,1478165.164
C0042,Fleet Owner,Rental,South,2019-01-25,2024-10-13,41,73882726.2,2168,80,5.935660506502396,6.907403136531365,Recently Inactive,80,High Retention,1802017.712195122
C0307,Dealer,Manufacturing,West,2019-01-15,2024-11-24,42,73655534.6,2178,38,5.963039014373717,7.043388429752066,Recently Inactive,80,High Retention,1753703.2047619047
C0241,Government,Construction,West,2019-02-01,2024-10-31,39,73396972.0,2161,62,5.916495550992471,6.591739935215179,Recently Inactive,80,High Retention,1881973.641025641
C0242,Government,Construction,South,2019-01-30,2024-11-18,47,73225487.6,2163,44,5.921971252566735,7.9365464632454925,Recently Inactive,80,High Retention,1557989.0978723404
C0253,Retail,Rental,West,2019-03-28,2024-11-27,39,72946151.6,2106,35,5.765913757700205,6.763888888888889,Recently Inactive,80,High Retention,1870414.1435897434
C0342,Dealer,Infrastructure,North,2019-12-04,2024-10-09,36,72821567.8,1855,84,5.078713210130048,7.088409703504043,Recently Inactive,80,High Retention,2022821.3277777778
C0300,Dealer,Mining,North,2019-05-05,2024-11-18,40,72746205.0,2068,44,5.661875427789186,7.064796905222437,Recently Inactive,80,High Retention,1818655.125
C0071,Corporate,Rental,North,2019-01-24,2024-11-26,42,72076738.0,2169,36,5.938398357289528,7.072614107883817,Recently Inactive,80,High Retention,1716112.8095238095
C0032,Government,Logistics,West,2019-01-23,2024-10-25,44,71991263.0,2170,68,5.94113620807666,7.405990783410138,Recently Inactive,80,High Retention,1636165.0681818181
C0102,Government,Infrastructure,East,2019-03-11,2024-10-24,34,71864051.2,2123,69,5.812457221081451,5.84950541686293,Recently Inactive,80,High Retention,2113648.564705882
C0196,Fleet Owner,Rental,North East,2019-01-09,2024-10-28,48,71291851.6,2184,65,5.979466119096509,8.027472527472527,Recently Inactive,80,High Retention,1485246.9083333332
C0255,Retail,Infrastructure,South,2019-01-05,2024-11-11,45,71144094.2,2188,51,5.990417522245037,7.511997257769653,Recently Inactive,80,High Retention,1580979.8711111112
C0160,Retail,Rental,West,2019-02-19,2024-11-23,44,70762190.2,2143,39,5.867214236824093,7.4993000466635555,Recently Inactive,80,High Retention,1608231.5954545455
C0123,Corporate,Infrastructure,East,2019-01-16,2024-11-04,36,70019319.0,2177,58,5.960301163586585,6.039963252181901,Recently Inactive,80,High Retention,1944981.0833333333
C0394,Government,Construction,South,2019-03-08,2024-11-21,40,69936379.2,2126,41,5.820670773442847,6.87206020696143,Recently Inactive,80,High Retention,1748409.48
C0169,Fleet Owner,Construction,West,2019-03-25,2024-10-27,40,69450095.6,2109,66,5.774127310061601,6.927453769559033,Recently Inactive,80,High Retention,1736252.39
C0429,Fleet Owner,Logistics,West,2019-02-08,2024-10-21,42,69444114.2,2154,72,5.897330595482546,7.121866295264624,Recently Inactive,80,High Retention,1653431.2904761906
C0009,Corporate,Rental,West,2019-04-14,2024-11-04,34,68836324.8,2089,58,5.71937029431896,5.9447103877453324,Recently Inactive,80,High Retention,2024597.788235294
C0415,Government,Infrastructure,North East,2019-03-21,2024-10-11,33,68592455.6,2113,82,5.7850787132101305,5.704330336015144,Recently Inactive,80,High Retention,2078559.2606060605
C0343,Corporate,Construction,West,2019-02-28,2024-11-21,40,68419201.6,2134,41,5.842573579739904,6.846298031865042,Recently Inactive,80,High Retention,1710480.0399999998
C0383,Fleet Owner,Infrastructure,North,2019-02-18,2024-11-19,41,68192154.0,2144,43,5.8699520876112254,6.984724813432836,Recently Inactive,80,High Retention,1663223.268292683
C0193,Dealer,Infrastructure,West,2019-01-10,2024-11-30,38,67795348.0,2183,32,5.976728268309377,6.357993586807146,Recently Inactive,80,High Retention,1784088.105263158
C0247,Corporate,Logistics,East,2019-02-14,2024-11-13,39,67759559.60000001,2148,49,5.880903490759754,6.63163407821229,Recently Inactive,80,High Retention,1737424.6051282054
C0264,Retail,Infrastructure,West,2019-01-02,2024-11-02,36,67321592.8,2191,60,5.9986310746064335,6.001369237790963,Recently Inactive,80,High Retention,1870044.2444444443
C0488,Government,Construction,South,2019-03-01,2024-11-26,37,67251532.8,2133,36,5.839835728952772,6.335794655414909,Recently Inactive,80,High Retention,1817608.9945945945
C0119,Government,Manufacturing,West,2019-01-07,2024-10-26,51,67143205.2,2186,67,5.984941820670773,8.521386093321135,Recently Inactive,80,High Retention,1316533.4352941178
C0341,Fleet Owner,Mining,North,2019-03-10,2024-10-07,36,66838579.4,2124,86,5.815195071868583,6.190677966101695,Recently Inactive,80,High Retention,1856627.2055555554
C0141,Corporate,Rental,West,2019-04-06,2024-11-15,36,66220737.2,2097,47,5.7412731006160165,6.2703862660944205,Recently Inactive,80,High Retention,1839464.9222222222
C0422,Government,Construction,South,2019-09-19,2024-11-04,37,65678984.2,1931,58,5.286789869952088,6.9985758674262035,Recently Inactive,80,High Retention,1775107.6810810813
C0471,Fleet Owner,Logistics,West,2019-02-23,2024-11-27,37,65501994.2,2139,35,5.856262833675565,6.318022440392706,Recently Inactive,80,High Retention,1770324.1675675677
C0209,Corporate,Infrastructure,East,2019-10-18,2024-11-22,44,65445658.4,1902,40,5.207392197125257,8.449526813880126,Recently Inactive,80,High Retention,1487401.3272727272
C0312,Government,Construction,West,2019-04-16,2024-11-17,37,65437706.6,2087,45,5.713894592744696,6.4754432199329175,Recently Inactive,80,High Retention,1768586.664864865
C0295,Corporate,Mining,East,2019-03-07,2024-10-09,38,65390145.6,2127,84,5.823408624229979,6.525387870239775,Recently Inactive,80,High Retention,1720793.305263158
C0443,Dealer,Infrastructure,East,2019-03-27,2024-11-18,40,64951558.8,2107,44,5.768651608487337,6.934029425723778,Recently Inactive,80,High Retention,1623788.97
C0406,Dealer,Logistics,West,2019-02-25,2024-10-11,32,64818334.4,2137,82,5.8507871321013,5.469349555451568,Recently Inactive,80,High Retention,2025572.95
C0460,Dealer,Logistics,South,2019-04-06,2024-11-25,32,64634814.4,2097,37,5.7412731006160165,5.573676680972818,Recently Inactive,80,High Retention,2019837.95
C0275,Fleet Owner,Construction,West,2019-06-17,2024-11-06,45,64270295.0,2025,56,5.544147843942505,8.116666666666667,Recently Inactive,80,High Retention,1428228.7777777778
C0390,Fleet Owner,Construction,North,2019-03-23,2024-11-09,32,64132451.0,2111,53,5.779603011635865,5.536712458550451,Recently Inactive,80,High Retention,2004139.09375
C0268,Government,Mining,West,2019-01-21,2024-10-07,32,63709103.6,2172,86,5.946611909650924,5.3812154696132595,Recently Inactive,80,High Retention,1990909.4875
C0455,Retail,Logistics,Central,2019-04-27,2024-11-27,35,63287015.4,2076,35,5.683778234086242,6.157875722543353,Recently Inactive,80,High Retention,1808200.44
C0010,Dealer,Construction,South,2019-01-23,2024-11-27,46,63051038.4,2170,35,5.94113620807666,7.742626728110599,Recently Inactive,80,High Retention,1370674.7478260868
C0467,Retail,Construction,North,2019-01-02,2024-11-06,48,62880162.4,2191,56,5.9986310746064335,8.001825650387952,Recently Inactive,80,High Retention,1310003.3833333333
C0499,Corporate,Construction,East,2019-01-18,2024-11-29,39,62785837.0,2175,33,5.95482546201232,6.549310344827586,Recently Inactive,80,High Retention,1609893.2564102565
C0039,Fleet Owner,Rental,South,2019-04-17,2024-11-28,38,62706510.2,2086,34,5.711156741957564,6.6536433365292424,Recently Inactive,80,High Retention,1650171.3210526316
C0101,Corporate,Logistics,South,2019-02-26,2024-10-10,38,62629058.6,2136,83,5.848049281314168,6.497893258426966,Recently Inactive,80,High Retention,1648133.1210526316
C0413,Fleet Owner,Manufacturing,South,2019-02-06,2024-11-08,41,62380011.4,2156,54,5.90280629705681,6.94584879406308,Recently Inactive,80,High Retention,1521463.6926829268
C0258,Corporate,Mining,South,2019-02-04,2024-10-10,28,62250978.4,2158,83,5.908281998631074,4.739110287303059,Recently Inactive,80,High Retention,2223249.2285714285
C0152,Corporate,Manufacturing,South,2019-03-10,2024-11-18,40,62249804.2,2124,44,5.815195071868583,6.878531073446328,Recently Inactive,80,High Retention,1556245.105
C0162,Retail,Mining,East,2019-07-05,2024-10-14,28,62233145.6,2007,79,5.494866529774128,5.095665171898355,Recently Inactive,80,High Retention,2222612.342857143
C0318,Corporate,Logistics,North,2019-01-08,2024-10-17,36,62202116.0,2185,76,5.982203969883641,6.017848970251716,Recently Inactive,80,High Retention,1727836.5555555555
C0230,Dealer,Infrastructure,North,2019-02-19,2024-10-31,38,62086661.8,2143,62,5.867214236824093,6.476668222118525,Recently Inactive,80,High Retention,1633859.5210526315
C0381,Corporate,Mining,South,2019-07-06,2024-11-17,29,62038399.0,2006,45,5.492128678986996,5.280284147557327,Recently Inactive,80,High Retention,2139255.1379310344
C0216,Government,Mining,East,2019-01-27,2024-11-20,39,62009378.6,2166,42,5.930184804928132,6.576523545706371,Recently Inactive,80,High Retention,1589984.0666666667
C0492,Dealer,Rental,East,2019-02-04,2024-11-05,35,61798115.2,2158,57,5.908281998631074,5.923887859128823,Recently Inactive,80,High Retention,1765660.4342857143
C0263,Government,Rental,South,2019-03-06,2024-11-01,35,61677496.4,2128,61,5.8261464750171115,6.0074013157894735,Recently Inactive,80,High Retention,1762214.1828571428
C0269,Government,Mining,South,2019-01-12,2024-11-22,41,61642030.4,2181,40,5.971252566735113,6.866231086657496,Recently Inactive,80,High Retention,1503464.156097561
C0184,Retail,Rental,South,2019-03-12,2024-11-28,29,61479056.4,2122,34,5.809719370294319,4.991635249764373,Recently Inactive,80,High Retention,2119967.4620689657
C0189,Government,Manufacturing,South,2019-03-03,2024-11-11,35,61121980.8,2131,51,5.834360027378508,5.9989441576724545,Recently Inactive,80,High Retention,1746342.3085714285
C0015,Government,Rental,West,2019-02-18,2024-11-16,34,61028370.8,2144,46,5.8699520876112254,5.792210820895522,Recently Inactive,80,High Retention,1794952.0823529412
C0056,Dealer,Mining,North,2019-01-08,2024-11-10,36,60885469.8,2185,52,5.982203969883641,6.017848970251716,Recently Inactive,80,High Retention,1691263.0499999998
C0161,Dealer,Mining,West,2019-03-24,2024-11-17,37,60837361.2,2110,45,5.776865160848733,6.404857819905214,Recently Inactive,80,High Retention,1644253.0054054055
C0409,Government,Logistics,West,2019-01-19,2024-10-09,45,60821412.6,2174,84,5.952087611225188,7.560372585096596,Recently Inactive,80,High Retention,1351586.9466666668
C0335,Government,Infrastructure,North East,2019-01-31,2024-11-03,38,60351028.0,2162,59,5.919233401779603,6.419750231267345,Recently Inactive,80,High Retention,1588184.9473684211
C0140,Retail,Logistics,West,2019-03-18,2024-11-24,37,60136648.6,2116,38,5.793292265571527,6.386696597353497,Recently Inactive,80,High Retention,1625314.827027027
C0408,Government,Infrastructure,South,2019-07-06,2024-11-02,36,60127186.2,2006,60,5.492128678986996,6.554835493519441,Recently Inactive,80,High Retention,1670199.6166666667
C0130,Government,Mining,West,2019-02-17,2024-11-16,39,60017312.8,2145,46,5.8726899383983575,6.640909090909091,Recently Inactive,80,High Retention,1538905.4564102564
C0410,Corporate,Mining,South,2019-03-03,2024-11-27,39,59804309.8,2131,35,5.834360027378508,6.684537775692164,Recently Inactive,80,High Retention,1533443.841025641
C0086,Retail,Construction,West,2019-01-12,2024-11-22,29,59655682.6,2181,40,5.971252566735113,4.856602475928473,Recently Inactive,80,High Retention,2057092.5034482758
C0175,Fleet Owner,Rental,East,2019-01-24,2024-11-01,36,59434888.8,2169,61,5.938398357289528,6.062240663900415,Recently Inactive,80,High Retention,1650969.1333333333
C0051,Retail,Infrastructure,North,2019-02-15,2024-11-15,36,59420710.4,2147,47,5.878165639972622,6.124359571495109,Recently Inactive,80,High Retention,1650575.288888889
C0211,Fleet Owner,Manufacturing,South,2019-03-06,2024-11-20,42,59389779.2,2128,42,5.8261464750171115,7.208881578947368,Recently Inactive,80,High Retention,1414042.361904762
C0453,Dealer,Mining,East,2019-05-25,2024-12-01,31,59284873.8,2048,31,5.607118412046543,5.5286865234375,Recently Inactive,80,High Retention,1912415.2838709676
C0280,Corporate,Construction,West,2019-01-12,2024-11-05,42,59078520.8,2181,57,5.971252566735113,7.033700137551582,Recently Inactive,80,High Retention,1406631.4476190475
C0310,Government,Infrastructure,East,2019-05-30,2024-11-07,39,59059490.6,2043,55,5.593429158110883,6.972466960352423,Recently Inactive,80,High Retention,1514345.912820513
C0106,Dealer,Infrastructure,Central,2019-04-07,2024-11-12,39,58339475.8,2096,50,5.738535249828884,6.796159351145038,Recently Inactive,80,High Retention,1495883.9948717947
C0401,Government,Logistics,North East,2019-01-11,2024-10-25,36,58231157.8,2182,68,5.973990417522245,6.026122823098075,Recently Inactive,80,High Retention,1617532.161111111
C0173,Retail,Logistics,South,2019-03-29,2024-10-18,31,57999777.4,2105,75,5.763175906913073,5.378978622327791,Recently Inactive,80,High Retention,1870960.5612903226
C0093,Dealer,Manufacturing,South,2019-02-13,2024-12-01,36,57944235.8,2149,31,5.883641341546886,6.118659841786878,Recently Inactive,80,High Retention,1609562.1055555556
C0227,Fleet Owner,Infrastructure,East,2019-02-13,2024-10-24,34,57926647.6,2149,69,5.883641341546886,5.77873429502094,Recently Inactive,80,High Retention,1703724.9294117647
C0064,Corporate,Manufacturing,North,2019-03-21,2024-10-18,32,57893888.0,2113,75,5.7850787132101305,5.531471840984382,Recently Inactive,80,High Retention,1809184.0
C0236,Corporate,Mining,West,2019-03-21,2024-10-25,41,57861179.0,2113,68,5.7850787132101305,7.087198296261239,Recently Inactive,80,High Retention,1411248.268292683
C0038,Fleet Owner,Rental,North,2019-01-08,2024-11-29,36,57808311.2,2185,33,5.982203969883641,6.017848970251716,Recently Inactive,80,High Retention,1605786.4222222222
C0477,Government,Construction,West,2019-06-12,2024-10-13,36,57746038.6,2030,80,5.557837097878165,6.477339901477833,Recently Inactive,80,High Retention,1604056.6277777778
C0357,Corporate,Mining,West,2019-01-05,2024-11-17,28,57734552.2,2188,45,5.990417522245037,4.674131627056673,Recently Inactive,80,High Retention,2061948.2928571429
C0367,Fleet Owner,Logistics,South,2019-02-28,2024-11-04,27,57592654.8,2134,58,5.842573579739904,4.621251171508904,Recently Inactive,80,High Retention,2133061.288888889
C0290,Corporate,Construction,West,2019-03-04,2024-11-15,40,57372288.2,2130,47,5.831622176591376,6.859154929577465,Recently Inactive,80,High Retention,1434307.205
C0172,Dealer,Manufacturing,South,2019-08-18,2024-11-27,37,57323600.2,1963,35,5.374401095140315,6.884488028527763,Recently Inactive,80,High Retention,1549286.491891892
C0105,Government,Logistics,North,2019-05-25,2024-11-26,41,57202879.8,2048,36,5.607118412046543,7.3121337890625,Recently Inactive,80,High Retention,1395192.1902439024
C0011,Retail,Infrastructure,West,2019-01-03,2024-11-22,41,57187490.8,2190,40,5.9958932238193015,6.838013698630138,Recently Inactive,80,High Retention,1394816.8487804877
C0073,Corporate,Rental,North,2019-03-23,2024-11-12,32,56970903.6,2111,50,5.779603011635865,5.536712458550451,Recently Inactive,80,High Retention,1780340.7375
C0296,Corporate,Manufacturing,East,2019-01-02,2024-11-07,40,56944680.8,2191,55,5.9986310746064335,6.66818804198996,Recently Inactive,80,High Retention,1423617.02
C0022,Retail,Infrastructure,South,2019-01-13,2024-11-06,38,56759064.0,2180,56,5.968514715947981,6.366743119266055,Recently Inactive,80,High Retention,1493659.5789473683
C0461,Corporate,Infrastructure,North,2019-02-27,2024-10-31,36,56714684.2,2135,62,5.845311430527036,6.1587822014051525,Recently Inactive,80,High Retention,1575407.8944444444
C0349,Corporate,Rental,West,2019-01-31,2024-10-19,33,56613876.0,2162,74,5.919233401779603,5.575046253469011,Recently Inactive,80,High Retention,1715572.0
C0457,Retail,Manufacturing,East,2019-01-13,2024-11-15,33,56578805.4,2180,47,5.968514715947981,5.52901376146789,Recently Inactive,80,High Retention,1714509.2545454544
C0245,Dealer,Logistics,South,2019-01-01,2024-11-30,33,56554752.6,2192,32,6.0013689253935665,5.498745437956204,Recently Inactive,80,High Retention,1713780.3818181818
C0080,Retail,Mining,South,2019-02-20,2024-11-03,42,56541324.2,2142,59,5.864476386036961,7.161764705882352,Recently Inactive,80,High Retention,1346222.004761905
C0397,Fleet Owner,Mining,West,2019-02-11,2024-11-22,36,56279511.4,2151,40,5.88911704312115,6.112970711297071,Recently Inactive,80,High Retention,1563319.7611111111
C0449,Fleet Owner,Logistics,West,2019-07-19,2024-11-19,32,55700286.8,1993,43,5.456536618754278,5.864525840441545,Recently Inactive,80,High Retention,1740633.9625
C0171,Fleet Owner,Construction,South,2019-04-27,2024-10-19,30,55348450.2,2076,74,5.683778234086242,5.2781791907514455,Recently Inactive,80,High Retention,1844948.34
C0287,Dealer,Manufacturing,South,2019-03-22,2024-11-27,36,55179366.6,2112,35,5.782340862422998,6.2258522727272725,Recently Inactive,80,High Retention,1532760.1833333333
C0001,Retail,Construction,East,2019-01-26,2024-11-15,34,55019747.4,2167,47,5.932922655715264,5.730733733271804,Recently Inactive,80,High Retention,1618227.8647058823
C0472,Dealer,Manufacturing,South,2019-04-29,2024-11-23,34,54888819.4,2074,39,5.678302532511978,5.987704918032787,Recently Inactive,80,High Retention,1614377.0411764705
C0124,Dealer,Construction,West,2019-01-11,2024-11-04,42,54870405.8,2182,58,5.973990417522245,7.030476626947754,Recently Inactive,80,High Retention,1306438.2333333332
C0346,Retail,Construction,East,2019-01-21,2024-11-15,39,54686860.8,2172,47,5.946611909650924,6.55835635359116,Recently Inactive,80,High Retention,1402227.2
C0493,Retail,Construction,South,2019-02-18,2024-11-22,38,54684935.199999996,2144,40,5.8699520876112254,6.473647388059701,Recently Inactive,80,High Retention,1439077.242105263
C0360,Dealer,Construction,West,2019-05-25,2024-11-17,31,54662201.0,2048,45,5.607118412046543,5.5286865234375,Recently Inactive,80,High Retention,1763296.8064516129
C0434,Corporate,Mining,Central,2019-01-05,2024-10-26,33,54575670.2,2188,67,5.990417522245037,5.508797989031079,Recently Inactive,80,High Retention,1653808.187878788
C0364,Government,Infrastructure,East,2019-03-14,2024-11-18,32,54408370.8,2120,44,5.804243668720055,5.513207547169811,Recently Inactive,80,High Retention,1700261.5875
C0223,Corporate,Logistics,West,2019-03-01,2024-10-15,33,54079206.6,2133,78,5.839835728952772,5.650843881856541,Recently Inactive,80,High Retention,1638763.8363636364
C0224,Retail,Manufacturing,East,2019-01-30,2024-10-31,36,54050072.4,2163,62,5.921971252566735,6.079056865464633,Recently Inactive,80,High Retention,1501390.9
C0066,Retail,Manufacturing,Central,2019-01-29,2024-10-11,32,54037060.800000004,2164,82,5.924709103353867,5.401109057301294,Recently Inactive,80,High Retention,1688658.1500000001
C0203,Government,Manufacturing,West,2019-02-25,2024-11-19,35,53777085.6,2137,43,5.8507871321013,5.9821010762751525,Recently Inactive,80,High Retention,1536488.1600000001
C0363,Fleet Owner,Logistics,South,2019-05-10,2024-11-07,32,53560072.2,2063,55,5.648186173853525,5.665535627726611,Recently Inactive,80,High Retention,1673752.25625
C0442,Dealer,Logistics,East,2019-01-28,2024-10-20,33,53527848.6,2165,73,5.927446954141,5.567321016166281,Recently Inactive,80,High Retention,1622056.0181818183
C0210,Retail,Infrastructure,West,2019-02-20,2024-11-26,30,53509817.8,2142,36,5.864476386036961,5.1155462184873945,Recently Inactive,80,High Retention,1783660.5933333333
C0362,Corporate,Rental,West,2019-02-26,2024-10-11,37,53495189.2,2136,82,5.848049281314168,6.32689606741573,Recently Inactive,80,High Retention,1445815.9243243244
C0220,Government,Infrastructure,Central,2019-01-19,2024-11-06,43,53467975.0,2174,56,5.952087611225188,7.224356025758969,Recently Inactive,80,High Retention,1243441.2790697673
C0012,Fleet Owner,Logistics,South,2019-01-28,2024-10-10,37,53404468.4,2165,83,5.927446954141,6.242147806004619,Recently Inactive,80,High Retention,1443364.0108108108
C0035,Dealer,Infrastructure,Central,2019-01-07,2024-11-12,38,53340276.800000004,2186,50,5.984941820670773,6.3492680695333945,Recently Inactive,80,High Retention,1403691.494736842
C0427,Corporate,Mining,West,2019-02-07,2024-11-26,41,53149424.199999996,2155,36,5.900068446269678,6.94907192575406,Recently Inactive,80,High Retention,1296327.419512195
C0325,Corporate,Rental,East,2019-03-03,2024-11-09,30,52920013.4,2131,53,5.834360027378508,5.141952135147818,Recently Inactive,80,High Retention,1764000.4466666665
C0486,Government,Manufacturing,West,2019-01-01,2024-10-07,34,52620254.4,2192,86,6.0013689253935665,5.665374087591241,Recently Inactive,80,High Retention,1547654.5411764705
C0338,Corporate,Rental,West,2019-02-01,2024-11-23,33,52210070.0,2161,39,5.916495550992471,5.577626099028228,Recently Inactive,80,High Retention,1582123.3333333333
C0376,Retail,Construction,North,2019-07-01,2024-11-24,29,52106248.6,2011,38,5.505817932922656,5.26715564395823,Recently Inactive,80,High Retention,1796767.1931034483
C0446,Retail,Logistics,South,2019-02-03,2024-10-16,34,52035543.6,2159,77,5.9110198494182065,5.751968503937008,Recently Inactive,80,High Retention,1530457.1647058823
C0205,Retail,Construction,North,2019-02-07,2024-11-15,33,51965845.0,2155,47,5.900068446269678,5.593155452436195,Recently Inactive,80,High Retention,1574722.5757575757
C0090,Government,Infrastructure,North,2019-03-16,2024-10-22,43,51915256.6,2118,71,5.798767967145791,7.415368271954674,Recently Inactive,80,High Retention,1207331.5488372094
C0368,Fleet Owner,Construction,South,2019-02-17,2024-11-01,31,51837532.8,2145,61,5.8726899383983575,5.2786713286713285,Recently Inactive,80,High Retention,1672178.4774193547
C0400,Government,Infrastructure,North,2019-04-06,2024-10-23,35,51694363.6,2097,70,5.7412731006160165,6.09620886981402,Recently Inactive,80,High Retention,1476981.8171428572
C0231,Government,Infrastructure,West,2019-02-21,2024-11-08,32,51646725.4,2141,54,5.861738535249829,5.459131247080803,Recently Inactive,80,High Retention,1613960.16875
C0497,Government,Logistics,South,2019-06-12,2024-11-02,30,51439335.2,2030,60,5.557837097878165,5.397783251231528,Recently Inactive,80,High Retention,1714644.5066666668
C0348,Retail,Logistics,North,2019-04-15,2024-10-24,34,50897650.4,2088,69,5.716632443531828,5.947557471264368,Recently Inactive,80,High Retention,1496989.717647059
C0378,Retail,Manufacturing,North,2019-01-19,2024-11-16,35,50644577.199999996,2174,46,5.952087611225188,5.880289788408463,Recently Inactive,80,High Retention,1446987.92
C0345,Retail,Infrastructure,West,2019-02-21,2024-11-20,40,50444735.6,2141,42,5.861738535249829,6.823914058851003,Recently Inactive,80,High Retention,1261118.3900000001
C0120,Fleet Owner,Construction,South,2019-01-02,2024-11-15,34,50313583.0,2191,47,5.9986310746064335,5.667959835691465,Recently Inactive,80,High Retention,1479811.2647058824
C0289,Corporate,Logistics,South,2019-02-07,2024-10-29,35,50221149.2,2155,64,5.900068446269678,5.932134570765661,Recently Inactive,80,High Retention,1434889.9771428572
C0075,Retail,Mining,South,2019-04-17,2024-10-20,33,50186853.4,2086,73,5.711156741957564,5.778163950143815,Recently Inactive,80,High Retention,1520813.7393939393
C0233,Government,Logistics,East,2019-05-29,2024-10-21,28,49889164.0,2044,72,5.596167008898015,5.0034246575342465,Recently Inactive,80,High Retention,1781755.857142857
C0044,Government,Mining,West,2019-01-05,2024-11-17,34,49589458.0,2188,45,5.990417522245037,5.67573126142596,Recently Inactive,80,High Retention,1458513.4705882352
C0432,Fleet Owner,Mining,South,2019-01-26,2024-10-04,37,49310040.800000004,2167,89,5.932922655715264,6.236386709736963,Recently Inactive,80,High Retention,1332703.8054054056
C0018,Retail,Construction,West,2019-06-10,2024-11-14,31,49286607.8,2032,48,5.563312799452429,5.572219488188977,Recently Inactive,80,High Retention,1589890.5741935482
C0199,Government,Mining,West,2019-01-19,2024-10-21,33,48930073.4,2174,72,5.952087611225188,5.544273229070837,Recently Inactive,80,High Retention,1482729.4969696968
C0386,Retail,Construction,North,2019-04-23,2024-11-04,32,48819152.6,2080,58,5.69472963723477,5.61923076923077,Recently Inactive,80,High Retention,1525598.51875
C0389,Retail,Mining,West,2019-04-04,2024-11-25,30,48796477.0,2099,37,5.746748802190281,5.220343020485946,Recently Inactive,80,High Retention,1626549.2333333334
C0480,Government,Infrastructure,West,2019-01-24,2024-11-24,34,48525468.6,2169,38,5.938398357289528,5.7254495159059475,Recently Inactive,80,High Retention,1427219.6647058823
C0494,Corporate,Construction,East,2019-02-25,2024-11-28,32,48287535.6,2137,34,5.8507871321013,5.469349555451568,Recently Inactive,80,High Retention,1508985.4875
C0305,Fleet Owner,Logistics,North,2019-05-16,2024-11-27,31,48238808.800000004,2057,35,5.631759069130732,5.504496840058338,Recently Inactive,80,High Retention,1556090.6064516131
C0474,Government,Logistics,West,2019-01-11,2024-11-07,30,48230361.0,2182,55,5.973990417522245,5.021769019248396,Recently Inactive,80,High Retention,1607678.7
C0484,Fleet Owner,Mining,West,2019-01-30,2024-11-10,27,48200851.6,2163,52,5.921971252566735,4.559292649098475,Recently Inactive,80,High Retention,1785216.725925926
C0122,Dealer,Rental,North East,2019-01-12,2024-11-05,31,48051119.4,2181,57,5.971252566735113,5.191540577716644,Recently Inactive,80,High Retention,1550036.1096774193
C0079,Retail,Rental,North,2019-01-25,2024-11-28,31,47175266.2,2168,34,5.935660506502396,5.222670664206642,Recently Inactive,80,High Retention,1521782.7806451614
C0418,Government,Mining,West,2019-03-18,2024-11-14,30,47167025.6,2116,48,5.793292265571527,5.178402646502835,Recently Inactive,80,High Retention,1572234.1866666668
C0387,Dealer,Infrastructure,East,2019-01-02,2024-10-26,34,47133318.0,2191,67,5.9986310746064335,5.667959835691465,Recently Inactive,80,High Retention,1386274.0588235294
C0089,Corporate,Rental,West,2019-01-02,2024-11-14,37,47111014.0,2191,48,5.9986310746064335,6.168073938840712,Recently Inactive,80,High Retention,1273270.6486486488
C0391,Government,Construction,West,2019-01-14,2024-11-30,33,47080496.4,2179,32,5.965776865160849,5.531551170261588,Recently Inactive,80,High Retention,1426681.709090909
C0441,Dealer,Construction,North,2019-01-17,2024-10-19,31,47045233.8,2176,74,5.9575633127994525,5.203469669117647,Recently Inactive,80,High Retention,1517588.187096774
C0121,Government,Construction,West,2019-01-22,2024-12-01,34,47029566.199999996,2171,31,5.943874058863792,5.720175034546291,Recently Inactive,80,High Retention,1383222.5352941174
C0187,Retail,Rental,North,2019-05-02,2024-11-08,30,46901016.0,2071,54,5.670088980150582,5.290922259777885,Recently Inactive,80,High Retention,1563367.2
C0423,Dealer,Infrastructure,South,2019-02-25,2024-11-09,30,46894840.4,2137,53,5.8507871321013,5.127515208235845,Recently Inactive,80,High Retention,1563161.3466666667
C0298,Fleet Owner,Construction,South,2019-01-05,2024-11-20,33,46771231.0,2188,42,5.990417522245037,5.508797989031079,Recently Inactive,80,High Retention,1417310.0303030303
C0112,Fleet Owner,Mining,South,2019-02-27,2024-12-01,33,46248326.6,2135,31,5.845311430527036,5.6455503512880565,Recently Inactive,80,High Retention,1401464.4424242424
C0416,Dealer,Manufacturing,South,2019-01-05,2024-10-20,37,46006682.0,2188,73,5.990417522245037,6.176531078610604,Recently Inactive,80,High Retention,1243423.8378378379
C0136,Dealer,Mining,West,2019-03-23,2024-11-13,37,45774176.2,2111,49,5.779603011635865,6.401823780198958,Recently Inactive,80,High Retention,1237139.8972972974
C0164,Government,Construction,North,2019-01-11,2024-11-13,36,45625652.8,2182,49,5.973990417522245,6.026122823098075,Recently Inactive,80,High Retention,1267379.2444444443
C0037,Corporate,Construction,West,2019-06-12,2024-10-25,36,45505928.0,2030,68,5.557837097878165,6.477339901477833,Recently Inactive,80,High Retention,1264053.5555555555
C0252,Retail,Construction,South,2019-08-03,2024-10-07,34,45321304.6,1978,86,5.415468856947296,6.278311425682508,Recently Inactive,80,High Retention,1332979.5470588235
C0239,Government,Logistics,South,2019-10-11,2024-10-27,32,44962159.0,1909,66,5.2265571526351815,6.122577265584075,Recently Inactive,80,High Retention,1405067.46875
C0430,Retail,Manufacturing,West,2019-03-08,2024-10-11,27,44879330.8,2126,82,5.820670773442847,4.6386406396989655,Recently Inactive,80,High Retention,1662197.437037037
C0003,Government,Logistics,West,2019-04-05,2024-10-30,38,44728031.8,2098,63,5.7440109514031485,6.61558627264061,Recently Inactive,80,High Retention,1177053.4684210524
C0332,Corporate,Mining,South,2019-01-19,2024-11-11,35,44566684.4,2174,51,5.952087611225188,5.880289788408463,Recently Inactive,80,High Retention,1273333.8399999999
C0229,Government,Mining,East,2019-05-15,2024-11-29,28,44419985.8,2058,33,5.634496919917864,4.969387755102042,Recently Inactive,80,High Retention,1586428.0642857142
C0115,Fleet Owner,Mining,South,2019-05-07,2024-11-28,29,44357793.6,2066,34,5.6563997262149215,5.126936108422071,Recently Inactive,80,High Retention,1529579.0896551725
C0218,Fleet Owner,Construction,West,2019-02-02,2024-10-16,36,44324901.0,2160,77,5.9137577002053385,6.0875,Recently Inactive,80,High Retention,1231247.25
C0366,Corporate,Logistics,East,2019-03-09,2024-10-26,26,43711261.800000004,2125,67,5.817932922655715,4.468941176470588,Recently Inactive,80,High Retention,1681202.376923077
C0382,Retail,Manufacturing,South,2019-04-17,2024-11-19,33,42929317.0,2086,43,5.711156741957564,5.778163950143815,Recently Inactive,80,High Retention,1300888.393939394
C0020,Dealer,Logistics,East,2019-01-26,2024-10-17,37,42586254.6,2167,76,5.932922655715264,6.236386709736963,Recently Inactive,80,High Retention,1150979.854054054
C0034,Government,Construction,West,2019-01-05,2024-10-06,32,42477752.2,2188,87,5.990417522245037,5.341864716636198,Recently Inactive,80,High Retention,1327429.75625
C0473,Government,Rental,South,2019-03-04,2024-11-15,26,42018356.8,2130,47,5.831622176591376,4.458450704225352,Recently Inactive,80,High Retention,1616090.646153846
C0454,Government,Mining,West,2019-02-08,2024-11-14,33,41820500.6,2154,48,5.897330595482546,5.59575208913649,Recently Inactive,80,High Retention,1267287.896969697
C0150,Fleet Owner,Manufacturing,West,2019-07-12,2024-11-09,30,41608958.8,2000,53,5.475701574264202,5.478750000000001,Recently Inactive,80,High Retention,1386965.2933333332
C0350,Dealer,Logistics,North East,2019-05-03,2024-11-25,32,41227777.0,2070,37,5.66735112936345,5.646376811594203,Recently Inactive,80,High Retention,1288368.03125
C0352,Corporate,Mining,South,2019-02-23,2024-11-11,30,40262666.2,2139,51,5.856262833675565,5.122720897615708,Recently Inactive,80,High Retention,1342088.8733333335
C0151,Government,Infrastructure,East,2019-03-03,2024-11-28,27,39556960.6,2131,34,5.834360027378508,4.627756921633036,Recently Inactive,80,High Retention,1465072.6148148149
C0028,Retail,Infrastructure,South,2019-01-22,2024-11-13,29,38208624.0,2171,49,5.943874058863792,4.878972823583601,Recently Inactive,80,High Retention,1317538.7586206896
C0271,Corporate,Infrastructure,South,2019-06-05,2024-11-26,24,37757473.800000004,2037,36,5.577002053388091,4.303387334315169,Recently Inactive,80,High Retention,1573228.0750000002
C0479,Retail,Construction,West,2019-02-22,2024-10-08,26,37716131.0,2140,85,5.859000684462697,4.437616822429907,Recently Inactive,80,High Retention,1450620.423076923
C0139,Government,Mining,West,2019-03-13,2024-10-31,29,37337910.0,2121,62,5.806981519507187,4.993988684582744,Recently Inactive,80,High Retention,1287514.1379310344
C0007,Corporate,Manufacturing,West,2019-05-08,2024-11-03,31,36509378.2,2065,59,5.653661875427789,5.48317191283293,Recently Inactive,80,High Retention,1177721.8774193549
C0279,Dealer,Rental,West,2019-05-12,2024-11-12,26,35292218.0,2061,50,5.642710472279261,4.607714701601164,Recently Inactive,80,High Retention,1357393.0
C0303,Corporate,Mining,West,2019-04-05,2024-12-01,27,32465859.599999998,2098,31,5.7440109514031485,4.700548141086749,Recently Inactive,80,High Retention,1202439.2444444443
C0353,Dealer,Manufacturing,North,2019-01-16,2024-10-08,27,31979908.6,2177,85,5.960301163586585,4.529972439136427,Recently Inactive,80,High Retention,1184441.0592592594
C0456,Corporate,Mining,North,2019-02-23,2024-10-16,27,31514609.0,2139,77,5.856262833675565,4.610448807854137,Recently Inactive,80,High Retention,1167207.7407407407
C0254,Dealer,Mining,West,2019-07-01,2024-09-25,48,89556446.6,2011,98,5.505817932922656,8.718050721034311,At Risk,60,Moderate Retention,1865759.3041666665
C0221,Dealer,Logistics,North,2019-01-17,2024-09-05,44,82001959.0,2176,118,5.9575633127994525,7.385569852941177,At Risk,60,Moderate Retention,1863680.8863636365
C0103,Dealer,Infrastructure,South,2019-02-21,2024-08-29,40,75304293.2,2141,125,5.861738535249829,6.823914058851003,At Risk,60,Moderate Retention,1882607.33
C0154,Fleet Owner,Logistics,North,2019-01-29,2024-08-21,45,74171590.6,2164,133,5.924709103353867,7.595309611829945,At Risk,60,Moderate Retention,1648257.5688888887
C0476,Fleet Owner,Infrastructure,North,2019-01-13,2024-09-29,34,73746173.2,2180,94,5.968514715947981,5.6965596330275226,At Risk,60,Moderate Retention,2169005.094117647
C0337,Corporate,Manufacturing,North,2019-04-15,2024-08-25,34,73457151.8,2088,129,5.716632443531828,5.947557471264368,At Risk,60,Moderate Retention,2160504.464705882
C0084,Corporate,Logistics,West,2019-04-29,2024-09-22,39,73317161.4,2074,101,5.678302532511978,6.868249758919961,At Risk,60,Moderate Retention,1879927.2153846156
C0384,Retail,Construction,South,2019-02-05,2024-09-09,39,72157498.2,2157,114,5.905544147843942,6.6039638386648125,At Risk,60,Moderate Retention,1850192.2615384615
C0002,Fleet Owner,Manufacturing,South,2019-01-24,2024-09-07,51,71712838.0,2169,116,5.938398357289528,8.58817427385892,At Risk,60,Moderate Retention,1406134.0784313725
C0489,Fleet Owner,Rental,South,2019-04-14,2024-08-17,47,70625273.0,2089,137,5.71937029431896,8.217687888942077,At Risk,60,Moderate Retention,1502665.3829787234
C0025,Corporate,Infrastructure,West,2019-01-29,2024-08-18,38,70349653.0,2164,136,5.924709103353867,6.413817005545287,At Risk,60,Moderate Retention,1851306.6578947369
C0373,Corporate,Manufacturing,South,2019-04-03,2024-09-02,38,69753317.8,2100,121,5.749486652977413,6.609285714285714,At Risk,60,Moderate Retention,1835613.6263157893
C0311,Government,Infrastructure,North,2019-02-03,2024-09-17,41,69331648.2,2159,106,5.9110198494182065,6.936197313571098,At Risk,60,Moderate Retention,1691015.8097560976
C0192,Fleet Owner,Logistics,East,2019-01-19,2024-08-29,40,69269688.4,2174,125,5.952087611225188,6.72033118675253,At Risk,60,Moderate Retention,1731742.2100000002
C0225,Fleet Owner,Logistics,North,2019-03-17,2024-07-17,48,69254158.0,2117,168,5.796030116358659,8.28153046764289,At Risk,60,Moderate Retention,1442794.9583333333
C0385,Corporate,Manufacturing,West,2019-07-27,2024-09-23,37,67435700.6,1985,100,5.434633812457221,6.808186397984886,At Risk,60,Moderate Retention,1822586.5027027025
C0464,Corporate,Infrastructure,North,2019-01-18,2024-09-13,38,67405736.8,2175,110,5.95482546201232,6.381379310344827,At Risk,60,Moderate Retention,1773835.1789473684
C0156,Government,Manufacturing,South,2019-01-14,2024-09-17,33,67117436.4,2179,106,5.965776865160849,5.531551170261588,At Risk,60,Moderate Retention,2033861.7090909092
C0176,Dealer,Logistics,South,2019-01-14,2024-08-07,42,66901722.800000004,2179,147,5.965776865160849,7.040156034878384,At Risk,60,Moderate Retention,1592898.161904762
C0293,Dealer,Logistics,West,2019-01-19,2024-09-25,36,66815451.4,2174,98,5.952087611225188,6.048298068077277,At Risk,60,Moderate Retention,1855984.7611111111
C0428,Retail,Construction,North,2019-01-25,2024-08-26,43,66337820.6,2168,128,5.935660506502396,7.244349630996309,At Risk,60,Moderate Retention,1542740.0139534883
C0213,Fleet Owner,Rental,West,2019-02-26,2024-08-31,30,66248437.6,2136,123,5.848049281314168,5.129915730337079,At Risk,60,Moderate Retention,2208281.2533333334
C0006,Government,Construction,West,2019-06-05,2024-09-02,40,65482805.4,2037,121,5.577002053388091,7.172312223858615,At Risk,60,Moderate Retention,1637070.135
C0498,Fleet Owner,Construction,East,2019-03-01,2024-08-19,28,64864362.8,2133,135,5.839835728952772,4.79465541490858,At Risk,60,Moderate Retention,2316584.3857142855
C0116,Dealer,Construction,North,2019-01-08,2024-07-28,35,64081942.6,2185,157,5.982203969883641,5.850686498855835,At Risk,60,Moderate Retention,1830912.6457142858
C0198,Government,Mining,West,2019-03-27,2024-08-01,36,63577917.2,2107,153,5.768651608487337,6.2406264831514004,At Risk,60,Moderate Retention,1766053.2555555557
C0249,Corporate,Construction,West,2019-01-16,2024-09-03,35,63391180.8,2177,120,5.960301163586585,5.872186495176849,At Risk,60,Moderate Retention,1811176.5942857142
C0135,Retail,Rental,South,2019-03-09,2024-08-27,35,62791824.6,2125,127,5.817932922655715,6.015882352941176,At Risk,60,Moderate Retention,1794052.1314285714
C0438,Corporate,Rental,East,2019-06-17,2024-09-01,39,61720027.0,2025,122,5.544147843942505,7.0344444444444445,At Risk,60,Moderate Retention,1582564.7948717948
C0419,Fleet Owner,Logistics,West,2019-03-05,2024-09-30,31,61514207.2,2129,93,5.8288843258042435,5.318341944574918,At Risk,60,Moderate Retention,1984329.2645161292
C0228,Government,Construction,South,2019-03-27,2024-09-10,34,61132479.4,2107,113,5.768651608487337,5.893925011865211,At Risk,60,Moderate Retention,1798014.0999999999
C0024,Dealer,Rental,South,2019-01-22,2024-09-17,44,60658309.2,2171,106,5.943874058863792,7.402579456471671,At Risk,60,Moderate Retention,1378597.9363636365
C0251,Dealer,Mining,North,2019-01-09,2024-07-06,36,60544705.8,2184,179,5.979466119096509,6.020604395604396,At Risk,60,Moderate Retention,1681797.3833333333
C0235,Fleet Owner,Mining,East,2019-05-08,2024-09-10,38,60478356.4,2065,113,5.653661875427789,6.721307506053268,At Risk,60,Moderate Retention,1591535.694736842
C0085,Retail,Mining,South,2019-01-01,2024-09-20,37,60463527.2,2192,103,6.0013689253935665,6.16526003649635,At Risk,60,Moderate Retention,1634149.3837837838
C0365,Government,Manufacturing,East,2019-01-04,2024-09-15,39,60336743.2,2189,108,5.993155373032169,6.507423481041572,At Risk,60,Moderate Retention,1547095.9794871795
C0021,Corporate,Mining,South,2019-01-16,2024-10-01,45,59956738.4,2177,92,5.960301163586585,7.549954065227377,At Risk,60,Moderate Retention,1332371.9644444445
C0358,Government,Infrastructure,West,2019-04-17,2024-10-01,36,59405501.6,2086,92,5.711156741957564,6.303451581975072,At Risk,60,Moderate Retention,1650152.8222222223
C0485,Fleet Owner,Rental,West,2019-01-14,2024-10-01,28,59146123.8,2179,92,5.965776865160849,4.69343735658559,At Risk,60,Moderate Retention,2112361.564285714
C0158,Corporate,Infrastructure,East,2019-03-03,2024-09-26,36,58875735.2,2131,97,5.834360027378508,6.170342562177382,At Risk,60,Moderate Retention,1635437.088888889
C0256,Corporate,Infrastructure,North East,2019-01-03,2024-09-19,30,58794725.4,2190,104,5.9958932238193015,5.0034246575342465,At Risk,60,Moderate Retention,1959824.18
C0314,Retail,Logistics,East,2019-01-22,2024-09-26,36,58625243.800000004,2171,97,5.943874058863792,6.056655918931368,At Risk,60,Moderate Retention,1628478.9944444445
C0030,Corporate,Construction,South,2019-01-30,2024-09-02,32,58263942.8,2163,121,5.921971252566735,5.403606102635229,At Risk,60,Moderate Retention,1820748.2125
C0424,Retail,Construction,West,2019-03-22,2024-09-23,35,58183379.4,2112,100,5.782340862422998,6.052911931818182,At Risk,60,Moderate Retention,1662382.2685714285
C0047,Corporate,Rental,West,2019-04-06,2024-08-25,30,57880918.0,2097,129,5.7412731006160165,5.225321888412017,At Risk,60,Moderate Retention,1929363.9333333333
C0088,Corporate,Infrastructure,West,2019-01-26,2024-08-06,36,57330201.8,2167,148,5.932922655715264,6.06783571758191,At Risk,60,Moderate Retention,1592505.6055555556
C0260,Dealer,Logistics,South,2019-08-24,2024-09-05,32,55524668.6,1957,118,5.3579739904175225,5.972406745017884,At Risk,60,Moderate Retention,1735145.89375
C0463,Dealer,Mining,West,2019-01-10,2024-08-22,35,55370560.0,2183,132,5.976728268309377,5.856046724690793,At Risk,60,Moderate Retention,1582016.0
C0450,Fleet Owner,Construction,East,2019-01-15,2024-09-12,38,55345960.4,2178,111,5.963039014373717,6.372589531680441,At Risk,60,Moderate Retention,1456472.6421052632
C0330,Retail,Infrastructure,East,2019-02-12,2024-08-10,38,54285450.6,2150,144,5.886379192334018,6.455581395348837,At Risk,60,Moderate Retention,1428564.4894736842
C0372,Government,Logistics,South,2019-02-15,2024-07-10,36,52822436.0,2147,175,5.878165639972622,6.124359571495109,At Risk,60,Moderate Retention,1467289.888888889
C0361,Government,Logistics,South,2019-01-15,2024-09-26,32,52532617.8,2178,97,5.963039014373717,5.366391184573002,At Risk,60,Moderate Retention,1641644.30625
C0324,Corporate,Mining,South,2019-01-24,2024-08-24,35,52335374.8,2169,130,5.938398357289528,5.893845089903181,At Risk,60,Moderate Retention,1495296.4228571428
C0417,Fleet Owner,Mining,East,2019-12-18,2024-09-11,32,51984530.4,1841,112,5.040383299110198,6.348723519826182,At Risk,60,Moderate Retention,1624516.575
C0266,Fleet Owner,Rental,South,2019-01-22,2024-09-24,35,50717014.0,2171,99,5.943874058863792,5.88841547673883,At Risk,60,Moderate Retention,1449057.5428571429
C0031,Government,Mining,East,2019-04-11,2024-08-13,34,50500841.8,2092,141,5.727583846680356,5.936185468451242,At Risk,60,Moderate Retention,1485318.8764705881
C0202,Government,Logistics,North,2019-09-19,2024-09-21,28,50389917.2,1931,102,5.286789869952088,5.29621957534956,At Risk,60,Moderate Retention,1799639.9000000001
C0451,Government,Manufacturing,East,2019-01-07,2024-07-06,37,49725150.4,2186,179,5.984941820670773,6.182182067703568,At Risk,60,Moderate Retention,1343922.9837837839
C0048,Dealer,Mining,South,2019-04-05,2024-09-12,31,49413459.2,2098,111,5.7440109514031485,5.396925643469971,At Risk,60,Moderate Retention,1593982.5548387098
C0470,Government,Mining,South,2019-01-25,2024-09-27,36,49194933.2,2168,96,5.935660506502396,6.0650369003690034,At Risk,60,Moderate Retention,1366525.9222222222
C0132,Corporate,Construction,Central,2019-02-22,2024-10-01,37,49004629.4,2140,92,5.859000684462697,6.315070093457943,At Risk,60,Moderate Retention,1324449.4432432433
C0114,Retail,Mining,East,2019-02-09,2024-09-27,33,48515792.8,2153,96,5.894592744695414,5.59835113794705,At Risk,60,Moderate Retention,1470175.5393939393
C0100,Government,Construction,North,2019-01-25,2024-09-10,38,48373950.0,2168,113,5.935660506502396,6.401983394833948,At Risk,60,Moderate Retention,1272998.6842105263
C0008,Corporate,Logistics,West,2019-03-04,2024-07-16,34,48368868.0,2130,169,5.831622176591376,5.830281690140845,At Risk,60,Moderate Retention,1422613.7647058824
C0313,Corporate,Mining,West,2019-05-28,2024-09-02,30,48205237.4,2045,121,5.598904859685147,5.358190709046455,At Risk,60,Moderate Retention,1606841.2466666666
C0299,Retail,Logistics,South,2019-01-24,2024-08-30,34,48095055.8,2169,124,5.938398357289528,5.7254495159059475,At Risk,60,Moderate Retention,1414560.4647058824
C0265,Retail,Mining,West,2019-02-19,2024-09-27,29,47931619.6,2143,96,5.867214236824093,4.942720485300979,At Risk,60,Moderate Retention,1652814.4689655174
C0185,Dealer,Logistics,West,2019-03-25,2024-09-16,33,47500335.2,2109,107,5.774127310061601,5.715149359886202,At Risk,60,Moderate Retention,1439404.0969696972
C0226,Dealer,Logistics,West,2019-01-22,2024-09-28,26,47025541.0,2171,95,5.943874058863792,4.374251497005988,At Risk,60,Moderate Retention,1808674.6538461538
C0092,Fleet Owner,Logistics,West,2019-01-17,2024-07-30,36,46760586.8,2176,155,5.9575633127994525,6.0427389705882355,At Risk,60,Moderate Retention,1298905.1888888888
C0163,Dealer,Logistics,West,2019-06-02,2024-08-05,38,46377823.0,2040,149,5.585215605749487,6.803676470588235,At Risk,60,Moderate Retention,1220469.0263157894
C0094,Corporate,Logistics,West,2019-01-18,2024-09-20,31,46343009.2,2175,103,5.95482546201232,5.2058620689655175,At Risk,60,Moderate Retention,1494935.7806451614
C0431,Government,Logistics,West,2019-06-09,2024-07-05,28,45787279.2,2033,180,5.566050650239562,5.030496802754549,At Risk,60,Moderate Retention,1635259.9714285715
C0316,Dealer,Manufacturing,East,2019-03-08,2024-09-22,33,45390754.0,2126,101,5.820670773442847,5.669449670743179,At Risk,60,Moderate Retention,1375477.393939394
C0212,Retail,Infrastructure,North East,2019-02-01,2024-08-23,31,45262151.0,2161,131,5.916495550992471,5.239588153632578,At Risk,60,Moderate Retention,1460069.3870967743
C0053,Fleet Owner,Construction,North,2019-05-16,2024-09-18,27,45016037.4,2057,105,5.631759069130732,4.794239183276617,At Risk,60,Moderate Retention,1667260.6444444444
C0351,Corporate,Rental,East,2019-03-29,2024-09-12,34,44776790.6,2105,111,5.763175906913073,5.899524940617577,At Risk,60,Moderate Retention,1316964.4294117647
C0143,Corporate,Infrastructure,South,2019-01-11,2024-08-02,27,44644618.2,2182,152,5.973990417522245,4.5195921173235565,At Risk,60,Moderate Retention,1653504.3777777778
C0283,Retail,Logistics,North,2019-04-14,2024-09-04,31,44490975.8,2089,119,5.71937029431896,5.420177118238391,At Risk,60,Moderate Retention,1435192.7677419353
C0277,Dealer,Logistics,West,2019-05-28,2024-09-14,36,43668914.6,2045,109,5.598904859685147,6.4298288508557455,At Risk,60,Moderate Retention,1213025.4055555556
C0402,Fleet Owner,Rental,South,2019-01-25,2024-07-12,35,43498305.199999996,2168,173,5.935660506502396,5.896563653136531,At Risk,60,Moderate Retention,1242808.72
C0179,Government,Infrastructure,South,2019-05-20,2024-07-21,32,43222736.0,2053,164,5.620807665982204,5.693132001948369,At Risk,60,Moderate Retention,1350710.5
C0182,Dealer,Infrastructure,East,2019-03-03,2024-08-03,29,40856091.0,2131,151,5.834360027378508,4.970553730642891,At Risk,60,Moderate Retention,1408830.7241379311
C0339,Fleet Owner,Logistics,South,2019-05-01,2024-08-16,24,40193008.4,2072,138,5.672826830937714,4.230694980694981,At Risk,60,Moderate Retention,1674708.6833333333
C0144,Fleet Owner,Construction,West,2019-04-02,2024-08-23,25,39589546.2,2101,131,5.752224503764545,4.346144693003332,At Risk,60,Moderate Retention,1583581.8480000002
C0336,Government,Rental,East,2019-04-29,2024-09-26,33,39095696.4,2074,97,5.678302532511978,5.811595949855352,At Risk,60,Moderate Retention,1184718.0727272728
C0091,Retail,Construction,South,2019-01-09,2024-09-07,30,39090471.8,2184,116,5.979466119096509,5.01717032967033,At Risk,60,Moderate Retention,1303015.7266666666
C0117,Government,Mining,North East,2019-01-01,2024-08-12,31,38951277.4,2192,142,6.0013689253935665,5.165488138686131,At Risk,60,Moderate Retention,1256492.8193548387
C0334,Corporate,Mining,South,2019-01-03,2024-08-24,33,37526956.6,2190,130,5.9958932238193015,5.5037671232876715,At Risk,60,Moderate Retention,1137180.5030303032
C0061,Dealer,Construction,West,2019-01-29,2024-09-08,29,33890240.0,2164,115,5.924709103353867,4.894755083179298,At Risk,60,Moderate Retention,1168628.9655172413
C0110,Dealer,Logistics,Central,2019-01-25,2024-06-21,42,90807306.0,2168,194,5.935660506502396,7.075876383763838,Churn Risk,30,Low Retention,2162078.714285714
C0297,Fleet Owner,Rental,South,2019-02-13,2024-07-01,34,73065015.6,2149,184,5.883641341546886,5.77873429502094,Churn Risk,30,Low Retention,2148971.0470588235
C0421,Retail,Construction,South,2019-04-06,2024-06-21,38,69466242.8,2097,194,5.7412731006160165,6.618741058655222,Churn Risk,30,Low Retention,1828059.0210526315
C0041,Government,Rental,South,2019-01-11,2024-06-11,38,68044561.6,2182,204,5.973990417522245,6.360907424381302,Churn Risk,30,Low Retention,1790646.3578947366
C0491,Dealer,Infrastructure,South,2019-03-27,2024-07-04,27,65215944.4,2107,181,5.768651608487337,4.68046986236355,Churn Risk,30,Low Retention,2415405.348148148
C0126,Dealer,Manufacturing,South,2019-03-05,2024-04-05,33,64059034.8,2129,271,5.8288843258042435,5.661460779708784,Churn Risk,30,Low Retention,1941182.8727272726
C0131,Corporate,Rental,South,2019-02-21,2024-06-14,32,59008448.8,2141,201,5.861738535249829,5.459131247080803,Churn Risk,30,Low Retention,1844014.025
C0029,Dealer,Construction,South,2019-01-16,2024-06-30,38,58176890.6,2177,185,5.960301163586585,6.375516766192007,Churn Risk,30,Low Retention,1530970.805263158
C0433,Dealer,Infrastructure,North,2019-09-11,2024-05-27,31,57020323.4,1939,219,5.308692676249144,5.839479112944817,Churn Risk,30,Low Retention,1839365.270967742
C0274,Dealer,Mining,North,2019-01-08,2024-06-27,39,54639688.2,2185,188,5.982203969883641,6.5193363844393595,Churn Risk,30,Low Retention,1401017.6461538463
C0321,Retail,Logistics,South,2019-01-04,2024-06-28,38,54558976.4,2189,187,5.993155373032169,6.3405664687071726,Churn Risk,30,Low Retention,1435762.5368421052
C0133,Government,Mining,South,2019-03-27,2024-04-07,29,51247358.0,2107,269,5.768651608487337,5.027171333649739,Churn Risk,30,Low Retention,1767150.2758620689
C0444,Dealer,Manufacturing,South,2019-02-25,2024-01-08,30,50928809.0,2137,359,5.8507871321013,5.127515208235845,Churn Risk,30,Low Retention,1697626.9666666666
C0405,Corporate,Infrastructure,West,2019-01-30,2024-06-25,32,50787823.0,2163,190,5.921971252566735,5.403606102635229,Churn Risk,30,Low Retention,1587119.46875
C0127,Government,Construction,East,2019-03-01,2024-06-25,28,48960650.8,2133,190,5.839835728952772,4.79465541490858,Churn Risk,30,Low Retention,1748594.6714285712
C0344,Fleet Owner,Mining,West,2019-01-04,2024-06-17,28,48151864.0,2189,198,5.993155373032169,4.67199634536318,Churn Risk,30,Low Retention,1719709.4285714286
C0043,Corporate,Construction,South,2019-04-04,2024-06-14,36,47644638.800000004,2099,201,5.746748802190281,6.2644116245831345,Churn Risk,30,Low Retention,1323462.188888889
C0267,Fleet Owner,Infrastructure,South,2019-03-07,2024-03-25,29,46440405.199999996,2127,282,5.823408624229979,4.979901269393512,Churn Risk,30,Low Retention,1601393.2827586206
C0281,Government,Logistics,South,2019-07-26,2024-06-25,26,46282268.6,1986,190,5.437371663244353,4.781722054380665,Churn Risk,30,Low Retention,1780087.2538461538
C0412,Corporate,Infrastructure,East,2019-04-20,2024-05-28,32,43246987.6,2083,218,5.702943189596167,5.611137782045128,Churn Risk,30,Low Retention,1351468.3625
C0137,Dealer,Infrastructure,South,2019-06-13,2024-06-10,21,42806442.6,2029,205,5.555099247091033,3.780310497782159,Churn Risk,30,Low Retention,2038402.0285714287
C0078,Dealer,Rental,South,2019-01-31,2024-06-22,31,42565724.6,2162,193,5.919233401779603,5.237164662349676,Churn Risk,30,Low Retention,1373087.8903225807
C0487,Dealer,Mining,South,2019-03-08,2024-03-18,26,39512216.0,2126,289,5.820670773442847,4.466839134524929,Churn Risk,30,Low Retention,1519700.6153846155
C0238,Corporate,Construction,South,2019-01-22,2024-03-25,30,36717219.2,2171,282,5.943874058863792,5.04721326577614,Churn Risk,30,Low Retention,1223907.3066666669
C0292,Corporate,Rental,Central,2019-01-11,2024-04-28,27,30979627.8,2182,248,5.973990417522245,4.5195921173235565,Churn Risk,30,Low Retention,1147393.6222222222
