customer_segment,customers,average_recency_days,average_frequency,average_monetary_value,total_revenue,average_rfm_score,average_priority_score,revenue_share_pct
Regular Customers,141,28.177304964539008,31.97872340425532,48954046.67234043,6902520580.8,7.843971631205674,55.02127659574468,23.595139789913443
Champions,68,18.426470588235293,43.05882352941177,73975954.7117647,5030364920.4,13.705882352941176,91.1470588235294,17.195481288569866
At Risk Customers,71,104.63380281690141,36.267605633802816,56487982.67605634,4010646770.0,7.52112676056338,48.225352112676056,13.709741257322994
At Risk High Value,47,101.42553191489361,43.1063829787234,73282278.88936171,3444267107.8,10.851063829787234,68.17021276595744,11.773664841854474
Loyal Customers,52,39.07692307692308,41.38461538461539,64870949.25769231,3373289361.4,11.557692307692308,76.15384615384616,11.531039002687917
Hibernating Customers,58,133.75862068965517,29.79310344827586,45180587.010344826,2620474046.6,4.224137931034483,28.137931034482758,8.957662743861174
Hibernating High Value,24,114.20833333333333,31.0,61412886.75,1473909282.0,6.708333333333333,43.333333333333336,5.038318269296678
Promising Customers,24,31.041666666666668,35.625,59010302.925000004,1416247270.2,10.083333333333334,68.08333333333333,4.8412100951069315
Potential Loyalists,15,17.8,34.4,65484921.54666667,982273823.2,11.266666666666667,76.66666666666667,3.3577427113865306
