customer_id,total_purchase_value,total_orders,total_items_purchased,last_purchase_date,recency_days,frequency,monetary,R_score,F_score,M_score,RFM_score,customer_segment
C0001,67052288.0,40,2656,2024-12-25,6,40,67052288.0,5,3,3,533,Loyal Customers
C0002,77917319.2,56,3636,2024-11-28,33,56,77917319.2,3,5,5,355,Loyal Customers
C0003,50921823.2,40,2365,2024-10-30,62,40,50921823.2,2,3,1,231,Potential / Regular
C0004,62484367.6,47,2995,2024-12-31,0,47,62484367.6,5,5,3,553,Loyal Customers
C0005,85668379.8,51,3747,2024-10-04,88,51,85668379.8,2,5,5,255,At-Risk High-Value
C0006,77685503.4,46,3221,2024-09-02,120,46,77685503.4,1,5,5,155,At-Risk High-Value
C0007,48267553.2,36,2263,2024-11-03,58,36,48267553.2,2,2,1,221,Low-Value / Inactive
C0008,49133801.0,36,2319,2024-07-16,168,36,49133801.0,1,2,1,121,Low-Value / Inactive
C0009,68836324.8,34,2677,2024-11-04,57,34,68836324.8,2,1,4,214,Potential / Regular
C0010,69405822.8,50,3255,2024-11-27,34,50,69405822.8,3,5,4,354,Loyal Customers
C0011,57187490.8,41,2717,2024-11-22,39,41,57187490.8,3,3,2,332,Potential / Regular
C0012,54659532.0,38,2001,2024-10-10,82,38,54659532.0,2,2,2,222,Low-Value / Inactive
C0013,81970974.6,49,3585,2024-10-27,65,49,81970974.6,2,5,5,255,At-Risk High-Value
C0014,55301444.6,31,2054,2024-12-21,10,31,55301444.6,5,1,2,512,New / Potential Customers
C0015,64944750.0,38,2619,2024-11-16,45,38,64944750.0,3,2,3,323,Potential / Regular
C0016,77633128.0,41,3051,2024-12-18,13,41,77633128.0,5,3,5,535,Loyal Customers
C0017,59455266.0,40,2469,2024-12-21,10,40,59455266.0,5,3,2,532,Potential / Regular
C0018,59030468.4,36,2257,2024-12-24,7,36,59030468.4,5,2,2,522,New / Potential Customers
C0019,54871093.4,43,2359,2024-12-10,21,43,54871093.4,4,4,2,442,Potential / Regular
C0020,48976856.0,41,2338,2024-10-17,75,41,48976856.0,2,3,1,231,Potential / Regular
C0021,65405456.4,47,2628,2024-11-01,60,47,65405456.4,2,5,3,253,Potential / Regular
C0022,56771100.0,39,2583,2024-11-06,55,39,56771100.0,2,3,2,232,Potential / Regular
C0023,68015185.6,37,2461,2024-12-27,4,37,68015185.6,5,2,4,524,New / Potential Customers
C0024,62453301.2,48,2666,2024-09-17,105,48,62453301.2,1,5,3,153,Potential / Regular
C0025,74907916.8,44,3107,2024-09-21,101,44,74907916.8,1,4,4,144,At-Risk High-Value
C0026,76679411.4,41,3118,2024-12-29,2,41,76679411.4,5,3,5,535,Loyal Customers
C0027,60238104.6,44,2664,2024-12-26,5,44,60238104.6,5,4,3,543,Loyal Customers
C0028,42570807.4,34,2094,2024-11-13,48,34,42570807.4,3,1,1,311,Potential / Regular
C0029,58176890.6,38,2565,2024-06-30,184,38,58176890.6,1,2,2,122,Low-Value / Inactive
C0030,64370910.6,38,2832,2024-09-02,120,38,64370910.6,1,2,3,123,Potential / Regular
C0031,66478869.4,40,2659,2024-08-13,140,40,66478869.4,1,3,3,133,Potential / Regular
C0032,74116167.4,45,3056,2024-10-25,67,45,74116167.4,2,4,4,244,At-Risk High-Value
C0033,57806787.2,34,2412,2024-12-12,19,34,57806787.2,4,1,2,412,New / Potential Customers
C0034,42944978.2,33,1992,2024-10-06,86,33,42944978.2,2,1,1,211,Low-Value / Inactive
C0035,69432703.6,46,3072,2024-11-12,49,46,69432703.6,3,5,4,354,Loyal Customers
C0036,60321548.8,39,2544,2024-12-23,8,39,60321548.8,5,3,3,533,Loyal Customers
C0037,49170554.6,38,2071,2024-10-25,67,38,49170554.6,2,2,1,221,Low-Value / Inactive
C0038,66333798.6,41,2784,2024-11-29,32,41,66333798.6,4,3,3,433,Loyal Customers
C0039,68445013.6,40,3061,2024-11-28,33,40,68445013.6,3,3,4,334,Loyal Customers
C0040,55264046.6,45,2696,2024-12-21,10,45,55264046.6,5,4,2,542,Potential / Regular
C0041,77732741.0,42,3138,2024-06-11,203,42,77732741.0,1,4,5,145,At-Risk High-Value
C0042,78392790.0,44,3165,2024-10-13,79,44,78392790.0,2,4,5,245,At-Risk High-Value
C0043,50240542.8,37,2535,2024-06-14,200,37,50240542.8,1,2,1,121,Low-Value / Inactive
C0044,55873422.6,38,2372,2024-11-17,44,38,55873422.6,3,2,2,322,Potential / Regular
C0045,77675754.6,43,2991,2024-12-15,16,43,77675754.6,4,4,5,445,Champions
C0046,97081196.6,51,3471,2024-12-09,22,51,97081196.6,4,5,5,455,Champions
C0047,64303432.2,36,2568,2024-08-25,128,36,64303432.2,1,2,3,123,Potential / Regular
C0048,51356098.4,34,2181,2024-10-06,86,34,51356098.4,2,1,1,211,Low-Value / Inactive
C0049,84164002.6,42,3157,2024-12-25,6,42,84164002.6,5,4,5,545,Champions
C0050,63912172.0,30,2194,2024-12-14,17,30,63912172.0,4,1,3,413,New / Potential Customers
C0051,59958994.4,37,2634,2024-11-15,46,37,59958994.4,3,2,2,322,Potential / Regular
C0052,57455055.6,37,2379,2024-12-11,20,37,57455055.6,4,2,2,422,New / Potential Customers
C0053,48380645.8,31,2062,2024-09-18,104,31,48380645.8,1,1,1,111,Low-Value / Inactive
C0054,71503829.4,42,2612,2024-12-14,17,42,71503829.4,4,4,4,444,Champions
C0055,68815879.6,37,2941,2024-12-11,20,37,68815879.6,4,2,4,424,New / Potential Customers
C0056,65974292.4,38,2686,2024-11-10,51,38,65974292.4,3,2,3,323,Potential / Regular
C0057,52687167.2,35,2363,2024-12-04,27,35,52687167.2,4,1,1,411,New / Potential Customers
C0058,56841153.8,41,2554,2024-12-24,7,41,56841153.8,5,3,2,532,Potential / Regular
C0059,61020302.6,39,2659,2024-12-20,11,39,61020302.6,5,3,3,533,Loyal Customers
C0060,82033521.6,50,3565,2024-11-24,37,50,82033521.6,3,5,5,355,Loyal Customers
C0061,39850503.8,32,1620,2024-09-08,114,32,39850503.8,1,1,1,111,Low-Value / Inactive
C0062,81412848.2,38,3113,2024-10-31,61,38,81412848.2,2,2,5,225,Potential / Regular
C0063,77222513.2,43,2940,2024-12-19,12,43,77222513.2,5,4,5,545,Champions
C0064,66364513.6,39,2521,2024-12-14,17,39,66364513.6,4,3,3,433,Loyal Customers
C0065,75287487.6,41,2912,2024-12-12,19,41,75287487.6,4,3,4,434,Loyal Customers
C0066,60235825.4,38,2739,2024-10-11,81,38,60235825.4,2,2,3,223,Potential / Regular
C0067,56503395.6,33,2337,2024-12-30,1,33,56503395.6,5,1,2,512,New / Potential Customers
C0068,59659250.6,42,2597,2024-12-06,25,42,59659250.6,4,4,2,442,Potential / Regular
C0069,82661260.2,52,3746,2024-12-11,20,52,82661260.2,4,5,5,455,Champions
C0070,87747724.2,48,3393,2024-12-20,11,48,87747724.2,5,5,5,555,Champions
C0071,76936168.8,47,3399,2024-11-26,35,47,76936168.8,3,5,5,355,Loyal Customers
C0072,59941485.6,30,2183,2024-12-23,8,30,59941485.6,5,1,2,512,New / Potential Customers
C0073,62403573.6,36,2361,2024-11-12,49,36,62403573.6,3,2,3,323,Potential / Regular
C0074,59288601.6,45,2880,2024-12-31,0,45,59288601.6,5,4,2,542,Potential / Regular
C0075,55423341.4,35,2375,2024-10-20,72,35,55423341.4,2,1,2,212,Low-Value / Inactive
C0076,87221895.8,49,3370,2024-12-27,4,49,87221895.8,5,5,5,555,Champions
C0077,63409372.8,38,2610,2024-12-16,15,38,63409372.8,4,2,3,423,New / Potential Customers
C0078,44016970.2,33,2156,2024-10-08,84,33,44016970.2,2,1,1,211,Low-Value / Inactive
C0079,47715030.2,33,1990,2024-11-28,33,33,47715030.2,3,1,1,311,Potential / Regular
C0080,64442221.6,46,2978,2024-11-03,58,46,64442221.6,2,5,3,253,Potential / Regular
C0081,62552790.6,40,2922,2024-12-23,8,40,62552790.6,5,3,3,533,Loyal Customers
C0082,81249145.6,50,3363,2024-12-18,13,50,81249145.6,5,5,5,555,Champions
C0083,94364155.4,50,3739,2024-10-04,88,50,94364155.4,2,5,5,255,At-Risk High-Value
C0084,90726465.4,47,3136,2024-12-05,26,47,90726465.4,4,5,5,455,Champions
C0085,71008889.0,44,2714,2024-09-20,102,44,71008889.0,1,4,4,144,At-Risk High-Value
C0086,61140968.2,30,2141,2024-11-22,39,30,61140968.2,3,1,3,313,Potential / Regular
C0087,52685252.8,41,2659,2024-12-17,14,41,52685252.8,4,3,1,431,Potential / Regular
C0088,63615211.0,39,2536,2024-12-12,19,39,63615211.0,4,3,3,433,Loyal Customers
C0089,51004563.0,40,2383,2024-11-14,47,40,51004563.0,3,3,1,331,Potential / Regular
C0090,56056558.6,45,2830,2024-10-22,70,45,56056558.6,2,4,2,242,Potential / Regular
C0091,42545525.4,32,2175,2024-09-07,115,32,42545525.4,1,1,1,111,Low-Value / Inactive
C0092,49508865.6,41,2301,2024-07-30,154,41,49508865.6,1,3,1,131,Potential / Regular
C0093,63276812.2,41,2768,2024-12-01,30,41,63276812.2,4,3,3,433,Loyal Customers
C0094,50263933.0,33,2188,2024-09-20,102,33,50263933.0,1,1,1,111,Low-Value / Inactive
C0095,58809103.8,31,2419,2024-12-26,5,31,58809103.8,5,1,2,512,New / Potential Customers
C0096,60656339.0,40,2626,2024-12-30,1,40,60656339.0,5,3,3,533,Loyal Customers
C0097,54923549.4,30,2152,2024-12-16,15,30,54923549.4,4,1,2,412,New / Potential Customers
C0098,57357413.2,37,2478,2024-12-18,13,37,57357413.2,5,2,2,522,New / Potential Customers
C0099,66209370.0,52,3268,2024-12-26,5,52,66209370.0,5,5,3,553,Loyal Customers
C0100,50958417.2,42,2513,2024-11-10,51,42,50958417.2,3,4,1,341,Potential / Regular
C0101,67105356.8,43,3023,2024-10-10,82,43,67105356.8,2,4,4,244,At-Risk High-Value
C0102,80030261.4,38,2984,2024-10-24,68,38,80030261.4,2,2,5,225,Potential / Regular
C0103,79536298.4,42,3102,2024-08-29,124,42,79536298.4,1,4,5,145,At-Risk High-Value
C0104,44705340.8,36,2259,2024-12-30,1,36,44705340.8,5,2,1,521,New / Potential Customers
C0105,66903370.4,46,2885,2024-11-26,35,46,66903370.4,3,5,3,353,Loyal Customers
C0106,60639108.8,42,2876,2024-11-12,49,42,60639108.8,3,4,3,343,Loyal Customers
C0107,90133837.8,52,4068,2024-12-11,20,52,90133837.8,4,5,5,455,Champions
C0108,42738496.6,26,1870,2024-12-29,2,26,42738496.6,5,1,1,511,New / Potential Customers
C0109,73760844.8,48,3451,2024-12-09,22,48,73760844.8,4,5,4,454,Champions
C0110,94461957.2,44,3776,2024-06-21,193,44,94461957.2,1,4,5,145,At-Risk High-Value
C0111,59356912.0,39,2663,2024-12-16,15,39,59356912.0,4,3,2,432,Potential / Regular
C0112,59897509.0,40,2724,2024-12-01,30,40,59897509.0,4,3,2,432,Potential / Regular
C0113,83281862.4,42,2941,2024-12-23,8,42,83281862.4,5,4,5,545,Champions
C0114,55114526.0,36,2643,2024-09-27,95,36,55114526.0,1,2,2,122,Low-Value / Inactive
C0115,48843581.0,33,2177,2024-11-28,33,33,48843581.0,3,1,1,311,Potential / Regular
C0116,76668904.6,40,3001,2024-09-25,97,40,76668904.6,1,3,5,135,Potential / Regular
C0117,45754267.0,35,2207,2024-10-08,84,35,45754267.0,2,1,1,211,Low-Value / Inactive
C0118,54581290.4,39,2549,2024-12-30,1,39,54581290.4,5,3,2,532,Potential / Regular
C0119,83814433.4,58,3605,2024-11-23,38,58,83814433.4,3,5,5,355,Loyal Customers
C0120,52335040.0,36,2534,2024-11-15,46,36,52335040.0,3,2,1,321,Potential / Regular
C0121,49865297.8,36,1978,2024-12-01,30,36,49865297.8,4,2,1,421,New / Potential Customers
C0122,53915180.0,33,2233,2024-11-05,56,33,53915180.0,2,1,2,212,Low-Value / Inactive
C0123,70243447.0,37,2661,2024-11-04,57,37,70243447.0,2,2,4,224,Potential / Regular
C0124,65379588.0,47,3341,2024-12-22,9,47,65379588.0,5,5,3,553,Loyal Customers
C0125,49053869.4,36,2036,2024-12-09,22,36,49053869.4,4,2,1,421,New / Potential Customers
C0126,70535310.0,39,2621,2024-04-05,270,39,70535310.0,1,3,4,134,Potential / Regular
C0127,55495542.0,31,2386,2024-06-25,189,31,55495542.0,1,1,2,112,Low-Value / Inactive
C0128,73171694.8,39,2697,2024-12-18,13,39,73171694.8,5,3,4,534,Loyal Customers
C0129,82458307.6,40,3191,2024-12-18,13,40,82458307.6,5,3,5,535,Loyal Customers
C0130,60851805.0,41,2666,2024-11-16,45,41,60851805.0,3,3,3,333,Loyal Customers
C0131,73559256.8,39,2892,2024-06-14,200,39,73559256.8,1,3,4,134,Potential / Regular
C0132,50864051.6,39,2419,2024-10-01,91,39,50864051.6,1,3,1,131,Potential / Regular
C0133,54603955.0,31,2030,2024-04-07,268,31,54603955.0,1,1,2,112,Low-Value / Inactive
C0134,91565309.0,50,3863,2024-11-24,37,50,91565309.0,3,5,5,355,Loyal Customers
C0135,78383415.4,45,3145,2024-08-27,126,45,78383415.4,1,4,5,145,At-Risk High-Value
C0136,52373189.0,42,2411,2024-11-13,48,42,52373189.0,3,4,1,341,Potential / Regular
C0137,57221883.8,28,2094,2024-12-12,19,28,57221883.8,4,1,2,412,New / Potential Customers
C0138,69371199.4,41,2943,2024-12-25,6,41,69371199.4,5,3,4,534,Loyal Customers
C0139,48432694.2,36,2222,2024-11-10,51,36,48432694.2,3,2,1,321,Potential / Regular
C0140,74126515.8,44,3053,2024-11-24,37,44,74126515.8,3,4,4,344,Loyal Customers
C0141,76394196.6,40,2727,2024-11-15,46,40,76394196.6,3,3,4,334,Loyal Customers
C0142,87849122.2,48,3418,2024-12-08,23,48,87849122.2,4,5,5,455,Champions
C0143,49888789.6,29,2049,2024-08-02,151,29,49888789.6,1,1,1,111,Low-Value / Inactive
C0144,54049087.6,31,2282,2024-09-13,109,31,54049087.6,1,1,2,112,Low-Value / Inactive
C0145,37852475.0,37,1984,2024-12-29,2,37,37852475.0,5,2,1,521,New / Potential Customers
C0146,62762832.8,33,2579,2024-12-31,0,33,62762832.8,5,1,3,513,New / Potential Customers
C0147,57961759.4,36,2494,2024-12-22,9,36,57961759.4,5,2,2,522,New / Potential Customers
C0148,59828023.0,40,2357,2024-12-09,22,40,59828023.0,4,3,2,432,Potential / Regular
C0149,73287579.6,42,2828,2024-12-12,19,42,73287579.6,4,4,4,444,Champions
C0150,45150214.2,34,2121,2024-11-09,52,34,45150214.2,3,1,1,311,Potential / Regular
C0151,45382271.4,31,2127,2024-11-28,33,31,45382271.4,3,1,1,311,Potential / Regular
C0152,63322590.0,41,3018,2024-11-18,43,41,63322590.0,3,3,3,333,Loyal Customers
C0153,109360638.6,59,4256,2024-12-12,19,59,109360638.6,4,5,5,455,Champions
C0154,77981883.6,46,3157,2024-12-16,15,46,77981883.6,4,5,5,455,Champions
C0155,45589948.4,36,2002,2024-12-17,14,36,45589948.4,4,2,1,421,New / Potential Customers
C0156,67944702.4,36,2505,2024-09-17,105,36,67944702.4,1,2,4,124,Potential / Regular
C0157,66039594.4,38,2754,2024-12-30,1,38,66039594.4,5,2,3,523,New / Potential Customers
C0158,62074622.2,37,2445,2024-09-26,96,37,62074622.2,1,2,3,123,Potential / Regular
C0159,57251892.6,36,2691,2024-12-26,5,36,57251892.6,5,2,2,522,New / Potential Customers
C0160,76401059.6,49,3197,2024-11-23,38,49,76401059.6,3,5,4,354,Loyal Customers
C0161,69069391.0,43,3152,2024-11-17,44,43,69069391.0,3,4,4,344,Loyal Customers
C0162,68830756.4,30,2375,2024-10-14,78,30,68830756.4,2,1,4,214,Potential / Regular
C0163,51460399.4,40,2598,2024-08-05,148,40,51460399.4,1,3,1,131,Potential / Regular
C0164,59364706.6,39,2466,2024-11-13,48,39,59364706.6,3,3,2,332,Potential / Regular
C0165,80463427.2,51,3586,2024-12-24,7,51,80463427.2,5,5,5,555,Champions
C0166,74137215.4,34,2812,2024-12-08,23,34,74137215.4,4,1,4,414,New / Potential Customers
C0167,52892007.0,35,2402,2024-12-28,3,35,52892007.0,5,1,1,511,New / Potential Customers
C0168,77926391.0,38,3157,2024-12-18,13,38,77926391.0,5,2,5,525,New / Potential Customers
C0169,80772054.4,44,3130,2024-10-27,65,44,80772054.4,2,4,5,245,At-Risk High-Value
C0170,48302583.4,32,2167,2024-12-20,11,32,48302583.4,5,1,1,511,New / Potential Customers
C0171,68022564.0,36,2524,2024-12-05,26,36,68022564.0,4,2,4,424,New / Potential Customers
C0172,72288356.4,42,2786,2024-11-27,34,42,72288356.4,3,4,4,344,Loyal Customers
C0173,63791487.8,36,2876,2024-11-08,53,36,63791487.8,3,2,3,323,Potential / Regular
C0174,37034465.8,34,1916,2024-12-21,10,34,37034465.8,5,1,1,511,New / Potential Customers
C0175,67902256.2,41,2665,2024-11-04,57,41,67902256.2,2,3,4,234,Potential / Regular
C0176,68872893.2,44,2963,2024-08-07,146,44,68872893.2,1,4,4,144,At-Risk High-Value
C0177,40099837.2,30,2178,2024-12-25,6,30,40099837.2,5,1,1,511,New / Potential Customers
C0178,97309961.6,58,3957,2024-12-09,22,58,97309961.6,4,5,5,455,Champions
C0179,44818951.8,35,2354,2024-07-21,163,35,44818951.8,1,1,1,111,Low-Value / Inactive
C0180,33556847.4,31,2147,2024-12-10,21,31,33556847.4,4,1,1,411,New / Potential Customers
C0181,60094083.2,40,2681,2024-12-15,16,40,60094083.2,4,3,2,432,Potential / Regular
C0182,45656632.6,32,2103,2024-08-03,150,32,45656632.6,1,1,1,111,Low-Value / Inactive
C0183,41359486.8,32,2115,2024-12-05,26,32,41359486.8,4,1,1,411,New / Potential Customers
C0184,72655964.8,35,2846,2024-11-28,33,35,72655964.8,3,1,4,314,Potential / Regular
C0185,58416829.8,39,2520,2024-09-16,106,39,58416829.8,1,3,2,132,Potential / Regular
C0186,77458487.0,42,2994,2024-12-11,20,42,77458487.0,4,4,5,445,Champions
C0187,49675352.0,31,2049,2024-11-08,53,31,49675352.0,3,1,1,311,Potential / Regular
C0188,61533771.8,45,2764,2024-12-27,4,45,61533771.8,5,4,3,543,Loyal Customers
C0189,69544094.2,41,3262,2024-11-11,50,41,69544094.2,3,3,4,334,Loyal Customers
C0190,63609819.4,38,2539,2024-12-29,2,38,63609819.4,5,2,3,523,New / Potential Customers
C0191,71483715.2,31,2309,2024-12-12,19,31,71483715.2,4,1,4,414,New / Potential Customers
C0192,75785020.6,43,2799,2024-10-25,67,43,75785020.6,2,4,4,244,At-Risk High-Value
C0193,73624933.0,44,3001,2024-11-30,31,44,73624933.0,4,4,4,444,Champions
C0194,50090927.4,36,1845,2024-12-26,5,36,50090927.4,5,2,1,521,New / Potential Customers
C0195,59145431.2,33,2247,2024-12-28,3,33,59145431.2,5,1,2,512,New / Potential Customers
C0196,78120269.6,54,3483,2024-10-28,64,54,78120269.6,2,5,5,255,At-Risk High-Value
C0197,85162557.6,50,3431,2024-10-18,74,50,85162557.6,2,5,5,255,At-Risk High-Value
C0198,65200086.6,38,2497,2024-10-19,73,38,65200086.6,2,2,3,223,Potential / Regular
C0199,53138757.0,38,2572,2024-10-21,71,38,53138757.0,2,2,1,221,Low-Value / Inactive
C0200,93452113.6,52,3792,2024-11-25,36,52,93452113.6,3,5,5,355,Loyal Customers
C0201,84633831.6,49,3466,2024-12-13,18,49,84633831.6,4,5,5,455,Champions
C0202,58935549.4,35,2704,2024-09-21,101,35,58935549.4,1,1,2,112,Low-Value / Inactive
C0203,55254922.2,37,2453,2024-11-19,42,37,55254922.2,3,2,2,322,Potential / Regular
C0204,43385471.0,33,2029,2024-12-08,23,33,43385471.0,4,1,1,411,New / Potential Customers
C0205,68750922.6,39,2580,2024-11-15,46,39,68750922.6,3,3,4,334,Loyal Customers
C0206,96630874.4,46,3567,2024-12-11,20,46,96630874.4,4,5,5,455,Champions
C0207,101737768.4,51,3583,2024-10-13,79,51,101737768.4,2,5,5,255,At-Risk High-Value
C0208,51714962.2,34,2464,2024-12-30,1,34,51714962.2,5,1,1,511,New / Potential Customers
C0209,72304789.4,46,3052,2024-11-22,39,46,72304789.4,3,5,4,354,Loyal Customers
C0210,54645456.0,32,2125,2024-12-28,3,32,54645456.0,5,1,2,512,New / Potential Customers
C0211,63897083.2,45,3416,2024-11-20,41,45,63897083.2,3,4,3,343,Loyal Customers
C0212,48934838.0,35,2096,2024-11-15,46,35,48934838.0,3,1,1,311,Potential / Regular
C0213,68039047.6,32,2288,2024-08-31,122,32,68039047.6,1,1,4,114,Potential / Regular
C0214,54155736.6,35,2449,2024-12-26,5,35,54155736.6,5,1,2,512,New / Potential Customers
C0215,79956715.4,53,3911,2024-12-24,7,53,79956715.4,5,5,5,555,Champions
C0216,76597799.4,46,3001,2024-11-20,41,46,76597799.4,3,5,4,354,Loyal Customers
C0217,63312018.8,38,2466,2024-12-18,13,38,63312018.8,5,2,3,523,New / Potential Customers
C0218,55544090.8,45,2735,2024-10-16,76,45,55544090.8,2,4,2,242,Potential / Regular
C0219,79417300.6,48,3279,2024-12-21,10,48,79417300.6,5,5,5,555,Champions
C0220,54813895.4,47,2805,2024-11-06,55,47,54813895.4,2,5,2,252,Potential / Regular
C0221,82001959.0,44,2968,2024-09-05,117,44,82001959.0,1,4,5,145,At-Risk High-Value
C0222,61184396.6,44,2779,2024-12-13,18,44,61184396.6,4,4,3,443,Loyal Customers
C0223,54993118.6,34,2430,2024-10-15,77,34,54993118.6,2,1,2,212,Low-Value / Inactive
C0224,58349595.8,40,2639,2024-12-14,17,40,58349595.8,4,3,2,432,Potential / Regular
C0225,72456292.4,51,2972,2024-07-17,167,51,72456292.4,1,5,4,154,At-Risk High-Value
C0226,49907828.2,28,2327,2024-09-28,94,28,49907828.2,1,1,1,111,Low-Value / Inactive
C0227,65155178.8,39,2412,2024-10-24,68,39,65155178.8,2,3,3,233,Potential / Regular
C0228,65812402.2,36,2375,2024-09-10,112,36,65812402.2,1,2,3,123,Potential / Regular
C0229,46111656.0,29,1653,2024-11-29,32,29,46111656.0,4,1,1,411,New / Potential Customers
C0230,68274085.2,41,3170,2024-10-31,61,41,68274085.2,2,3,4,234,Potential / Regular
C0231,66737768.0,39,2916,2024-11-08,53,39,66737768.0,3,3,3,333,Loyal Customers
C0232,62766339.2,41,2856,2024-12-29,2,41,62766339.2,5,3,3,533,Loyal Customers
C0233,54215650.4,34,2463,2024-10-21,71,34,54215650.4,2,1,2,212,Low-Value / Inactive
C0234,80621425.6,33,2845,2024-12-26,5,33,80621425.6,5,1,5,515,New / Potential Customers
C0235,67658054.0,43,2933,2024-09-10,112,43,67658054.0,1,4,4,144,At-Risk High-Value
C0236,70995165.6,47,2825,2024-10-25,67,47,70995165.6,2,5,4,254,At-Risk High-Value
C0237,76179786.8,46,2776,2024-10-15,77,46,76179786.8,2,5,4,254,At-Risk High-Value
C0238,39369812.4,32,1995,2024-09-01,121,32,39369812.4,1,1,1,111,Low-Value / Inactive
C0239,55722404.6,38,2334,2024-10-27,65,38,55722404.6,2,2,2,222,Low-Value / Inactive
C0240,104286776.8,50,3799,2024-11-10,51,50,104286776.8,3,5,5,355,Loyal Customers
C0241,90825382.8,46,3441,2024-10-31,61,46,90825382.8,2,5,5,255,At-Risk High-Value
C0242,77418552.4,50,3189,2024-11-18,43,50,77418552.4,3,5,5,355,Loyal Customers
C0243,50637406.0,34,2421,2024-12-10,21,34,50637406.0,4,1,1,411,New / Potential Customers
C0244,82751848.8,48,3292,2024-12-09,22,48,82751848.8,4,5,5,455,Champions
C0245,59459217.6,37,2417,2024-11-30,31,37,59459217.6,4,2,2,422,New / Potential Customers
C0246,78316881.4,37,2548,2024-11-02,59,37,78316881.4,2,2,5,225,Potential / Regular
C0247,71151399.8,42,2998,2024-11-13,48,42,71151399.8,3,4,4,344,Loyal Customers
C0248,45208412.0,30,1809,2024-12-04,27,30,45208412.0,4,1,1,411,New / Potential Customers
C0249,67200206.8,40,2725,2024-10-01,91,40,67200206.8,1,3,4,134,Potential / Regular
C0250,80665961.2,45,3308,2024-12-20,11,45,80665961.2,5,4,5,545,Champions
C0251,63937240.8,39,2446,2024-07-06,178,39,63937240.8,1,3,3,133,Potential / Regular
C0252,50788059.0,38,2324,2024-11-07,54,38,50788059.0,2,2,1,221,Low-Value / Inactive
C0253,75155616.4,40,3155,2024-11-27,34,40,75155616.4,3,3,4,334,Loyal Customers
C0254,96361380.0,52,3634,2024-09-25,97,52,96361380.0,1,5,5,155,At-Risk High-Value
C0255,76546128.2,49,3492,2024-11-11,50,49,76546128.2,3,5,4,354,Loyal Customers
C0256,63561255.0,34,2639,2024-09-19,103,34,63561255.0,1,1,3,113,Potential / Regular
C0257,76640757.4,45,3363,2024-12-23,8,45,76640757.4,5,4,5,545,Champions
C0258,69315386.0,31,2559,2024-10-10,82,31,69315386.0,2,1,4,214,Potential / Regular
C0259,66515887.2,37,2602,2024-12-13,18,37,66515887.2,4,2,3,423,New / Potential Customers
C0260,66249877.0,38,2743,2024-09-05,117,38,66249877.0,1,2,3,123,Potential / Regular
C0261,73371667.4,40,3010,2024-12-06,25,40,73371667.4,4,3,4,434,Loyal Customers
C0262,48644883.2,30,2116,2024-12-04,27,30,48644883.2,4,1,1,411,New / Potential Customers
C0263,70309921.0,40,2906,2024-11-01,60,40,70309921.0,2,3,4,234,Potential / Regular
C0264,72106046.6,39,2551,2024-11-02,59,39,72106046.6,2,3,4,234,Potential / Regular
C0265,56239915.0,33,2390,2024-09-27,95,33,56239915.0,1,1,2,112,Low-Value / Inactive
C0266,59493819.2,37,2667,2024-09-24,98,37,59493819.2,1,2,2,122,Low-Value / Inactive
C0267,49252642.4,33,2205,2024-03-25,281,33,49252642.4,1,1,1,111,Low-Value / Inactive
C0268,69239445.0,37,2712,2024-10-07,85,37,69239445.0,2,2,4,224,Potential / Regular
C0269,74531970.2,48,3360,2024-11-22,39,48,74531970.2,3,5,4,354,Loyal Customers
C0270,73637293.4,46,3044,2024-12-20,11,46,73637293.4,5,5,4,554,Champions
C0271,43599972.6,28,1929,2024-11-26,35,28,43599972.6,3,1,1,311,Potential / Regular
C0272,82042535.4,43,3277,2024-12-13,18,43,82042535.4,4,4,5,445,Champions
C0273,64620418.2,40,2755,2024-12-31,0,40,64620418.2,5,3,3,533,Loyal Customers
C0274,64071466.6,42,2573,2024-06-27,187,42,64071466.6,1,4,3,143,Potential / Regular
C0275,66880783.6,47,2920,2024-11-09,52,47,66880783.6,3,5,3,353,Loyal Customers
C0276,79846720.4,49,3459,2024-12-29,2,49,79846720.4,5,5,5,555,Champions
C0277,45731394.2,38,2337,2024-09-14,108,38,45731394.2,1,2,1,121,Low-Value / Inactive
C0278,59961056.4,45,3072,2024-12-03,28,45,59961056.4,4,4,2,442,Potential / Regular
C0279,38851894.0,28,2104,2024-11-12,49,28,38851894.0,3,1,1,311,Potential / Regular
C0280,64583738.6,47,3026,2024-11-05,56,47,64583738.6,2,5,3,253,Potential / Regular
C0281,52632947.4,31,2247,2024-06-25,189,31,52632947.4,1,1,1,111,Low-Value / Inactive
C0282,78317730.4,51,3781,2024-12-24,7,51,78317730.4,5,5,5,555,Champions
C0283,46063181.6,33,2160,2024-09-04,118,33,46063181.6,1,1,1,111,Low-Value / Inactive
C0284,78191857.0,45,3369,2024-12-23,8,45,78191857.0,5,4,5,545,Champions
C0285,57166086.6,51,2931,2024-12-05,26,51,57166086.6,4,5,2,452,Potential / Regular
C0286,64515433.4,39,2975,2024-12-29,2,39,64515433.4,5,3,3,533,Loyal Customers
C0287,55179366.6,36,2332,2024-11-27,34,36,55179366.6,3,2,2,322,Potential / Regular
C0288,107119652.2,63,4626,2024-10-18,74,63,107119652.2,2,5,5,255,At-Risk High-Value
C0289,57538580.4,40,2569,2024-10-29,63,40,57538580.4,2,3,2,232,Potential / Regular
C0290,66221482.2,46,2872,2024-11-15,46,46,66221482.2,3,5,3,353,Loyal Customers
C0291,93293350.4,54,3766,2024-12-03,28,54,93293350.4,4,5,5,455,Champions
C0292,39031937.8,31,1714,2024-09-19,103,31,39031937.8,1,1,1,111,Low-Value / Inactive
C0293,73130661.4,42,3173,2024-09-25,97,42,73130661.4,1,4,4,144,At-Risk High-Value
C0294,88081900.8,51,4025,2024-12-27,4,51,88081900.8,5,5,5,555,Champions
C0295,80533744.6,46,3270,2024-10-09,83,46,80533744.6,2,5,5,255,At-Risk High-Value
C0296,59283432.8,41,2593,2024-11-07,54,41,59283432.8,2,3,2,232,Potential / Regular
C0297,79590004.4,39,3033,2024-07-01,183,39,79590004.4,1,3,5,135,Potential / Regular
C0298,54524918.8,37,2423,2024-11-20,41,37,54524918.8,3,2,2,322,Potential / Regular
C0299,53895506.2,37,2565,2024-08-30,123,37,53895506.2,1,2,2,122,Low-Value / Inactive
C0300,77188710.6,44,3058,2024-11-30,31,44,77188710.6,4,4,5,445,Champions
C0301,64808979.2,47,2645,2024-12-19,12,47,64808979.2,5,5,3,553,Loyal Customers
C0302,66273983.0,42,2575,2024-12-24,7,42,66273983.0,5,4,3,543,Loyal Customers
C0303,38889030.8,31,1997,2024-12-01,30,31,38889030.8,4,1,1,411,New / Potential Customers
C0304,91211305.8,51,3790,2024-12-25,6,51,91211305.8,5,5,5,555,Champions
C0305,52766904.8,33,2044,2024-11-27,34,33,52766904.8,3,1,1,311,Potential / Regular
C0306,72686638.2,47,2868,2024-12-16,15,47,72686638.2,4,5,4,454,Champions
C0307,87787133.2,48,3291,2024-11-24,37,48,87787133.2,3,5,5,355,Loyal Customers
C0308,53708429.6,36,2371,2024-12-12,19,36,53708429.6,4,2,2,422,New / Potential Customers
C0309,38759244.8,32,1893,2024-12-17,14,32,38759244.8,4,1,1,411,New / Potential Customers
C0310,65486421.4,41,2987,2024-11-07,54,41,65486421.4,2,3,3,233,Potential / Regular
C0311,78976613.2,46,3214,2024-09-17,105,46,78976613.2,1,5,5,155,At-Risk High-Value
C0312,67470700.2,40,2866,2024-11-17,44,40,67470700.2,3,3,4,334,Loyal Customers
C0313,53136931.2,32,2205,2024-09-02,120,32,53136931.2,1,1,1,111,Low-Value / Inactive
C0314,69465050.8,45,2829,2024-09-26,96,45,69465050.8,1,4,4,144,At-Risk High-Value
C0315,63797282.4,42,2834,2024-12-17,14,42,63797282.4,4,4,3,443,Loyal Customers
C0316,51245092.4,38,2180,2024-09-22,100,38,51245092.4,1,2,1,121,Low-Value / Inactive
C0317,52093578.6,38,2529,2024-12-25,6,38,52093578.6,5,2,1,521,New / Potential Customers
C0318,74022907.8,41,2957,2024-11-09,52,41,74022907.8,3,3,4,334,Loyal Customers
C0319,69856429.4,37,2936,2024-12-08,23,37,69856429.4,4,2,4,424,New / Potential Customers
C0320,54602363.0,35,2146,2024-12-30,1,35,54602363.0,5,1,2,512,New / Potential Customers
C0321,62032369.0,42,2813,2024-12-22,9,42,62032369.0,5,4,3,543,Loyal Customers
C0322,41492290.0,29,1995,2024-12-10,21,29,41492290.0,4,1,1,411,New / Potential Customers
C0323,57786002.2,40,2573,2024-12-22,9,40,57786002.2,5,3,2,532,Potential / Regular
C0324,55237914.6,38,2585,2024-08-24,129,38,55237914.6,1,2,2,122,Low-Value / Inactive
C0325,56775486.8,33,1858,2024-11-09,52,33,56775486.8,3,1,2,312,Potential / Regular
C0326,70540745.6,47,3035,2024-12-30,1,47,70540745.6,5,5,4,554,Champions
C0327,62303773.6,45,2718,2024-12-06,25,45,62303773.6,4,4,3,443,Loyal Customers
C0328,68279316.4,40,2732,2024-12-05,26,40,68279316.4,4,3,4,434,Loyal Customers
C0329,64307436.8,36,2480,2024-12-26,5,36,64307436.8,5,2,3,523,New / Potential Customers
C0330,58287142.6,41,2863,2024-08-10,143,41,58287142.6,1,3,2,132,Potential / Regular
C0331,69377141.2,44,3434,2024-12-15,16,44,69377141.2,4,4,4,444,Champions
C0332,52716408.8,39,2412,2024-11-23,38,39,52716408.8,3,3,1,331,Potential / Regular
C0333,66085313.2,42,2957,2024-12-02,29,42,66085313.2,4,4,3,443,Loyal Customers
C0334,43977096.8,37,2057,2024-08-24,129,37,43977096.8,1,2,1,121,Low-Value / Inactive
C0335,67074367.8,43,3174,2024-11-03,58,43,67074367.8,2,4,4,244,At-Risk High-Value
C0336,45959667.0,39,2261,2024-10-26,66,39,45959667.0,2,3,1,231,Potential / Regular
C0337,74236665.0,35,2775,2024-08-25,128,35,74236665.0,1,1,4,114,Potential / Regular
C0338,54984288.4,38,2320,2024-11-23,38,38,54984288.4,3,2,2,322,Potential / Regular
C0339,52031024.0,27,1972,2024-08-16,137,27,52031024.0,1,1,1,111,Low-Value / Inactive
C0340,70311394.8,39,2785,2024-12-04,27,39,70311394.8,4,3,4,434,Loyal Customers
C0341,70851281.4,38,2834,2024-10-07,85,38,70851281.4,2,2,4,224,Potential / Regular
C0342,100153639.6,44,3725,2024-10-09,83,44,100153639.6,2,4,5,245,At-Risk High-Value
C0343,75493416.4,45,2906,2024-11-21,40,45,75493416.4,3,4,4,344,Loyal Customers
C0344,50089886.6,30,2125,2024-06-17,197,30,50089886.6,1,1,1,111,Low-Value / Inactive
C0345,56899456.6,44,2735,2024-11-20,41,44,56899456.6,3,4,2,342,Potential / Regular
C0346,54686860.8,39,2411,2024-11-15,46,39,54686860.8,3,3,2,332,Potential / Regular
C0347,29076137.0,27,1584,2024-12-03,28,27,29076137.0,4,1,1,411,New / Potential Customers
C0348,55466523.4,35,2618,2024-10-24,68,35,55466523.4,2,1,2,212,Low-Value / Inactive
C0349,65933267.4,36,2751,2024-10-19,73,36,65933267.4,2,2,3,223,Potential / Regular
C0350,49779071.0,37,2189,2024-11-25,36,37,49779071.0,3,2,1,321,Potential / Regular
C0351,48026434.2,38,2488,2024-09-12,110,38,48026434.2,1,2,1,121,Low-Value / Inactive
C0352,53320209.4,37,2463,2024-11-11,50,37,53320209.4,3,2,2,322,Potential / Regular
C0353,35859534.8,30,1935,2024-10-08,84,30,35859534.8,2,1,1,211,Low-Value / Inactive
C0354,62107608.0,41,2800,2024-12-25,6,41,62107608.0,5,3,3,533,Loyal Customers
C0355,73634372.6,40,2851,2024-12-18,13,40,73634372.6,5,3,4,534,Loyal Customers
C0356,79690881.0,45,3218,2024-12-05,26,45,79690881.0,4,4,5,445,Champions
C0357,61407267.4,32,2173,2024-11-17,44,32,61407267.4,3,1,3,313,Potential / Regular
C0358,68550380.4,40,2669,2024-10-01,91,40,68550380.4,1,3,4,134,Potential / Regular
C0359,99895983.4,52,3851,2024-11-28,33,52,99895983.4,3,5,5,355,Loyal Customers
C0360,60127880.8,34,2454,2024-11-17,44,34,60127880.8,3,1,2,312,Potential / Regular
C0361,58802186.0,35,2366,2024-09-26,96,35,58802186.0,1,1,2,112,Low-Value / Inactive
C0362,57018296.0,42,2667,2024-10-11,81,42,57018296.0,2,4,2,242,Potential / Regular
C0363,64018233.4,37,2801,2024-11-07,54,37,64018233.4,2,2,3,223,Potential / Regular
C0364,61474010.8,38,2656,2024-11-18,43,38,61474010.8,3,2,3,323,Potential / Regular
C0365,66847837.2,47,3234,2024-11-05,56,47,66847837.2,2,5,3,253,Potential / Regular
C0366,46920707.6,30,1771,2024-10-26,66,30,46920707.6,2,1,1,211,Low-Value / Inactive
C0367,61649463.4,31,2403,2024-11-04,57,31,61649463.4,2,1,3,213,Potential / Regular
C0368,54132389.8,33,2185,2024-11-30,31,33,54132389.8,4,1,2,412,New / Potential Customers
C0369,76487726.6,46,3047,2024-12-13,18,46,76487726.6,4,5,4,454,Champions
C0370,58581481.2,41,2621,2024-12-18,13,41,58581481.2,5,3,2,532,Potential / Regular
C0371,91039744.6,51,3092,2024-11-02,59,51,91039744.6,2,5,5,255,At-Risk High-Value
C0372,53251324.8,37,2270,2024-07-10,174,37,53251324.8,1,2,1,121,Low-Value / Inactive
C0373,77626618.6,43,3071,2024-09-02,120,43,77626618.6,1,4,5,145,At-Risk High-Value
C0374,74514218.8,46,3203,2024-12-10,21,46,74514218.8,4,5,4,454,Champions
C0375,83627577.8,44,3155,2024-11-03,58,44,83627577.8,2,4,5,245,At-Risk High-Value
C0376,62674127.8,35,2814,2024-12-19,12,35,62674127.8,5,1,3,513,New / Potential Customers
C0377,72235206.4,40,2878,2024-12-07,24,40,72235206.4,4,3,4,434,Loyal Customers
C0378,62811212.6,42,2762,2024-12-15,16,42,62811212.6,4,4,3,443,Loyal Customers
C0379,66830982.6,44,3010,2024-12-15,16,44,66830982.6,4,4,3,443,Loyal Customers
C0380,91048215.0,58,4063,2024-12-08,23,58,91048215.0,4,5,5,455,Champions
C0381,68417032.8,34,2374,2024-12-21,10,34,68417032.8,5,1,4,514,New / Potential Customers
C0382,50583035.6,37,2710,2024-11-19,42,37,50583035.6,3,2,1,321,Potential / Regular
C0383,71832906.0,43,2872,2024-11-19,42,43,71832906.0,3,4,4,344,Loyal Customers
C0384,81888155.8,42,3384,2024-09-09,113,42,81888155.8,1,4,5,145,At-Risk High-Value
C0385,76626473.0,42,2949,2024-09-23,99,42,76626473.0,1,4,5,145,At-Risk High-Value
C0386,53754976.6,38,2488,2024-11-04,57,38,53754976.6,2,2,2,222,Low-Value / Inactive
C0387,55063811.6,38,2894,2024-10-26,66,38,55063811.6,2,2,2,222,Low-Value / Inactive
C0388,53499029.0,34,2182,2024-12-12,19,34,53499029.0,4,1,2,412,New / Potential Customers
C0389,56596362.6,33,2232,2024-11-25,36,33,56596362.6,3,1,2,312,Potential / Regular
C0390,67178497.6,35,2582,2024-11-09,52,35,67178497.6,3,1,4,314,Potential / Regular
C0391,54227537.6,35,2274,2024-11-30,31,35,54227537.6,4,1,2,412,New / Potential Customers
C0392,47369152.4,34,1945,2024-12-12,19,34,47369152.4,4,1,1,411,New / Potential Customers
C0393,57683779.4,42,2367,2024-12-18,13,42,57683779.4,5,4,2,542,Potential / Regular
C0394,84930805.8,46,3405,2024-11-21,40,46,84930805.8,3,5,5,355,Loyal Customers
C0395,64514679.8,44,2938,2024-12-20,11,44,64514679.8,5,4,3,543,Loyal Customers
C0396,67383019.2,40,2897,2024-12-07,24,40,67383019.2,4,3,4,434,Loyal Customers
C0397,60279612.2,41,2720,2024-12-17,14,41,60279612.2,4,3,3,433,Loyal Customers
C0398,68352134.0,43,3153,2024-12-02,29,43,68352134.0,4,4,4,444,Champions
C0399,62998360.6,42,2656,2024-12-25,6,42,62998360.6,5,4,3,543,Loyal Customers
C0400,53789410.8,38,2330,2024-10-23,69,38,53789410.8,2,2,2,222,Low-Value / Inactive
C0401,61848709.2,38,2505,2024-10-25,67,38,61848709.2,2,2,3,223,Potential / Regular
C0402,51082966.6,39,2501,2024-07-12,172,39,51082966.6,1,3,1,131,Potential / Regular
C0403,85078442.8,49,3658,2024-12-10,21,49,85078442.8,4,5,5,455,Champions
C0404,57215502.0,35,2374,2024-12-26,5,35,57215502.0,5,1,2,512,New / Potential Customers
C0405,56480507.0,37,2259,2024-06-25,189,37,56480507.0,1,2,2,122,Low-Value / Inactive
C0406,70714584.6,37,2628,2024-10-11,81,37,70714584.6,2,2,4,224,Potential / Regular
C0407,65695217.4,43,2773,2024-12-25,6,43,65695217.4,5,4,3,543,Loyal Customers
C0408,69586523.2,39,2900,2024-11-02,59,39,69586523.2,2,3,4,234,Potential / Regular
C0409,60821412.6,45,2971,2024-10-09,83,45,60821412.6,2,4,3,243,Potential / Regular
C0410,62834152.6,42,2714,2024-11-27,34,42,62834152.6,3,4,3,343,Loyal Customers
C0411,77930913.2,46,3012,2024-12-12,19,46,77930913.2,4,5,5,455,Champions
C0412,49251584.6,37,2070,2024-05-28,217,37,49251584.6,1,2,1,121,Low-Value / Inactive
C0413,69429652.6,46,3109,2024-11-08,53,46,69429652.6,3,5,4,354,Loyal Customers
C0414,69142464.4,44,2672,2024-12-31,0,44,69142464.4,5,4,4,544,Champions
C0415,73386860.0,36,3025,2024-10-11,81,36,73386860.0,2,2,4,224,Potential / Regular
C0416,53927329.4,43,2911,2024-10-20,72,43,53927329.4,2,4,2,242,Potential / Regular
C0417,56892210.6,36,2290,2024-09-11,111,36,56892210.6,1,2,2,122,Low-Value / Inactive
C0418,49957660.0,32,2243,2024-11-14,47,32,49957660.0,3,1,1,311,Potential / Regular
C0419,63139736.8,34,2293,2024-09-30,92,34,63139736.8,1,1,3,113,Potential / Regular
C0420,105420085.2,54,4133,2024-11-22,39,54,105420085.2,3,5,5,355,Loyal Customers
C0421,88158611.2,45,3405,2024-09-17,105,45,88158611.2,1,4,5,145,At-Risk High-Value
C0422,78729224.2,44,3019,2024-11-04,57,44,78729224.2,2,4,5,245,At-Risk High-Value
C0423,55793317.0,35,2455,2024-12-27,4,35,55793317.0,5,1,2,512,New / Potential Customers
C0424,63757994.8,38,3059,2024-09-23,99,38,63757994.8,1,2,3,123,Potential / Regular
C0425,73307047.0,44,2773,2024-12-09,22,44,73307047.0,4,4,4,444,Champions
C0426,60676762.6,40,2623,2024-12-03,28,40,60676762.6,4,3,3,433,Loyal Customers
C0427,60390081.4,46,2646,2024-11-26,35,46,60390081.4,3,5,3,353,Loyal Customers
C0428,72557852.6,45,3061,2024-08-26,127,45,72557852.6,1,4,4,144,At-Risk High-Value
C0429,71560643.6,44,2856,2024-10-21,71,44,71560643.6,2,4,4,244,At-Risk High-Value
C0430,47869210.4,29,2199,2024-10-11,81,29,47869210.4,2,1,1,211,Low-Value / Inactive
C0431,50133961.8,31,2010,2024-07-05,179,31,50133961.8,1,1,1,111,Low-Value / Inactive
C0432,55153813.4,41,2547,2024-10-04,88,41,55153813.4,2,3,2,232,Potential / Regular
C0433,65222517.6,38,3012,2024-08-13,140,38,65222517.6,1,2,3,123,Potential / Regular
C0434,54780833.4,35,2174,2024-10-26,66,35,54780833.4,2,1,2,212,Low-Value / Inactive
C0435,84330852.8,57,3742,2024-11-01,60,57,84330852.8,2,5,5,255,At-Risk High-Value
C0436,63326538.6,38,2905,2024-12-15,16,38,63326538.6,4,2,3,423,New / Potential Customers
C0437,49034632.4,32,2097,2024-12-21,10,32,49034632.4,5,1,1,511,New / Potential Customers
C0438,67257764.0,45,3016,2024-09-01,121,45,67257764.0,1,4,4,144,At-Risk High-Value
C0439,63476155.8,43,2755,2024-12-29,2,43,63476155.8,5,4,3,543,Loyal Customers
C0440,86507191.8,47,3555,2024-10-21,71,47,86507191.8,2,5,5,255,At-Risk High-Value
C0441,52770182.0,35,2635,2024-10-19,73,35,52770182.0,2,1,1,211,Low-Value / Inactive
C0442,60326225.8,36,2373,2024-10-20,72,36,60326225.8,2,2,3,223,Potential / Regular
C0443,66704165.0,43,2920,2024-11-18,43,43,66704165.0,3,4,3,343,Loyal Customers
C0444,59419781.4,35,2853,2024-08-06,147,35,59419781.4,1,1,2,112,Low-Value / Inactive
C0445,62230426.6,30,2285,2024-12-28,3,30,62230426.6,5,1,3,513,New / Potential Customers
C0446,55273239.8,36,2401,2024-10-16,76,36,55273239.8,2,2,2,222,Low-Value / Inactive
C0447,74979355.4,39,3115,2024-12-23,8,39,74979355.4,5,3,4,534,Loyal Customers
C0448,68537789.4,37,2535,2024-12-11,20,37,68537789.4,4,2,4,424,New / Potential Customers
C0449,63310212.0,37,2543,2024-11-19,42,37,63310212.0,3,2,3,323,Potential / Regular
C0450,62233287.4,43,2678,2024-09-12,110,43,62233287.4,1,4,3,143,Potential / Regular
C0451,52353064.4,42,2397,2024-07-06,178,42,52353064.4,1,4,1,141,Potential / Regular
C0452,50797162.6,42,2639,2024-12-27,4,42,50797162.6,5,4,1,541,Potential / Regular
C0453,65818457.0,36,2909,2024-12-31,0,36,65818457.0,5,2,3,523,New / Potential Customers
C0454,46799854.2,37,2154,2024-11-14,47,37,46799854.2,3,2,1,321,Potential / Regular
C0455,73447442.0,40,2848,2024-11-27,34,40,73447442.0,3,3,4,334,Loyal Customers
C0456,34272135.8,29,1677,2024-10-16,76,29,34272135.8,2,1,1,211,Low-Value / Inactive
C0457,61313002.6,35,2723,2024-11-15,46,35,61313002.6,3,1,3,313,Potential / Regular
C0458,61418386.0,43,2970,2024-12-28,3,43,61418386.0,5,4,3,543,Loyal Customers
C0459,79388823.0,45,3116,2024-12-14,17,45,79388823.0,4,4,5,445,Champions
C0460,72367400.6,36,2905,2024-11-25,36,36,72367400.6,3,2,4,324,Potential / Regular
C0461,71054553.4,42,3079,2024-10-31,61,42,71054553.4,2,4,4,244,At-Risk High-Value
C0462,92177113.6,52,3826,2024-11-13,48,52,92177113.6,3,5,5,355,Loyal Customers
C0463,58325024.0,36,2670,2024-08-22,131,36,58325024.0,1,2,2,122,Low-Value / Inactive
C0464,67409135.2,39,2845,2024-09-13,109,39,67409135.2,1,3,4,134,Potential / Regular
C0465,54021591.4,39,2713,2024-12-12,19,39,54021591.4,4,3,2,432,Potential / Regular
C0466,99913868.2,52,3880,2024-12-13,18,52,99913868.2,4,5,5,455,Champions
C0467,67788106.8,55,2898,2024-11-06,55,55,67788106.8,2,5,4,254,At-Risk High-Value
C0468,89417777.4,56,3955,2024-12-31,0,56,89417777.4,5,5,5,555,Champions
C0469,71372672.2,44,3044,2024-12-18,13,44,71372672.2,5,4,4,544,Champions
C0470,54364363.0,44,2622,2024-09-27,95,44,54364363.0,1,4,2,142,Potential / Regular
C0471,74383440.6,42,3064,2024-11-27,34,42,74383440.6,3,4,4,344,Loyal Customers
C0472,58343752.4,37,2818,2024-11-23,38,37,58343752.4,3,2,2,322,Potential / Regular
C0473,51561279.0,31,2056,2024-11-15,46,31,51561279.0,3,1,1,311,Potential / Regular
C0474,53742284.8,35,2257,2024-11-07,54,35,53742284.8,2,1,2,212,Low-Value / Inactive
C0475,97922412.6,58,4343,2024-12-18,13,58,97922412.6,5,5,5,555,Champions
C0476,84202311.6,38,2530,2024-09-29,93,38,84202311.6,1,2,5,125,Potential / Regular
C0477,57871728.4,37,2745,2024-10-13,79,37,57871728.4,2,2,2,222,Low-Value / Inactive
C0478,79015238.4,47,3323,2024-12-29,2,47,79015238.4,5,5,5,555,Champions
C0479,39881485.2,29,1874,2024-10-08,84,29,39881485.2,2,1,1,211,Low-Value / Inactive
C0480,58091138.8,37,2491,2024-11-24,37,37,58091138.8,3,2,2,322,Potential / Regular
C0481,61067778.2,40,2894,2024-12-31,0,40,61067778.2,5,3,3,533,Loyal Customers
C0482,81628023.2,36,2843,2024-12-03,28,36,81628023.2,4,2,5,425,New / Potential Customers
C0483,108672502.0,53,3846,2024-12-18,13,53,108672502.0,5,5,5,555,Champions
C0484,53367824.4,31,2368,2024-11-10,51,31,53367824.4,3,1,2,312,Potential / Regular
C0485,66922042.0,34,2620,2024-10-01,91,34,66922042.0,1,1,3,113,Potential / Regular
C0486,68491843.6,42,3174,2024-10-07,85,42,68491843.6,2,4,4,244,At-Risk High-Value
C0487,46208581.6,31,1910,2024-03-18,288,31,46208581.6,1,1,1,111,Low-Value / Inactive
C0488,74510940.6,40,3168,2024-11-26,35,40,74510940.6,3,3,4,334,Loyal Customers
C0489,78799228.8,51,3366,2024-08-17,136,51,78799228.8,1,5,5,155,At-Risk High-Value
C0490,93900425.2,50,4114,2024-12-29,2,50,93900425.2,5,5,5,555,Champions
C0491,78280966.4,32,2861,2024-07-04,180,32,78280966.4,1,1,5,115,Potential / Regular
C0492,65225924.2,37,2768,2024-11-05,56,37,65225924.2,2,2,3,223,Potential / Regular
C0493,67033833.2,45,3145,2024-11-22,39,45,67033833.2,3,4,3,343,Loyal Customers
C0494,48287535.6,32,2140,2024-11-28,33,32,48287535.6,3,1,1,311,Potential / Regular
C0495,105717422.2,52,3819,2024-11-25,36,52,105717422.2,3,5,5,355,Loyal Customers
C0496,63706971.4,41,2547,2024-12-27,4,41,63706971.4,5,3,3,533,Loyal Customers
C0497,54198333.6,33,2411,2024-12-10,21,33,54198333.6,4,1,2,412,New / Potential Customers
C0498,66413930.8,30,2160,2024-08-19,134,30,66413930.8,1,1,3,113,Potential / Regular
C0499,72950313.2,44,2851,2024-11-29,32,44,72950313.2,4,4,4,444,Champions
C0500,46749033.2,29,2099,2024-12-07,24,29,46749033.2,4,1,1,411,New / Potential Customers
