supplier_id,product_id,purchase_order_count,ordered_quantity,total_procurement_value,average_purchase_value_per_po,average_unit_procurement_cost,unit_procurement_cost,product_name,category,machine_type,brand,unit_cost,unit_price,supplier_name,supplier_type,region,procurement_value_share_pct,supplier_share_of_product_pct,supplier_product_rank,supplier_product_dependency_class,procurement_value_class,unit_cost_variance_pct,supplier_product_cost_performance,supplier_product_priority_score,supplier_product_priority_class
SUP0005,P015,596,109949,9796008318.0,14217718.894049346,14217718.894049346,89095.92918534957,Engine Block EB-600,Engine,Excavator,Komatsu,95500,119000,Tianjin OEM Supplies,OEM,North China,2.8261359500477288,13.469557369648683,1.0,Low Product Dependency,High Value Supplier-Product,-6.705833313770082,Below Standard Cost,100.0,Critical Procurement Priority
SUP0003,P015,588,107399,9591374593.51,14554437.926418817,14554437.926418817,89305.99533990075,Engine Block EB-600,Engine,Excavator,Komatsu,95500,119000,Shanghai Distributor Supplies,Distributor,East China,2.767099380600284,13.18818503897005,2.0,Low Product Dependency,High Value Supplier-Product,-6.485868754030633,Below Standard Cost,97.91104991087045,Critical Procurement Priority
SUP0008,P015,568,101811,9113055777.86,14128768.647844963,14128768.647844963,89509.54000903635,Engine Block EB-600,Engine,Excavator,Komatsu,95500,119000,Hangzhou OEM Supplies,OEM,East China,2.629105010178118,12.530494424667319,3.0,Low Product Dependency,High Value Supplier-Product,-6.272732974831041,Below Standard Cost,93.02825683717434,Critical Procurement Priority
SUP0006,P015,573,101397,9043559130.88,14086540.702305295,14086540.702305295,89189.61242324722,Engine Block EB-600,Engine,Excavator,Komatsu,95500,119000,Qingdao Distributor Supplies,Distributor,East China,2.6090553158473093,12.43493620920773,4.0,Low Product Dependency,High Value Supplier-Product,-6.607735682463645,Below Standard Cost,92.3188184136452,Critical Procurement Priority
SUP0002,P015,566,100253,8922209114.08,14321362.943948636,14321362.943948636,88996.92891065605,Engine Block EB-600,Engine,Excavator,Komatsu,95500,119000,Guangzhou Local Vendor Supplies,Local Vendor,South China,2.5740459902236053,12.268079367110934,5.0,Low Product Dependency,High Value Supplier-Product,-6.809498522873247,Below Standard Cost,91.0800483671047,Critical Procurement Priority
SUP0007,P015,548,99685,8913900703.52,14308026.811428573,14308026.811428573,89420.68218407985,Engine Block EB-600,Engine,Excavator,Komatsu,95500,119000,Suzhou Local Vendor Supplies,Local Vendor,East China,2.5716490243361605,12.256655263633718,6.0,Low Product Dependency,High Value Supplier-Product,-6.365777817717433,Below Standard Cost,90.99523412144167,Critical Procurement Priority
SUP0001,P015,551,99009,8835605243.210001,14580206.671963697,14580206.671963697,89240.42504428892,Engine Block EB-600,Engine,Excavator,Komatsu,95500,119000,Shenzhen OEM Supplies,OEM,South China,2.549060883542013,12.148998638588722,7.0,Low Product Dependency,High Value Supplier-Product,-6.5545287494356845,Below Standard Cost,90.19597530327455,Critical Procurement Priority
SUP0004,P015,543,95312,8511311839.69,14091575.893526489,14091575.893526489,89299.47792187762,Engine Block EB-600,Engine,Excavator,Komatsu,95500,119000,Ningbo Distributor Supplies,Distributor,East China,2.4555026487692677,11.703093688172848,8.0,Low Product Dependency,High Value Supplier-Product,-6.492693275520811,Below Standard Cost,86.88551054055974,Critical Procurement Priority
SUP0007,P014,631,113686,7071561951.18,9876483.172039106,9876483.172039106,62202.57508558662,Transmission Assembly TA-800,Transmission,Bulldozer,Volvo,68500,83500,Suzhou Local Vendor Supplies,Local Vendor,East China,2.040136635704668,13.345758400601456,1.0,Low Product Dependency,High Value Supplier-Product,-9.193321042939239,Below Standard Cost,86.80962750568833,Critical Procurement Priority
SUP0008,P014,591,110814,6943142174.09,10121198.504504373,10121198.504504373,62655.821232786475,Transmission Assembly TA-800,Transmission,Bulldozer,Volvo,68500,83500,Hangzhou OEM Supplies,OEM,East China,2.00308769322222,13.103399027844176,2.0,Low Product Dependency,High Value Supplier-Product,-8.53164783534821,Below Standard Cost,85.23316206700457,Critical Procurement Priority
SUP0001,P014,605,110369,6922978661.03,9961120.375582734,9961120.375582734,62725.753255261894,Transmission Assembly TA-800,Transmission,Bulldozer,Volvo,68500,83500,Shenzhen OEM Supplies,OEM,South China,1.9972705453301118,13.065345571526619,3.0,Low Product Dependency,High Value Supplier-Product,-8.429557291588473,Below Standard Cost,84.98563725282222,Critical Procurement Priority
SUP0006,P014,583,106746,6715140229.11,10174454.892590908,10174454.892590908,62907.6520816705,Transmission Assembly TA-800,Transmission,Bulldozer,Volvo,68500,83500,Qingdao Distributor Supplies,Distributor,East China,1.9373094218619582,12.67310386906917,4.0,Low Product Dependency,High Value Supplier-Product,-8.164011559605111,Below Standard Cost,82.43423814454871,Critical Procurement Priority
SUP0005,P014,588,106005,6642837970.9,10049679.229803327,10049679.229803327,62665.32683269657,Transmission Assembly TA-800,Transmission,Bulldozer,Volvo,68500,83500,Tianjin OEM Supplies,OEM,North China,1.9164503122569316,12.53665191170103,5.0,Low Product Dependency,High Value Supplier-Product,-8.517771047158295,Below Standard Cost,81.54666448736215,Critical Procurement Priority
SUP0003,P014,587,102511,6456735347.85,9964097.75902778,9964097.75902778,62985.780529406606,Transmission Assembly TA-800,Transmission,Bulldozer,Volvo,68500,83500,Shanghai Distributor Supplies,Distributor,East China,1.862759942023848,12.185430970402615,6.0,Low Product Dependency,High Value Supplier-Product,-8.049955431523204,Below Standard Cost,79.26209150386362,Critical Procurement Priority
SUP0004,P014,565,99483,6249358461.11,9903896.13488114,9903896.13488114,62818.35550908195,Transmission Assembly TA-800,Transmission,Bulldozer,Volvo,68500,83500,Ningbo Distributor Supplies,Distributor,East China,1.802931973753549,11.794060316025597,7.0,Low Product Dependency,High Value Supplier-Product,-8.294371519588395,Below Standard Cost,76.71635826763215,Critical Procurement Priority
SUP0002,P014,547,95570,5985581996.78,9732653.653300812,9732653.653300812,62630.344216595164,Transmission Assembly TA-800,Transmission,Bulldozer,Volvo,68500,83500,Guangzhou Local Vendor Supplies,Local Vendor,South China,1.7268327990264603,11.29624993282933,8.0,Low Product Dependency,High Value Supplier-Product,-8.568840559715085,Below Standard Cost,73.47827073176126,High Procurement Priority
SUP0004,P021,584,110357,3831616003.44,5744551.7292953525,5744551.7292953525,34720.189960220014,Boom Cylinder BC-400,Hydraulic,Excavator,Komatsu,35600,46200,Ningbo Distributor Supplies,Distributor,East China,1.1054163474118832,13.367124129697025,1.0,Low Product Dependency,High Value Supplier-Product,-2.4713765162359125,Favourable Cost,71.80397543948406,High Procurement Priority
SUP0003,P021,608,109342,3780290079.31,5534831.741303074,5534831.741303074,34573.08334683836,Boom Cylinder BC-400,Hydraulic,Excavator,Komatsu,35600,46200,Shanghai Distributor Supplies,Distributor,East China,1.0906088835302243,13.188066521027167,2.0,Low Product Dependency,High Value Supplier-Product,-2.884597340341688,Favourable Cost,70.84213443236575,High Procurement Priority
SUP0001,P021,584,106259,3677328648.12,5521514.486666666,5521514.486666666,34607.22054715365,Boom Cylinder BC-400,Hydraulic,Excavator,Komatsu,35600,46200,Shenzhen OEM Supplies,OEM,South China,1.0609046414850487,12.828871280676266,3.0,Low Product Dependency,High Value Supplier-Product,-2.788706328220081,Favourable Cost,68.91265087510337,High Procurement Priority
SUP0005,P021,580,105992,3646350188.7400002,5550000.287275495,5550000.287275495,34402.12646935618,Boom Cylinder BC-400,Hydraulic,Excavator,Komatsu,35600,46200,Tianjin OEM Supplies,OEM,North China,1.0519673953242794,12.72079862634257,4.0,Low Product Dependency,High Value Supplier-Product,-3.36481328832533,Favourable Cost,68.33211865724085,High Procurement Priority
SUP0007,P021,569,103872,3560954124.03,5563990.818796875,5563990.818796875,34282.13689954945,Boom Cylinder BC-400,Hydraulic,Excavator,Komatsu,35600,46200,Suzhou Local Vendor Supplies,Local Vendor,East China,1.0273307391848525,12.422882604449619,5.0,Low Product Dependency,High Value Supplier-Product,-3.701862641715037,Favourable Cost,66.73180773684581,High Procurement Priority
SUP0008,P021,563,101509,3534966853.61,5602166.170538828,5602166.170538828,34824.17178388123,Boom Cylinder BC-400,Hydraulic,Excavator,Komatsu,35600,46200,Hangzhou OEM Supplies,OEM,East China,1.0198334446957673,12.332222405414988,6.0,Low Product Dependency,High Value Supplier-Product,-2.1792927419066466,Favourable Cost,66.24480973775049,High Procurement Priority
SUP0006,P021,564,98621,3415561073.44,5421525.513396826,5421525.513396826,34633.20259822959,Boom Cylinder BC-400,Hydraulic,Excavator,Komatsu,35600,46200,Qingdao Distributor Supplies,Distributor,East China,0.985385028868898,11.915658771715075,7.0,Low Product Dependency,High Value Supplier-Product,-2.7157230386809283,Favourable Cost,64.00716126280895,High Procurement Priority
SUP0002,P021,534,92998,3217408396.36,5353424.95234609,5353424.95234609,34596.53321963913,Boom Cylinder BC-400,Hydraulic,Excavator,Komatsu,35600,46200,Guangzhou Local Vendor Supplies,Local Vendor,South China,0.9282182333625096,11.2243756606773,8.0,Low Product Dependency,High Value Supplier-Product,-2.818726911126035,Favourable Cost,60.29380638968325,High Procurement Priority
SUP0005,P004,573,107203,3214987611.62,4930962.594509202,4930962.594509202,29989.716814081694,Track Chain TC-45,Undercarriage,Bulldozer,Volvo,32500,39800,Tianjin OEM Supplies,OEM,North China,0.927519840041582,13.105825576337224,1.0,Low Product Dependency,High Value Supplier-Product,-7.723948264364022,Below Standard Cost,67.87695271453688,High Procurement Priority
SUP0007,P004,587,108520,3202566398.01,4779949.84777612,4779949.84777612,29511.301124308884,Track Chain TC-45,Undercarriage,Bulldozer,Volvo,32500,39800,Suzhou Local Vendor Supplies,Local Vendor,East China,0.923936335701152,13.055190774999046,2.0,Low Product Dependency,High Value Supplier-Product,-9.195996540588048,Below Standard Cost,67.61470780702439,High Procurement Priority
SUP0004,P004,571,105672,3154920940.24,4883778.545263157,4883778.545263157,29855.789047619044,Track Chain TC-45,Undercarriage,Bulldozer,Volvo,32500,39800,Ningbo Distributor Supplies,Distributor,East China,0.9101906816868677,12.860965124865444,3.0,Low Product Dependency,High Value Supplier-Product,-8.136033699633716,Below Standard Cost,66.60878527331758,High Procurement Priority
SUP0005,P019,578,104831,3125330928.33,4984578.833062201,4984578.833062201,29813.041260028043,Swing Motor SWM-350,Hydraulic,Excavator,Volvo,31200,39800,Tianjin OEM Supplies,OEM,North China,0.9016540008566226,12.996750418408846,1.0,Low Product Dependency,High Value Supplier-Product,-4.445380576833191,Favourable Cost,67.01904665687145,High Procurement Priority
SUP0001,P004,581,105372,3124543835.83,4770295.932564885,4770295.932564885,29652.50574944008,Track Chain TC-45,Undercarriage,Bulldozer,Volvo,32500,39800,Shenzhen OEM Supplies,OEM,South China,0.9014269256706844,12.737133533579456,4.0,Low Product Dependency,High Value Supplier-Product,-8.761520770953602,Below Standard Cost,65.96744367928167,High Procurement Priority
SUP0006,P019,604,103255,3084661517.82,4590270.115803571,4590270.115803571,29874.20965396349,Swing Motor SWM-350,Hydraulic,Excavator,Volvo,31200,39800,Qingdao Distributor Supplies,Distributor,East China,0.8899209276110268,12.827625871222184,2.0,Low Product Dependency,High Value Supplier-Product,-4.2493280321682985,Favourable Cost,66.1469389719635,High Procurement Priority
SUP0003,P019,572,101943,3069473356.83,4796052.1200468745,4796052.1200468745,30109.70205732615,Swing Motor SWM-350,Hydraulic,Excavator,Volvo,31200,39800,Shanghai Distributor Supplies,Distributor,East China,0.8855391624679654,12.764465603644656,3.0,Low Product Dependency,High Value Supplier-Product,-3.4945446880572106,Favourable Cost,65.82124671941062,High Procurement Priority
SUP0008,P019,561,102311,3056414082.97,4945653.855938511,4945653.855938511,29873.758275942957,Swing Motor SWM-350,Hydraulic,Excavator,Volvo,31200,39800,Hangzhou OEM Supplies,OEM,East China,0.8817715785563177,12.710158355261598,4.0,Low Product Dependency,High Value Supplier-Product,-4.25077475659309,Favourable Cost,65.54120594798556,High Procurement Priority
SUP0003,P004,563,101538,3028758613.4,4784768.741548183,4784768.741548183,29828.818899328333,Track Chain TC-45,Undercarriage,Bulldozer,Volvo,32500,39800,Shanghai Distributor Supplies,Distributor,East China,0.8737930107325631,12.34666720225643,5.0,Low Product Dependency,High Value Supplier-Product,-8.219018771297437,Below Standard Cost,63.94516247666253,High Procurement Priority
SUP0004,P019,570,101603,3009799191.87,4695474.558299532,4695474.558299532,29623.133095184196,Swing Motor SWM-350,Hydraulic,Excavator,Volvo,31200,39800,Ningbo Distributor Supplies,Distributor,East China,0.8683232417165868,12.516309409565554,5.0,Low Product Dependency,High Value Supplier-Product,-5.054060592358345,Below Standard Cost,64.54160442316233,High Procurement Priority
SUP0006,P004,566,100055,2979417360.47,4759452.652507987,4759452.652507987,29777.795817000646,Track Chain TC-45,Undercarriage,Bulldozer,Volvo,32500,39800,Qingdao Distributor Supplies,Distributor,East China,0.8595581219697959,12.145528680825961,6.0,Low Product Dependency,High Value Supplier-Product,-8.376012870767246,Below Standard Cost,62.90343718979025,High Procurement Priority
SUP0002,P004,553,98906,2961178381.14,4807107.761590909,4807107.761590909,29939.319971892503,Track Chain TC-45,Undercarriage,Bulldozer,Volvo,32500,39800,Guangzhou Local Vendor Supplies,Local Vendor,South China,0.8542961996129136,12.071177886774548,7.0,Low Product Dependency,High Value Supplier-Product,-7.879015471099993,Below Standard Cost,62.51836375029417,High Procurement Priority
SUP0008,P010,604,113217,2946045517.99,4269631.185492753,4269631.185492753,26021.229302931537,Turbocharger TB-900,Engine,Excavator,CAT,28900,34900,Hangzhou OEM Supplies,OEM,East China,0.8499303878264144,13.188623037748531,1.0,Low Product Dependency,High Value Supplier-Product,-9.961144280513711,Below Standard Cost,66.9584114286621,High Procurement Priority
SUP0007,P019,546,98060,2908247197.27,4608949.599477021,4608949.599477021,29657.83395135631,Swing Motor SWM-350,Hydraulic,Excavator,Volvo,31200,39800,Suzhou Local Vendor Supplies,Local Vendor,East China,0.8390256203363807,12.09400343347071,6.0,Low Product Dependency,High Value Supplier-Product,-4.942839899498996,Favourable Cost,62.36394131475272,High Procurement Priority
SUP0002,P019,541,97246,2908106814.47,4744056.7935889065,4744056.7935889065,29904.64198496596,Swing Motor SWM-350,Hydraulic,Excavator,Volvo,31200,39800,Guangzhou Local Vendor Supplies,Local Vendor,South China,0.8389851200769926,12.093419648823108,7.0,Low Product Dependency,High Value Supplier-Product,-4.1517885097244855,Favourable Cost,62.36093097068396,High Procurement Priority
SUP0001,P010,601,110349,2901862593.76,4299055.6944592595,4299055.6944592595,26297.13539551786,Turbocharger TB-900,Engine,Excavator,CAT,28900,34900,Shenzhen OEM Supplies,OEM,South China,0.8371836703379049,12.990828424998476,2.0,Low Product Dependency,High Value Supplier-Product,-9.006451918623327,Below Standard Cost,65.95421159514014,High Procurement Priority
SUP0001,P019,549,96866,2884985032.01,4714027.830081699,4714027.830081699,29783.25761371379,Swing Motor SWM-350,Hydraulic,Excavator,Volvo,31200,39800,Shenzhen OEM Supplies,OEM,South China,0.832314515222634,11.997267259603342,8.0,Low Product Dependency,High Value Supplier-Product,-4.540840981686567,Favourable Cost,61.86511153491472,High Procurement Priority
SUP0008,P004,576,96672,2864608085.11,4518309.282507887,4518309.282507887,29632.241860207712,Track Chain TC-45,Undercarriage,Bulldozer,Volvo,32500,39800,Hangzhou OEM Supplies,OEM,East China,0.8264357919389382,11.677511220361895,8.0,Low Product Dependency,High Value Supplier-Product,-8.82387119936089,Below Standard Cost,60.47950755266355,High Procurement Priority
SUP0005,P010,606,109085,2856766506.46,4134249.647554269,4134249.647554269,26188.444849979373,Turbocharger TB-900,Engine,Excavator,CAT,28900,34900,Tianjin OEM Supplies,OEM,North China,0.824173506464234,12.788945836204368,3.0,Low Product Dependency,High Value Supplier-Product,-9.382543771697671,Below Standard Cost,64.92925717783146,High Procurement Priority
SUP0007,P010,598,109165,2835304877.41,4181865.6008997047,4181865.6008997047,25972.654948106076,Turbocharger TB-900,Engine,Excavator,CAT,28900,34900,Suzhou Local Vendor Supplies,Local Vendor,East China,0.8179818537587801,12.692868116566972,4.0,Low Product Dependency,High Value Supplier-Product,-10.12922163285095,Below Standard Cost,64.44147225425034,High Procurement Priority
SUP0003,P010,569,103227,2714161431.03,4260849.970219781,4260849.970219781,26293.13484873144,Turbocharger TB-900,Engine,Excavator,CAT,28900,34900,Shanghai Distributor Supplies,Distributor,East China,0.7830321234387169,12.150542739025083,5.0,Low Product Dependency,High Value Supplier-Product,-9.020294641067682,Below Standard Cost,61.68809567705055,High Procurement Priority
SUP0006,P010,575,103946,2708909137.16,4186876.5643894896,4186876.5643894896,26060.734777288206,Turbocharger TB-900,Engine,Excavator,CAT,28900,34900,Qingdao Distributor Supplies,Distributor,East China,0.7815168433323343,12.127029686184619,6.0,Low Product Dependency,High Value Supplier-Product,-9.824447137411052,Below Standard Cost,61.56872031379015,High Procurement Priority
SUP0002,P010,571,102546,2693404898.15,4175821.5475193798,4175821.5475193798,26265.333588340844,Turbocharger TB-900,Engine,Excavator,CAT,28900,34900,Guangzhou Local Vendor Supplies,Local Vendor,South China,0.7770438900822049,12.057621538027576,7.0,Low Product Dependency,High Value Supplier-Product,-9.116492773907115,Below Standard Cost,61.21633634409909,High Procurement Priority
SUP0004,P010,548,101601,2681324422.27,4310810.968279743,4310810.968279743,26390.728656902982,Turbocharger TB-900,Engine,Excavator,CAT,28900,34900,Ningbo Distributor Supplies,Distributor,East China,0.7735586881438379,12.003540621244376,8.0,Low Product Dependency,High Value Supplier-Product,-8.682599803103862,Below Standard Cost,60.94176846343071,High Procurement Priority
SUP0005,P011,593,108993,2272210076.89,3422003.1278463854,3422003.1278463854,20847.302825777802,Hydraulic Cylinder HC-200,Hydraulic,Excavator,Tata Hitachi,21500,27600,Tianjin OEM Supplies,OEM,North China,0.6555297194429702,13.168317626408713,1.0,Low Product Dependency,High Value Supplier-Product,-3.035800810335798,Favourable Cost,63.73767668069481,High Procurement Priority
SUP0001,P011,589,106916,2214090877.81,3256015.9967794116,3256015.9967794116,20708.69540396199,Hydraulic Cylinder HC-200,Hydraulic,Excavator,Tata Hitachi,21500,27600,Shenzhen OEM Supplies,OEM,South China,0.6387624043717737,12.831494864525075,2.0,Low Product Dependency,High Value Supplier-Product,-3.6804864932000525,Favourable Cost,62.10737728295065,High Procurement Priority
SUP0006,P011,601,106964,2200821984.13,3329534.015325265,3329534.015325265,20575.352306663925,Hydraulic Cylinder HC-200,Hydraulic,Excavator,Tata Hitachi,21500,27600,Qingdao Distributor Supplies,Distributor,East China,0.6349343454084606,12.75459660220928,3.0,Low Product Dependency,High Value Supplier-Product,-4.300686945749188,Favourable Cost,61.73517206130852,High Procurement Priority
SUP0008,P011,577,106537,2200168864.9,3400570.1157650696,3400570.1157650696,20651.68781643936,Hydraulic Cylinder HC-200,Hydraulic,Excavator,Tata Hitachi,21500,27600,Hangzhou OEM Supplies,OEM,East China,0.6347459213406514,12.75081152900851,4.0,Low Product Dependency,High Value Supplier-Product,-3.945638063072743,Favourable Cost,61.71685143913584,High Procurement Priority
SUP0003,P011,570,103859,2130655725.06,3282982.627211094,3282982.627211094,20514.88773298414,Hydraulic Cylinder HC-200,Hydraulic,Excavator,Tata Hitachi,21500,27600,Shanghai Distributor Supplies,Distributor,East China,0.6146914688406939,12.347956566814624,5.0,Low Product Dependency,High Value Supplier-Product,-4.581917521003998,Favourable Cost,59.76694105134014,High Procurement Priority
SUP0004,P011,573,101272,2094816171.88,3232741.0059876544,3232741.0059876544,20685.047909392528,Hydraulic Cylinder HC-200,Hydraulic,Excavator,Tata Hitachi,21500,27600,Ningbo Distributor Supplies,Distributor,East China,0.604351803296563,12.140252787721819,6.0,Low Product Dependency,High Value Supplier-Product,-3.790474840034752,Favourable Cost,58.76160713604741,High Procurement Priority
SUP0002,P011,573,100674,2083982192.46,3211066.5523266564,3211066.5523266564,20700.301889862327,Hydraulic Cylinder HC-200,Hydraulic,Excavator,Tata Hitachi,21500,27600,Guangzhou Local Vendor Supplies,Local Vendor,South China,0.6012262140027402,12.077465775371357,7.0,Low Product Dependency,High Value Supplier-Product,-3.7195260936635943,Favourable Cost,58.45770359981171,High Procurement Priority
SUP0007,P001,605,111720,2067973120.45,3032218.651686217,3032218.651686217,18510.321522108843,Hydraulic Pump HP-300,Hydraulic,Excavator,CAT,18950,24500,Suzhou Local Vendor Supplies,Local Vendor,East China,0.5966076170737004,13.422335903368426,1.0,Low Product Dependency,High Value Supplier-Product,-2.3202030495575565,Favourable Cost,63.81166470293211,High Procurement Priority
SUP0007,P011,551,98527,2058382220.83,3298689.4564583334,3298689.4564583334,20891.554810661037,Hydraulic Cylinder HC-200,Hydraulic,Excavator,Tata Hitachi,21500,27600,Suzhou Local Vendor Supplies,Local Vendor,East China,0.593840654722354,11.929104247940629,8.0,Low Product Dependency,High Value Supplier-Product,-2.8299776248323916,Favourable Cost,57.73959978917234,High Procurement Priority
SUP0002,P001,602,109681,2021928200.78,2973423.8246764704,2973423.8246764704,18434.625876678732,Hydraulic Pump HP-300,Hydraulic,Excavator,CAT,18950,24500,Guangzhou Local Vendor Supplies,Local Vendor,South China,0.5833237162671507,13.123477870668335,2.0,Low Product Dependency,High Value Supplier-Product,-2.7196523658114424,Favourable Cost,62.39085175995919,High Procurement Priority
SUP0003,P001,579,107108,1961889645.6200001,3022942.443174114,3022942.443174114,18316.929133398065,Hydraulic Pump HP-300,Hydraulic,Excavator,CAT,18950,24500,Shanghai Distributor Supplies,Distributor,East China,0.5660026694061736,12.733793088723456,3.0,Low Product Dependency,High Value Supplier-Product,-3.340743359376963,Favourable Cost,60.53823573065378,High Procurement Priority
SUP0004,P001,585,105032,1938773884.46,2978147.2879569894,2978147.2879569894,18458.887619582605,Hydraulic Pump HP-300,Hydraulic,Excavator,CAT,18950,24500,Ningbo Distributor Supplies,Distributor,East China,0.5593338016892124,12.583758493068729,4.0,Low Product Dependency,High Value Supplier-Product,-2.5916220602501094,Favourable Cost,59.82495025034056,High Procurement Priority
SUP0001,P001,576,104085,1903291016.9,2914687.6215926493,2914687.6215926493,18285.929931306146,Hydraulic Pump HP-300,Hydraulic,Excavator,CAT,18950,24500,Shenzhen OEM Supplies,OEM,South China,0.5490970394931416,12.353454258214159,5.0,Low Product Dependency,Medium Value Supplier-Product,-3.5043275392815487,Favourable Cost,58.73005166338767,High Procurement Priority
SUP0005,P001,558,104128,1895965607.31,3004699.8531061807,3004699.8531061807,18208.028650411034,Hydraulic Pump HP-300,Hydraulic,Excavator,CAT,18950,24500,Tianjin OEM Supplies,OEM,North China,0.546983668136251,12.305908133376064,6.0,Low Product Dependency,Medium Value Supplier-Product,-3.9154160928177695,Favourable Cost,58.50401072700113,High Procurement Priority
SUP0006,P030,617,111262,1830221473.76,2607153.0965242167,2607153.0965242167,16449.654632848593,Fuel Pump FP-350,Engine,Excavator,Volvo,16400,21900,Qingdao Distributor Supplies,Distributor,East China,0.5280165691609483,13.59045805904963,1.0,Low Product Dependency,Medium Value Supplier-Product,0.3027721515158177,Near Standard Cost,63.382821552411905,High Procurement Priority
SUP0006,P001,563,98895,1812098146.6200001,2904003.440096154,2904003.440096154,18323.455651145156,Hydraulic Pump HP-300,Hydraulic,Excavator,CAT,18950,24500,Qingdao Distributor Supplies,Distributor,East China,0.5227880123138992,11.761560038320184,7.0,Low Product Dependency,Medium Value Supplier-Product,-3.3063026324793854,Favourable Cost,55.91610364633654,High Procurement Priority
SUP0008,P001,556,97978,1805034393.45,2944591.1801794455,2944591.1801794455,18422.854043254607,Hydraulic Pump HP-300,Hydraulic,Excavator,CAT,18950,24500,Hangzhou OEM Supplies,OEM,East China,0.5207501285016408,11.715712214260654,8.0,Low Product Dependency,Medium Value Supplier-Product,-2.781772858814735,Favourable Cost,55.69813666970086,High Procurement Priority
SUP0005,P030,590,106007,1742076975.04,2615731.193753754,2615731.193753754,16433.60320582603,Fuel Pump FP-350,Engine,Excavator,Volvo,16400,21900,Tianjin OEM Supplies,OEM,North China,0.5025869933026066,12.935933931688638,2.0,Low Product Dependency,Medium Value Supplier-Product,0.20489759650019757,Near Standard Cost,60.33026910818834,High Procurement Priority
SUP0001,P030,554,104663,1724513107.55,2698768.5564162754,2698768.5564162754,16476.817094388658,Fuel Pump FP-350,Engine,Excavator,Volvo,16400,21900,Shenzhen OEM Supplies,OEM,South China,0.497519839853568,12.805512008495285,3.0,Low Product Dependency,Medium Value Supplier-Product,0.4683969170040214,Near Standard Cost,59.722010766315734,High Procurement Priority
SUP0002,P030,574,104974,1715518030.16,2714427.2629113924,2714427.2629113924,16342.313622039745,Fuel Pump FP-350,Engine,Excavator,Volvo,16400,21900,Guangzhou Local Vendor Supplies,Local Vendor,South China,0.49492477145834946,12.738718331468016,4.0,Low Product Dependency,Medium Value Supplier-Product,-0.35174620707473236,Favourable Cost,59.41050016869981,High Procurement Priority
SUP0004,P030,580,103576,1697841527.89,2588173.060807927,2588173.060807927,16392.229163995522,Fuel Pump FP-350,Engine,Excavator,Volvo,16400,21900,Ningbo Distributor Supplies,Distributor,East China,0.4898251230184279,12.607460029576496,5.0,Low Product Dependency,Medium Value Supplier-Product,-0.0473831463687735,Favourable Cost,58.79834114580925,High Procurement Priority
SUP0007,P030,566,99494,1626617487.73,2586037.341383148,2586037.341383148,16348.900312883188,Fuel Pump FP-350,Engine,Excavator,Volvo,16400,21900,Suzhou Local Vendor Supplies,Local Vendor,East China,0.46927707795052465,12.07858014019242,6.0,Low Product Dependency,Medium Value Supplier-Product,-0.31158345802934084,Favourable Cost,56.331765000557944,High Procurement Priority
SUP0008,P030,547,98016,1602418527.03,2631229.108423645,2631229.108423645,16348.54031005142,Fuel Pump FP-350,Engine,Excavator,Volvo,16400,21900,Hangzhou OEM Supplies,OEM,East China,0.462295708542906,11.898888793991405,7.0,Low Product Dependency,Medium Value Supplier-Product,-0.3137785972474383,Favourable Cost,55.4937252169623,High Procurement Priority
SUP0003,P030,525,93600,1527752305.23,2598218.2061734693,2598218.2061734693,16322.140013141026,Fuel Pump FP-350,Engine,Excavator,Volvo,16400,21900,Shanghai Distributor Supplies,Distributor,East China,0.4407545984465132,11.34444870553812,8.0,Low Product Dependency,Medium Value Supplier-Product,-0.47475601743276474,Favourable Cost,52.90794208623569,High Procurement Priority
SUP0008,P022,599,110086,1398175245.93,2026340.936130435,2026340.936130435,12700.754373217304,Control Valve CV-75,Hydraulic,Excavator,CAT,12800,16900,Hangzhou OEM Supplies,OEM,East China,0.4033717815172641,13.224928149562478,1.0,Low Product Dependency,Medium Value Supplier-Product,-0.7753564592398177,Favourable Cost,59.89486833006102,High Procurement Priority
SUP0001,P022,588,108867,1387819475.23,2148327.361037152,2148327.361037152,12747.843471667264,Control Valve CV-75,Hydraulic,Excavator,CAT,12800,16900,Shenzhen OEM Supplies,OEM,South China,0.40038415483140843,13.126975962353107,2.0,Low Product Dependency,Medium Value Supplier-Product,-0.4074728775995018,Favourable Cost,59.45124903102227,High Procurement Priority
SUP0006,P022,585,106105,1335658719.13,2042291.619464832,2042291.619464832,12588.084624946987,Control Valve CV-75,Hydraulic,Excavator,CAT,12800,16900,Qingdao Distributor Supplies,Distributor,East China,0.3853358429873881,12.633602722011897,3.0,Low Product Dependency,Medium Value Supplier-Product,-1.655588867601665,Favourable Cost,57.21679263673253,High Procurement Priority
SUP0004,P022,562,104172,1310451165.76,2028562.1760990713,2028562.1760990713,12579.687111315901,Control Valve CV-75,Hydraulic,Excavator,CAT,12800,16900,Ningbo Distributor Supplies,Distributor,East China,0.37806349587628957,12.395171893605426,4.0,Low Product Dependency,Medium Value Supplier-Product,-1.7211944428445203,Favourable Cost,56.136954401565596,High Procurement Priority
SUP0003,P022,582,103495,1308246534.44,2018898.9729012346,2018898.9729012346,12640.67379525581,Control Valve CV-75,Hydraulic,Excavator,CAT,12800,16900,Shanghai Distributor Supplies,Distributor,East China,0.3774274625423239,12.374318934802051,5.0,Low Product Dependency,Medium Value Supplier-Product,-1.2447359745639819,Favourable Cost,56.04251266186802,High Procurement Priority
SUP0005,P022,547,101822,1295203518.88,2126770.966962233,2126770.966962233,12720.27183594901,Control Valve CV-75,Hydraulic,Excavator,CAT,12800,16900,Tianjin OEM Supplies,OEM,North China,0.3736645691295636,12.250948889354072,6.0,Low Product Dependency,Medium Value Supplier-Product,-0.6228762816483546,Favourable Cost,55.483777480518484,High Procurement Priority
SUP0007,P022,590,101509,1295188743.17,1977387.3941526718,1977387.3941526718,12759.348857441213,Control Valve CV-75,Hydraulic,Excavator,CAT,12800,16900,Suzhou Local Vendor Supplies,Local Vendor,East China,0.37366030635600694,12.250809130261871,7.0,Low Product Dependency,Medium Value Supplier-Product,-0.3175870512405199,Favourable Cost,55.483144520374516,High Procurement Priority
SUP0002,P022,537,98155,1241527615.63,2022031.9472801306,2022031.9472801306,12648.643631297438,Control Valve CV-75,Hydraulic,Excavator,CAT,12800,16900,Guangzhou Local Vendor Supplies,Local Vendor,South China,0.3581791392583607,11.743244318049099,8.0,Low Product Dependency,Medium Value Supplier-Product,-1.1824716304887684,Favourable Cost,53.18441538909664,High Procurement Priority
SUP0002,P009,579,105541,1188908645.48,1815127.7030229007,1815127.7030229007,11264.898432647029,Starter Motor SM-700,Electrical,Dumper,Volvo,11450,14900,Guangzhou Local Vendor Supplies,Local Vendor,South China,0.34299863324325713,13.04264095857555,1.0,Low Product Dependency,Medium Value Supplier-Product,-1.6166075751351205,Favourable Cost,58.184292510669145,High Procurement Priority
SUP0007,P009,591,105539,1185223553.16,1812268.429908257,1812268.429908257,11230.195028946646,Starter Motor SM-700,Electrical,Dumper,Volvo,11450,14900,Suzhou Local Vendor Supplies,Local Vendor,East China,0.3419354887923015,13.002214525298534,2.0,Low Product Dependency,Medium Value Supplier-Product,-1.9196940703349763,Favourable Cost,58.003946871590095,High Procurement Priority
SUP0006,P009,580,106392,1184304521.41,1788979.639592145,1788979.639592145,11131.51854848109,Starter Motor SM-700,Electrical,Dumper,Volvo,11450,14900,Qingdao Distributor Supplies,Distributor,East China,0.3416703493004191,12.992132504959669,3.0,Low Product Dependency,Medium Value Supplier-Product,-2.781497393178256,Favourable Cost,57.95897015082026,High Procurement Priority
SUP0004,P009,553,102126,1136512053.89,1824256.9083306582,1824256.9083306582,11128.52803292012,Starter Motor SM-700,Electrical,Dumper,Volvo,11450,14900,Ningbo Distributor Supplies,Distributor,East China,0.3278822831600939,12.467836549372533,4.0,Low Product Dependency,Medium Value Supplier-Product,-2.807615433012056,Favourable Cost,55.620042832424275,High Procurement Priority
SUP0001,P009,567,101004,1128213949.47,1779517.2704574133,1779517.2704574133,11169.992767316146,Starter Motor SM-700,Electrical,Dumper,Volvo,11450,14900,Shenzhen OEM Supplies,OEM,South China,0.325488290580941,12.376804158449735,5.0,Low Product Dependency,Medium Value Supplier-Product,-2.4454780147061483,Favourable Cost,55.21393986001093,High Procurement Priority
SUP0003,P023,613,115211,1125112313.05,1642499.7270802918,1642499.7270802918,9765.667454062546,Idler Wheel IW-55,Undercarriage,Bulldozer,Volvo,9200,12950,Shanghai Distributor Supplies,Distributor,East China,0.3245934724156243,13.845808732927706,1.0,Low Product Dependency,Medium Value Supplier-Product,6.148559283288546,Above Standard Cost,61.129090087946295,High Procurement Priority
SUP0003,P009,568,98742,1115076746.92,1750512.9464992152,1750512.9464992152,11292.83128678779,Starter Motor SM-700,Electrical,Dumper,Volvo,11450,14900,Shanghai Distributor Supplies,Distributor,East China,0.3216982243412674,12.232685586588769,6.0,Low Product Dependency,Medium Value Supplier-Product,-1.3726525171372073,Favourable Cost,54.571015074454756,High Procurement Priority
SUP0008,P009,545,97994,1097614603.88,1829357.6731333334,1829357.6731333334,11200.834784578648,Starter Motor SM-700,Electrical,Dumper,Volvo,11450,14900,Hangzhou OEM Supplies,OEM,East China,0.3166604182667728,12.041121278511879,7.0,Low Product Dependency,Medium Value Supplier-Product,-2.1761154185270914,Favourable Cost,53.71643096291244,High Procurement Priority
SUP0005,P009,558,96824,1079697364.0,1730284.2371794872,1730284.2371794872,11151.133644550937,Starter Motor SM-700,Electrical,Dumper,Volvo,11450,14900,Tianjin OEM Supplies,OEM,North China,0.3114913173323184,11.844564438243328,8.0,Low Product Dependency,Medium Value Supplier-Product,-2.6101865104721678,Favourable Cost,52.83957475522555,High Procurement Priority
SUP0005,P023,598,110094,1064211257.1,1571951.6353028065,1571951.6353028065,9666.3874243828,Idler Wheel IW-55,Undercarriage,Bulldozer,Volvo,9200,12950,Tianjin OEM Supplies,OEM,North China,0.3070235951728799,13.09635077878695,2.0,Low Product Dependency,Medium Value Supplier-Product,5.069428525899999,Above Standard Cost,57.820241635717906,High Procurement Priority
SUP0008,P023,593,107641,1049413143.85,1559306.3058692422,1559306.3058692422,9749.195416709246,Idler Wheel IW-55,Undercarriage,Bulldozer,Volvo,9200,12950,Hangzhou OEM Supplies,OEM,East China,0.30275435830709896,12.914242874277157,3.0,Low Product Dependency,Medium Value Supplier-Product,5.969515399013536,Above Standard Cost,57.01623728210927,High Procurement Priority
SUP0001,P023,579,103324,999274543.29,1544473.7917928903,1544473.7917928903,9671.272340308156,Idler Wheel IW-55,Undercarriage,Bulldozer,Volvo,9200,12950,Shenzhen OEM Supplies,OEM,South China,0.28828943576642174,12.297229385545055,4.0,Low Product Dependency,Medium Value Supplier-Product,5.122525438132142,Above Standard Cost,54.29212965750486,High Procurement Priority
SUP0004,P023,561,101244,982309822.39,1584370.6812741936,1584370.6812741936,9702.400363379558,Idler Wheel IW-55,Undercarriage,Bulldozer,Volvo,9200,12950,Ningbo Distributor Supplies,Distributor,East China,0.28339513534714605,12.088458867202624,5.0,Low Product Dependency,Medium Value Supplier-Product,5.4608735149952015,Above Standard Cost,53.370410163206806,High Procurement Priority
SUP0007,P023,573,100537,975824543.02,1527111.960907668,1527111.960907668,9706.123546753932,Idler Wheel IW-55,Undercarriage,Bulldozer,Volvo,9200,12950,Suzhou Local Vendor Supplies,Local Vendor,East China,0.2815241404910084,12.008650001283092,6.0,Low Product Dependency,Medium Value Supplier-Product,5.501342899499262,Above Standard Cost,53.018054916307456,High Procurement Priority
SUP0002,P023,536,99111,970430083.99,1596102.111825658,1596102.111825658,9791.345904995409,Idler Wheel IW-55,Undercarriage,Bulldozer,Volvo,9200,12950,Guangzhou Local Vendor Supplies,Local Vendor,South China,0.27996784591664287,11.942264941693335,7.0,Low Product Dependency,Medium Value Supplier-Product,6.427672880384883,Above Standard Cost,52.7249656236246,High Procurement Priority
SUP0006,P023,555,99603,959437982.74,1549980.586009693,1549980.586009693,9632.621334096362,Idler Wheel IW-55,Undercarriage,Bulldozer,Volvo,9200,12950,Qingdao Distributor Supplies,Distributor,East China,0.2767966386758213,11.806994418284075,8.0,Low Product Dependency,Medium Value Supplier-Product,4.702405805395249,Near Standard Cost,52.12774778166038,High Procurement Priority
SUP0001,P018,605,110942,936693422.39,1371439.8570863835,1371439.8570863835,8443.091186295542,Wheel Rim WR-24,Undercarriage,Bulldozer,CAT,8200,11300,Shenzhen OEM Supplies,OEM,South China,0.27023486192078805,13.14967416214623,1.0,Low Product Dependency,Medium Value Supplier-Product,2.964526662140754,Near Standard Cost,57.44149308292148,High Procurement Priority
SUP0007,P018,606,108144,923788155.3100001,1331106.8520317003,1331106.8520317003,8542.204424748485,Wheel Rim WR-24,Undercarriage,Bulldozer,CAT,8200,11300,Suzhou Local Vendor Supplies,Local Vendor,East China,0.26651170876944386,12.968504899054281,2.0,Low Product Dependency,Medium Value Supplier-Product,4.1732246920547,Near Standard Cost,56.65009453993009,High Procurement Priority
SUP0005,P018,589,108065,920940970.77,1368411.5464635957,1368411.5464635957,8522.102167861935,Wheel Rim WR-24,Undercarriage,Bulldozer,CAT,8200,11300,Tianjin OEM Supplies,OEM,North China,0.2656902996481257,12.928534992054216,3.0,Low Product Dependency,Medium Value Supplier-Product,3.928075217828475,Near Standard Cost,56.47549468991414,High Procurement Priority
SUP0007,P006,576,107528,896702417.93,1381667.824237288,1381667.824237288,8339.24575859311,Alternator ALT-500,Electrical,Loader,CAT,8650,11200,Suzhou Local Vendor Supplies,Local Vendor,East China,0.25869750795843455,12.869261754646708,1.0,Low Product Dependency,Medium Value Supplier-Product,-3.5925345827386157,Favourable Cost,56.12333497453974,High Procurement Priority
SUP0002,P018,590,106239,895594193.13,1361085.399893617,1361085.399893617,8429.994570073137,Wheel Rim WR-24,Undercarriage,Bulldozer,CAT,8200,11300,Guangzhou Local Vendor Supplies,Local Vendor,South China,0.2583777865120716,12.572706864024935,4.0,Low Product Dependency,Medium Value Supplier-Product,2.8048118301602143,Near Standard Cost,54.921136863030405,High Procurement Priority
SUP0008,P018,574,105381,886356506.94,1369948.2332921175,1369948.2332921175,8410.970734193072,Wheel Rim WR-24,Undercarriage,Bulldozer,CAT,8200,11300,Hangzhou OEM Supplies,OEM,East China,0.25571272578638327,12.443024557619157,5.0,Low Product Dependency,Medium Value Supplier-Product,2.572813831622822,Near Standard Cost,54.35464789801646,High Procurement Priority
SUP0002,P006,585,104446,883608166.75,1359397.1796153847,1359397.1796153847,8459.952192999253,Alternator ALT-500,Electrical,Loader,CAT,8650,11200,Guangzhou Local Vendor Supplies,Local Vendor,South China,0.2549198331344193,12.681336147949319,2.0,Low Product Dependency,Medium Value Supplier-Product,-2.1970844739970685,Favourable Cost,55.303784329285136,High Procurement Priority
SUP0006,P018,599,104015,880894768.6,1301173.9565731168,1301173.9565731168,8468.920526847089,Wheel Rim WR-24,Undercarriage,Bulldozer,CAT,8200,11300,Qingdao Distributor Supplies,Distributor,East China,0.25413702121658766,12.366350506309338,6.0,Low Product Dependency,Medium Value Supplier-Product,3.2795186200864412,Near Standard Cost,54.019713972381176,High Procurement Priority
SUP0003,P006,574,103843,878673709.48,1388110.1255608215,1388110.1255608215,8461.55936827711,Alternator ALT-500,Electrical,Loader,CAT,8650,11200,Shanghai Distributor Supplies,Distributor,East China,0.2534962484832,12.610517980232828,3.0,Low Product Dependency,Medium Value Supplier-Product,-2.1785044129813858,Favourable Cost,54.99494363392819,High Procurement Priority
SUP0004,P006,567,103495,872848675.57,1351158.940510836,1351158.940510836,8433.727963379873,Alternator ALT-500,Electrical,Loader,CAT,8650,11200,Ningbo Distributor Supplies,Distributor,East China,0.25181573360316983,12.526918466482734,4.0,Low Product Dependency,Medium Value Supplier-Product,-2.5002547586141843,Favourable Cost,54.63036300736574,High Procurement Priority
SUP0005,P006,580,103561,870647893.13,1317167.7657034795,1317167.7657034795,8407.10202808007,Alternator ALT-500,Electrical,Loader,CAT,8650,11200,Tianjin OEM Supplies,OEM,North China,0.25118081066619263,12.495333355615326,5.0,Low Product Dependency,Medium Value Supplier-Product,-2.8080690395367647,Favourable Cost,54.49261914985352,High Procurement Priority
SUP0008,P006,576,102851,865730188.67,1356943.8693887147,1356943.8693887147,8417.323980029363,Alternator ALT-500,Electrical,Loader,CAT,8650,11200,Hangzhou OEM Supplies,OEM,East China,0.24976205917936725,12.424755620279415,6.0,Low Product Dependency,Medium Value Supplier-Product,-2.689896184631635,Favourable Cost,54.184826989159326,High Procurement Priority
SUP0006,P024,600,111362,863043010.13,1250786.9712028985,1250786.9712028985,7749.887844417306,Track Roller TR-60,Undercarriage,Bulldozer,Tata Hitachi,7400,10300,Qingdao Distributor Supplies,Distributor,East China,0.2489868115856983,13.23624695989086,1.0,Low Product Dependency,Medium Value Supplier-Product,4.728214113747375,Near Standard Cost,57.447873118239144,High Procurement Priority
SUP0001,P006,590,102607,856216710.74,1311204.7637672282,1311204.7637672282,8344.622791232567,Alternator ALT-500,Electrical,Loader,CAT,8650,11200,Shenzhen OEM Supplies,OEM,South China,0.2470174328871912,12.288220427298837,7.0,Low Product Dependency,Medium Value Supplier-Product,-3.530372355692868,Favourable Cost,53.58939187271253,High Procurement Priority
SUP0003,P018,562,99782,848414031.21,1357462.4499360002,1357462.4499360002,8502.676146098494,Wheel Rim WR-24,Undercarriage,Bulldozer,CAT,8200,11300,Shanghai Distributor Supplies,Distributor,East China,0.2447663697591704,11.910373018888796,7.0,Low Product Dependency,Medium Value Supplier-Product,3.691172513396279,Near Standard Cost,52.02787543960341,High Procurement Priority
SUP0005,P024,658,110489,847777505.05,1144099.1970985155,1144099.1970985155,7672.958439754183,Track Roller TR-60,Undercarriage,Bulldozer,Tata Hitachi,7400,10300,Tianjin OEM Supplies,OEM,North China,0.24458273277096812,13.002124218805323,2.0,Low Product Dependency,Medium Value Supplier-Product,3.6886275642457056,Near Standard Cost,56.43173511743479,High Procurement Priority
SUP0005,P016,569,109868,844300012.99,1290978.6131345567,1290978.6131345567,7684.676275075545,Radiator RD-250,Cooling,Loader,JCB,7800,10200,Tianjin OEM Supplies,OEM,North China,0.24357948073118443,13.414500350167872,1.0,Low Product Dependency,Medium Value Supplier-Product,-1.478509293903263,Favourable Cost,58.080081995506646,High Procurement Priority
SUP0006,P006,564,100178,843356676.54,1317744.80709375,1317744.80709375,8418.581689991814,Alternator ALT-500,Electrical,Loader,CAT,8650,11200,Qingdao Distributor Supplies,Distributor,East China,0.24330732936424074,12.103656247494843,8.0,Low Product Dependency,Medium Value Supplier-Product,-2.675356185065736,Favourable Cost,52.784500536680724,High Procurement Priority
SUP0008,P024,596,108393,838580230.33,1238670.9458345643,1238670.9458345643,7736.479572758389,Track Roller TR-60,Undercarriage,Bulldozer,Tata Hitachi,7400,10300,Hangzhou OEM Supplies,OEM,East China,0.24192933070301603,12.861068213342117,3.0,Low Product Dependency,Medium Value Supplier-Product,4.547021253491734,Near Standard Cost,55.819524758337444,High Procurement Priority
SUP0004,P018,570,98277,830638353.66,1316384.0787004754,1316384.0787004754,8452.011698159284,Wheel Rim WR-24,Undercarriage,Bulldozer,CAT,8200,11300,Ningbo Distributor Supplies,Distributor,East China,0.2396381093770102,11.660830999903041,8.0,Low Product Dependency,Medium Value Supplier-Product,3.073313392186394,Near Standard Cost,50.937805375454474,High Procurement Priority
SUP0002,P024,601,107280,827897040.49,1228333.887967359,1228333.887967359,7717.16107839299,Track Roller TR-60,Undercarriage,Bulldozer,Tata Hitachi,7400,10300,Guangzhou Local Vendor Supplies,Local Vendor,South China,0.23884724401138563,12.697223147242411,4.0,Low Product Dependency,Medium Value Supplier-Product,4.2859605188241945,Near Standard Cost,55.10840546622483,High Procurement Priority
SUP0006,P016,585,107861,827027648.17,1238065.3415718563,1238065.3415718563,7667.531806398976,Radiator RD-250,Cooling,Loader,JCB,7800,10200,Qingdao Distributor Supplies,Distributor,East China,0.2385964254319717,13.14007166325411,2.0,Low Product Dependency,Medium Value Supplier-Product,-1.6983101743720974,Favourable Cost,56.89190202444488,High Procurement Priority
SUP0004,P016,573,105478,812739008.71,1238931.4157164635,1238931.4157164635,7705.294077532756,Radiator RD-250,Cooling,Loader,JCB,7800,10200,Ningbo Distributor Supplies,Distributor,East China,0.2344741711071182,12.913049329852983,3.0,Low Product Dependency,Medium Value Supplier-Product,-1.214178493169793,Favourable Cost,55.9089749384887,High Procurement Priority
SUP0003,P024,574,104752,807512099.44,1227222.0356231004,1227222.0356231004,7708.798872002444,Track Roller TR-60,Undercarriage,Bulldozer,Tata Hitachi,7400,10300,Shanghai Distributor Supplies,Distributor,East China,0.23296621442557464,12.384585062194978,5.0,Low Product Dependency,Medium Value Supplier-Product,4.172957729762761,Near Standard Cost,53.751495679322346,High Procurement Priority
SUP0001,P024,573,104802,807286260.19,1234382.6608409786,1234382.6608409786,7702.966166580791,Track Roller TR-60,Undercarriage,Bulldozer,Tata Hitachi,7400,10300,Shenzhen OEM Supplies,OEM,South China,0.23290106008896755,12.381121429385084,6.0,Low Product Dependency,Medium Value Supplier-Product,4.094137386226904,Near Standard Cost,53.73646284268867,High Procurement Priority
SUP0007,P016,566,103964,794785632.52,1234139.1809316769,1234139.1809316769,7644.815825862798,Radiator RD-250,Cooling,Loader,JCB,7800,10200,Suzhou Local Vendor Supplies,Local Vendor,East China,0.22929464489315426,12.627800523170443,4.0,Low Product Dependency,Medium Value Supplier-Product,-1.9895406940666938,Favourable Cost,54.67394764348885,High Procurement Priority
SUP0001,P016,561,101307,778438104.53,1220122.420893417,1220122.420893417,7683.951795334971,Radiator RD-250,Cooling,Loader,JCB,7800,10200,Shenzhen OEM Supplies,OEM,South China,0.2245784038440263,12.368065930522945,5.0,Low Product Dependency,Medium Value Supplier-Product,-1.4877974957054896,Favourable Cost,53.54938794732041,High Procurement Priority
SUP0002,P016,561,100175,770646352.51,1235010.1803044872,1235010.1803044872,7693.000773745945,Radiator RD-250,Cooling,Loader,JCB,7800,10200,Guangzhou Local Vendor Supplies,Local Vendor,South China,0.22233049328875282,12.244268158886586,6.0,Low Product Dependency,Medium Value Supplier-Product,-1.3717849519750747,Favourable Cost,53.01338701252519,High Procurement Priority
SUP0007,P024,551,98997,768139518.58,1263387.3660855263,1263387.3660855263,7759.220164045376,Track Roller TR-60,Undercarriage,Bulldozer,Tata Hitachi,7400,10300,Suzhou Local Vendor Supplies,Local Vendor,East China,0.22160727488586984,11.780738906679817,7.0,Low Product Dependency,Medium Value Supplier-Product,4.8543265411537195,Near Standard Cost,51.13068651566063,High Procurement Priority
SUP0004,P024,536,97879,760064332.8,1243967.8114566284,1243967.8114566284,7765.346323521899,Track Roller TR-60,Undercarriage,Bulldozer,Tata Hitachi,7400,10300,Ningbo Distributor Supplies,Distributor,East China,0.21927759405105082,11.656892062459413,8.0,Low Product Dependency,Medium Value Supplier-Product,4.937112480025663,Near Standard Cost,50.593167246457845,High Procurement Priority
SUP0008,P016,549,97348,744319486.79,1210275.5882764228,1210275.5882764228,7645.9658831203515,Radiator RD-250,Cooling,Loader,JCB,7800,10200,Hangzhou OEM Supplies,OEM,East China,0.2147352259872075,11.825978754662751,7.0,Low Product Dependency,Medium Value Supplier-Product,-1.9747963702519078,Favourable Cost,51.202340588059,High Procurement Priority
SUP0003,P016,546,94305,721679352.95,1208843.1372696818,1208843.1372696818,7652.609649011188,Radiator RD-250,Cooling,Loader,JCB,7800,10200,Shanghai Distributor Supplies,Distributor,East China,0.20820357614759416,11.466265289482308,8.0,Low Product Dependency,Medium Value Supplier-Product,-1.8896198844719492,Favourable Cost,49.64490743682677,Medium Procurement Priority
SUP0001,P005,604,110272,704412878.11,1043574.634237037,1043574.634237037,6387.957759993471,Fuel Injector FI-220,Engine,Excavator,Tata Hitachi,6350,8450,Shenzhen OEM Supplies,OEM,South China,0.2032222201001259,13.261265618686558,1.0,Low Product Dependency,Medium Value Supplier-Product,0.5977599998971739,Near Standard Cost,56.80995004662842,High Procurement Priority
SUP0005,P005,630,111790,703535774.98,992293.0535684063,992293.0535684063,6293.369487252885,Fuel Injector FI-220,Engine,Excavator,Tata Hitachi,6350,8450,Tianjin OEM Supplies,OEM,North China,0.20296917696182665,13.24475328913756,2.0,Low Product Dependency,Medium Value Supplier-Product,-0.8918190983797647,Favourable Cost,56.73921286031415,High Procurement Priority
SUP0003,P005,593,110974,701029761.45,1035494.4777695717,1035494.4777695717,6317.063108926415,Fuel Injector FI-220,Engine,Excavator,Tata Hitachi,6350,8450,Shanghai Distributor Supplies,Distributor,East China,0.202246195243301,13.197575118354369,3.0,Low Product Dependency,Medium Value Supplier-Product,-0.5186911980092135,Favourable Cost,56.53710624375504,High Procurement Priority
SUP0004,P005,581,107858,688444738.21,1044680.9381031867,1044680.9381031867,6382.880622763263,Fuel Injector FI-220,Engine,Excavator,Tata Hitachi,6350,8450,Ningbo Distributor Supplies,Distributor,East China,0.19861543203280063,12.960649671376778,4.0,Low Product Dependency,Medium Value Supplier-Product,0.5178050828860359,Near Standard Cost,55.52214106663003,High Procurement Priority
SUP0006,P025,594,114605,668440659.4,965954.7101156069,965954.7101156069,5832.561052310109,Cabin Glass CG-20,Cabin,Excavator,JCB,5600,7850,Qingdao Distributor Supplies,Distributor,East China,0.19284428071919377,13.675713505515091,1.0,Low Product Dependency,Medium Value Supplier-Product,4.15287593410909,Near Standard Cost,58.315296806731354,High Procurement Priority
SUP0008,P005,601,101560,645369130.36,967569.9105847076,967569.9105847076,6354.5601650256,Fuel Injector FI-220,Engine,Excavator,Tata Hitachi,6350,8450,Hangzhou OEM Supplies,OEM,East China,0.18618817391263828,12.149708964389836,5.0,Low Product Dependency,Medium Value Supplier-Product,0.07181362245038958,Near Standard Cost,52.048151299786895,High Procurement Priority
SUP0007,P005,580,100212,635728471.39,978043.8021384615,978043.8021384615,6343.835782042071,Fuel Injector FI-220,Engine,Excavator,Tata Hitachi,6350,8450,Suzhou Local Vendor Supplies,Local Vendor,East China,0.18340685605205587,11.968214072241684,6.0,Low Product Dependency,Medium Value Supplier-Product,-0.09707429855007055,Favourable Cost,51.270645136112314,High Procurement Priority
SUP0001,P025,591,108189,635040684.77,945001.0190029761,945001.0190029761,5869.734305428463,Cabin Glass CG-20,Cabin,Excavator,JCB,5600,7850,Shenzhen OEM Supplies,OEM,South China,0.18320843048629026,12.992379124657184,2.0,Low Product Dependency,Medium Value Supplier-Product,4.8166840255082555,Near Standard Cost,55.401456353587704,High Procurement Priority
SUP0002,P005,569,99979,629644680.95,988453.1883045527,988453.1883045527,6297.769341061623,Fuel Injector FI-220,Engine,Excavator,Tata Hitachi,6350,8450,Guangzhou Local Vendor Supplies,Local Vendor,South China,0.18165169024197306,11.853680730361658,7.0,Low Product Dependency,Medium Value Supplier-Product,-0.8225300620216869,Favourable Cost,50.77999562964973,High Procurement Priority
SUP0002,P025,588,104889,612666029.59,924081.4925942685,924081.4925942685,5841.089433496363,Cabin Glass CG-20,Cabin,Excavator,JCB,5600,7850,Guangzhou Local Vendor Supplies,Local Vendor,South China,0.17675337090269147,12.53461317382315,3.0,Low Product Dependency,Medium Value Supplier-Product,4.305168455292208,Near Standard Cost,53.44947357183837,High Procurement Priority
SUP0005,P025,586,104332,611964113.5,934296.3564885496,934296.3564885496,5865.545695472147,Cabin Glass CG-20,Cabin,Excavator,JCB,5600,7850,Tianjin OEM Supplies,OEM,North China,0.1765508690027879,12.520252582173372,4.0,Low Product Dependency,Medium Value Supplier-Product,4.741887419145474,Near Standard Cost,53.388237851739426,High Procurement Priority
SUP0006,P005,543,95663,603641886.45,1002727.3861295682,1002727.3861295682,6310.087352999592,Fuel Injector FI-220,Engine,Excavator,Tata Hitachi,6350,8450,Qingdao Distributor Supplies,Distributor,East China,0.17414991707553734,11.36415253545155,8.0,Low Product Dependency,Medium Value Supplier-Product,-0.6285456220536667,Favourable Cost,48.68290526897766,Medium Procurement Priority
SUP0004,P025,565,101994,601870636.57,961454.6910063899,961454.6910063899,5901.039635370708,Cabin Glass CG-20,Cabin,Excavator,JCB,5600,7850,Ningbo Distributor Supplies,Distributor,East China,0.17363891373622947,12.313748838231303,5.0,Low Product Dependency,Medium Value Supplier-Product,5.375707774476934,Above Standard Cost,52.507674865769694,High Procurement Priority
SUP0007,P025,588,101095,597187057.05,927309.0947981366,927309.0947981366,5907.186874227212,Cabin Glass CG-20,Cabin,Excavator,JCB,5600,7850,Suzhou Local Vendor Supplies,Local Vendor,East China,0.17228770699704593,12.217926881868994,6.0,Low Product Dependency,Medium Value Supplier-Product,5.485479896914502,Above Standard Cost,52.09907564909144,High Procurement Priority
SUP0003,P025,554,99581,583813577.12,916504.8306436421,916504.8306436421,5862.700486237334,Cabin Glass CG-20,Cabin,Excavator,JCB,5600,7850,Shanghai Distributor Supplies,Distributor,East China,0.16842947503352604,11.94431713428332,7.0,Low Product Dependency,Medium Value Supplier-Product,4.691080111380974,Near Standard Cost,50.93236258265882,High Procurement Priority
SUP0008,P025,549,97901,576810914.56,953406.4703471074,953406.4703471074,5891.777556511169,Cabin Glass CG-20,Cabin,Excavator,JCB,5600,7850,Hangzhou OEM Supplies,OEM,East China,0.1664092157846129,11.801048759447596,8.0,Low Product Dependency,Medium Value Supplier-Product,5.210313509128017,Above Standard Cost,50.32144471002322,High Procurement Priority
SUP0007,P029,609,112399,330994882.11,474204.7021633238,474204.7021633238,2944.8205242929207,Pressure Sensor PS-90,Sensors,Excavator,CAT,2750,3950,Suzhou Local Vendor Supplies,Local Vendor,East China,0.09549160282908621,13.527910550782238,1.0,Low Product Dependency,Medium Value Supplier-Product,7.084382701560754,Above Standard Cost,56.1468481408831,High Procurement Priority
SUP0003,P029,586,109801,326708828.59,484013.07939259254,484013.07939259254,2975.4631432318465,Pressure Sensor PS-90,Sensors,Excavator,CAT,2750,3950,Shanghai Distributor Supplies,Distributor,East China,0.09425508183568901,13.352737604708842,2.0,Low Product Dependency,Medium Value Supplier-Product,8.198659753885318,Above Standard Cost,55.419802470034455,High Procurement Priority
SUP0005,P029,604,105846,315596616.1,471039.7255223881,471039.7255223881,2981.658410331992,Pressure Sensor PS-90,Sensors,Excavator,CAT,2750,3950,Tianjin OEM Supplies,OEM,North China,0.09104922265477623,12.89857645385441,3.0,Low Product Dependency,Medium Value Supplier-Product,8.423942193890621,Above Standard Cost,53.53483161124666,High Procurement Priority
SUP0008,P029,564,102391,303775377.4,474649.0271875,474649.0271875,2966.817175337676,Pressure Sensor PS-90,Sensors,Excavator,CAT,2750,3950,Hangzhou OEM Supplies,OEM,East China,0.08763881031337609,12.41543708108338,4.0,Low Product Dependency,Medium Value Supplier-Product,7.884260921370045,Above Standard Cost,51.52958823740664,High Procurement Priority
SUP0004,P029,565,102677,303602062.62,481144.31477020605,481144.31477020605,2956.8653410208713,Pressure Sensor PS-90,Sensors,Excavator,CAT,2750,3950,Ningbo Distributor Supplies,Distributor,East China,0.08758880921961094,12.40835362762929,5.0,Low Product Dependency,Medium Value Supplier-Product,7.52237603712258,Above Standard Cost,51.50018875373126,High Procurement Priority
SUP0002,P029,549,100058,297253566.26,473333.70423566876,473333.70423566876,2970.8125912970477,Pressure Sensor PS-90,Sensors,Excavator,CAT,2750,3950,Guangzhou Local Vendor Supplies,Local Vendor,South China,0.08575727608802144,12.148887709780128,6.0,Low Product Dependency,Medium Value Supplier-Product,8.029548774438089,Above Standard Cost,50.423289743161625,High Procurement Priority
SUP0001,P029,545,98408,290147263.74,471784.16868292686,471784.16868292686,2948.411346028778,Pressure Sensor PS-90,Sensors,Excavator,CAT,2750,3950,Shenzhen OEM Supplies,OEM,South China,0.08370711684236382,11.858449911393233,7.0,Low Product Dependency,Medium Value Supplier-Product,7.214958037410102,Above Standard Cost,49.217843647167264,Medium Procurement Priority
SUP0006,P029,536,94306,278676804.67,468364.3775966387,468364.3775966387,2955.0273012321595,Pressure Sensor PS-90,Sensors,Excavator,CAT,2750,3950,Qingdao Distributor Supplies,Distributor,East China,0.08039790397841472,11.38964706076849,8.0,Low Product Dependency,Medium Value Supplier-Product,7.455538226623992,Above Standard Cost,47.27210321938786,Medium Procurement Priority
SUP0004,P012,605,112114,205961394.9,298928.0042089986,298928.0042089986,1837.0711499009938,Brake Pad BP-40,Brakes,Loader,JCB,1800,2450,Ningbo Distributor Supplies,Distributor,East China,0.05941960067340022,13.176958736462458,1.0,Low Product Dependency,Medium Value Supplier-Product,2.059508327832993,Near Standard Cost,54.1478257765705,High Procurement Priority
SUP0005,P012,596,111038,205374414.34,302021.1975588235,302021.1975588235,1849.5867571462022,Brake Pad BP-40,Brakes,Loader,JCB,1800,2450,Tianjin OEM Supplies,OEM,North China,0.05925025752783072,13.139405006444358,2.0,Low Product Dependency,Medium Value Supplier-Product,2.754819841455669,Near Standard Cost,53.9935069484593,High Procurement Priority
SUP0006,P012,602,106628,199062483.15,291453.12320644216,291453.12320644216,1866.887526259519,Brake Pad BP-40,Brakes,Loader,JCB,1800,2450,Qingdao Distributor Supplies,Distributor,East China,0.057429273401315754,12.735581479814998,3.0,Low Product Dependency,Medium Value Supplier-Product,3.7159736810843835,Near Standard Cost,52.33408261529355,High Procurement Priority
SUP0002,P012,582,106578,197712494.09,295976.78755988023,295976.78755988023,1855.096681210006,Brake Pad BP-40,Brakes,Loader,JCB,1800,2450,Guangzhou Local Vendor Supplies,Local Vendor,South China,0.05703980327319973,12.649212137895688,4.0,Low Product Dependency,Medium Value Supplier-Product,3.0609267338892243,Near Standard Cost,51.97916672216392,High Procurement Priority
SUP0008,P012,581,106654,195964163.84,300558.53349693253,300558.53349693253,1837.3822251392353,Brake Pad BP-40,Brakes,Loader,JCB,1800,2450,Hangzhou OEM Supplies,OEM,East China,0.056535412218018416,12.537357799498222,5.0,Low Product Dependency,Medium Value Supplier-Product,2.0767902855130638,Near Standard Cost,51.51952581798929,High Procurement Priority
SUP0007,P012,578,102311,188623965.79,293806.80029595015,293806.80029595015,1843.6332925100917,Brake Pad BP-40,Brakes,Loader,JCB,1800,2450,Suzhou Local Vendor Supplies,Local Vendor,East China,0.054417774409212374,12.067748012337509,6.0,Low Product Dependency,Medium Value Supplier-Product,2.4240718061162125,Near Standard Cost,49.58976725634281,Medium Procurement Priority
SUP0003,P012,579,102700,188173601.82,288167.8435222052,288167.8435222052,1832.2648667964945,Brake Pad BP-40,Brakes,Loader,JCB,1800,2450,Shanghai Distributor Supplies,Distributor,East China,0.05428784497623257,12.03893471238894,7.0,Low Product Dependency,Medium Value Supplier-Product,1.792492599805251,Near Standard Cost,49.47136531118487,Medium Procurement Priority
SUP0006,P028,615,108716,182816848.25,260422.86075498574,260422.86075498574,1681.6002083409985,Light Assembly LA-18,Electrical,Loader,Generic,1450,2250,Qingdao Distributor Supplies,Distributor,East China,0.05274242837915741,13.493591799611263,1.0,Low Product Dependency,Medium Value Supplier-Product,15.972428161448171,High Cost Variance,55.31809779566112,High Procurement Priority
SUP0001,P012,571,99759,182169448.12,290541.38456140354,290541.38456140354,1826.0953710442166,Brake Pad BP-40,Brakes,Loader,JCB,1800,2450,Shenzhen OEM Supplies,OEM,South China,0.05255565426442981,11.654802115157835,8.0,Low Product Dependency,Medium Value Supplier-Product,1.4497428357898023,Near Standard Cost,47.89285653947451,Medium Procurement Priority
SUP0007,P028,571,105980,178356607.01,276521.8713333333,276521.8713333333,1682.9270334968862,Light Assembly LA-18,Electrical,Loader,Generic,1450,2250,Suzhou Local Vendor Supplies,Local Vendor,East China,0.051455654449914456,13.164384315747139,2.0,Low Product Dependency,Medium Value Supplier-Product,16.063933344612845,High Cost Variance,53.968484434155414,High Procurement Priority
SUP0005,P028,580,102879,174093613.93,267424.9061904762,267424.9061904762,1692.2172059409597,Light Assembly LA-18,Electrical,Loader,Generic,1450,2250,Tianjin OEM Supplies,OEM,North China,0.05022578636414987,12.849735589348436,3.0,Low Product Dependency,Medium Value Supplier-Product,16.704634892479973,High Cost Variance,52.67855590536258,High Procurement Priority
SUP0003,P028,577,102623,171972105.25,268287.21567862714,268287.21567862714,1675.765717724097,Light Assembly LA-18,Electrical,Loader,Generic,1450,2250,Shanghai Distributor Supplies,Distributor,East China,0.04961373380618404,12.693148423552286,4.0,Low Product Dependency,Medium Value Supplier-Product,15.570049498213589,High Cost Variance,52.03661384281209,High Procurement Priority
SUP0002,P028,557,101483,169994725.45,275518.1935980551,275518.1935980551,1675.1054408127468,Light Assembly LA-18,Electrical,Loader,Generic,1450,2250,Guangzhou Local Vendor Supplies,Local Vendor,South China,0.0490432622469256,12.54719931596506,5.0,Low Product Dependency,Medium Value Supplier-Product,15.524513159499786,High Cost Variance,51.43828338146433,High Procurement Priority
SUP0001,P028,547,98929,166267442.3,269041.16877022653,269041.16877022653,1680.6744463200882,Light Assembly LA-18,Electrical,Loader,Generic,1450,2250,Shenzhen OEM Supplies,OEM,South China,0.04796794579513509,12.272090988537316,6.0,Low Product Dependency,Medium Value Supplier-Product,15.908582504833667,High Cost Variance,50.31045399496347,High Procurement Priority
SUP0008,P028,545,95669,160701121.74,263444.4618688525,263444.4618688525,1679.7616964743022,Light Assembly LA-18,Electrical,Loader,Generic,1450,2250,Hangzhou OEM Supplies,OEM,East China,0.04636206938778251,11.861244514695299,7.0,Low Product Dependency,Medium Value Supplier-Product,15.845634239607055,High Cost Variance,48.62615482862512,Medium Procurement Priority
SUP0004,P028,515,89935,150639530.44,266147.5802826855,266147.5802826855,1674.9822698615667,Light Assembly LA-18,Electrical,Loader,Generic,1450,2250,Ningbo Distributor Supplies,Distributor,East China,0.04345931308495579,11.11860505254321,8.0,Low Product Dependency,Medium Value Supplier-Product,15.516018611142535,High Cost Variance,45.5816428110443,Medium Procurement Priority
SUP0006,P007,623,112341,122407037.89,174867.19698571428,174867.19698571428,1089.6025305988019,Hydraulic Hose HH-60,Hydraulic,Crane,JCB,980,1450,Qingdao Distributor Supplies,Distributor,East China,0.03531427486480657,13.320495959932163,1.0,Low Product Dependency,Medium Value Supplier-Product,11.183931693755289,High Cost Variance,54.338007934592405,High Procurement Priority
SUP0007,P007,578,108802,119299342.53,180210.48720543805,180210.48720543805,1096.481154114814,Hydraulic Hose HH-60,Hydraulic,Crane,JCB,980,1450,Suzhou Local Vendor Supplies,Local Vendor,East China,0.034417708703000205,12.982312435511123,2.0,Low Product Dependency,Medium Value Supplier-Product,11.885832052532042,High Cost Variance,52.95846327735034,High Procurement Priority
SUP0005,P007,591,107795,117656388.13,175606.54944776118,175606.54944776118,1091.482797254047,Hydraulic Hose HH-60,Hydraulic,Crane,JCB,980,1450,Tianjin OEM Supplies,OEM,North China,0.03394371844662228,12.803523962031193,3.0,Low Product Dependency,Medium Value Supplier-Product,11.375795638168062,High Cost Variance,52.22913536645358,High Procurement Priority
SUP0002,P007,587,105565,115696917.31,173980.32678195488,173980.32678195488,1095.9779975370625,Hydraulic Hose HH-60,Hydraulic,Crane,JCB,980,1450,Guangzhou Local Vendor Supplies,Local Vendor,South China,0.033378413605333404,12.590291752582008,4.0,Low Product Dependency,Medium Value Supplier-Product,11.834489544598203,High Cost Variance,51.35930187648348,High Procurement Priority
SUP0002,P013,597,104947,115052487.38,173011.2592180451,173011.2592180451,1096.2913411531536,Seal Kit SK-15,Seals,Excavator,CAT,950,1450,Guangzhou Local Vendor Supplies,Local Vendor,South China,0.033192496389531,12.938012373059543,1.0,Low Product Dependency,Medium Value Supplier-Product,15.399088542437212,High Cost Variance,52.7598651067521,High Procurement Priority
SUP0003,P007,573,103491,113265620.93,175605.61384496125,175605.61384496125,1094.4489948884445,Hydraulic Hose HH-60,Hydraulic,Crane,JCB,980,1450,Shanghai Distributor Supplies,Distributor,East China,0.032676987689625146,12.325714860881623,5.0,Low Product Dependency,Medium Value Supplier-Product,11.678468866167812,High Cost Variance,50.28001914678858,High Procurement Priority
SUP0004,P013,582,104235,113231043.33,172083.65247720364,172083.65247720364,1086.3053996258454,Seal Kit SK-15,Seals,Excavator,CAT,950,1450,Ningbo Distributor Supplies,Distributor,East China,0.03266701209596963,12.733185287679794,2.0,Low Product Dependency,Medium Value Supplier-Product,14.347936802720573,High Cost Variance,51.92460161470698,High Procurement Priority
SUP0003,P013,578,103320,112207940.02,171834.5176416539,171834.5176416539,1086.0234225706542,Seal Kit SK-15,Seals,Excavator,CAT,950,1450,Shanghai Distributor Supplies,Distributor,East China,0.032371848091291226,12.618134117686584,3.0,Low Product Dependency,Medium Value Supplier-Product,14.318255007437287,High Cost Variance,51.45543494256379,High Procurement Priority
SUP0008,P013,562,103043,111873000.1,177858.5057233704,177858.5057233704,1085.6923818211815,Seal Kit SK-15,Seals,Excavator,CAT,950,1450,Hangzhou OEM Supplies,OEM,East China,0.0322752183500446,12.58046907516665,4.0,Low Product Dependency,Medium Value Supplier-Product,14.283408612755943,High Cost Variance,51.30184082738659,High Procurement Priority
SUP0001,P007,569,102073,111435357.81,172233.93788253478,172233.93788253478,1091.7221773632596,Hydraulic Hose HH-60,Hydraulic,Crane,JCB,980,1450,Shenzhen OEM Supplies,OEM,South China,0.03214895910557688,12.126543204448911,6.0,Low Product Dependency,Medium Value Supplier-Product,11.400222179924446,High Cost Variance,49.46754256332346,Medium Procurement Priority
SUP0008,P007,573,101515,111002404.16,173984.9594984326,173984.9594984326,1093.4581506181353,Hydraulic Hose HH-60,Hydraulic,Crane,JCB,980,1450,Hangzhou OEM Supplies,OEM,East China,0.032024052527790385,12.07942861491979,7.0,Low Product Dependency,Medium Value Supplier-Product,11.577362307972994,High Cost Variance,49.27534904835456,Medium Procurement Priority
SUP0006,P013,562,100778,109502374.56,171097.46025,171097.46025,1086.570229216694,Seal Kit SK-15,Seals,Excavator,CAT,950,1450,Qingdao Distributor Supplies,Distributor,East China,0.03159129589457009,12.313884812045865,5.0,Low Product Dependency,Medium Value Supplier-Product,14.375813601757281,High Cost Variance,50.21473800538568,High Procurement Priority
SUP0007,P013,560,100611,109430937.44,173976.053163752,173976.053163752,1087.663748894256,Seal Kit SK-15,Seals,Excavator,CAT,950,1450,Suzhou Local Vendor Supplies,Local Vendor,East China,0.03157068637623915,12.305851484270837,6.0,Low Product Dependency,Low Value Supplier-Product,14.490920936237472,High Cost Variance,50.18197893254299,High Procurement Priority
SUP0001,P013,589,100057,109149225.81,166894.8406880734,166894.8406880734,1090.870461936696,Seal Kit SK-15,Seals,Excavator,CAT,950,1450,Shenzhen OEM Supplies,OEM,South China,0.031489412929009974,12.274172129590424,7.0,Low Product Dependency,Low Value Supplier-Product,14.828469677546963,High Cost Variance,50.05279382810702,High Procurement Priority
SUP0005,P013,555,99999,108812361.83,173268.09208598727,173268.09208598727,1088.1344996449964,Seal Kit SK-15,Seals,Excavator,CAT,950,1450,Tianjin OEM Supplies,OEM,North China,0.03139222809889863,12.2362907205003,8.0,Low Product Dependency,Low Value Supplier-Product,14.540473646841722,High Cost Variance,49.89831739262222,Medium Procurement Priority
SUP0004,P007,535,99388,108174471.24,177044.96111292962,177044.96111292962,1088.4057556244213,Hydraulic Hose HH-60,Hydraulic,Crane,JCB,980,1450,Ningbo Distributor Supplies,Distributor,East China,0.03120819747437541,11.771689209693186,8.0,Low Product Dependency,Low Value Supplier-Product,11.061811798410348,High Cost Variance,48.019994420922565,Medium Procurement Priority
SUP0002,P003,607,109363,102767717.41,150465.17922401172,150465.17922401172,939.6936569955103,Air Filter AF-120,Filters,Excavator,Komatsu,820,1250,Guangzhou Local Vendor Supplies,Local Vendor,South China,0.029648355865835318,13.1645573445712,1.0,Low Product Dependency,Low Value Supplier-Product,14.596787438476877,High Cost Variance,53.61708453909792,High Procurement Priority
SUP0005,P003,584,106396,99990697.66,149686.67314371257,149686.67314371257,939.7975267867213,Air Filter AF-120,Filters,Excavator,Komatsu,820,1250,Tianjin OEM Supplies,OEM,North China,0.028847189197260058,12.808820770214592,2.0,Low Product Dependency,Low Value Supplier-Product,14.609454486185513,High Cost Variance,52.168227773033315,High Procurement Priority
SUP0007,P003,593,106533,99688963.35,147687.3531111111,147687.3531111111,935.7566514601109,Air Filter AF-120,Filters,Excavator,Komatsu,820,1250,Suzhou Local Vendor Supplies,Local Vendor,East China,0.028760139232297605,12.770168567685147,3.0,Low Product Dependency,Low Value Supplier-Product,14.116664812208658,High Cost Variance,52.01080368679937,High Procurement Priority
SUP0006,P003,595,105250,97736966.26,146094.11997010463,146094.11997010463,928.6172566270784,Air Filter AF-120,Filters,Excavator,Komatsu,820,1250,Qingdao Distributor Supplies,Distributor,East China,0.02819699055261541,12.520117498386607,4.0,Low Product Dependency,Low Value Supplier-Product,13.24600690574127,High Cost Variance,50.99238666215095,High Procurement Priority
SUP0004,P003,576,103752,97216317.67,150489.65583591332,150489.65583591332,937.0066858470199,Air Filter AF-120,Filters,Excavator,Komatsu,820,1250,Ningbo Distributor Supplies,Distributor,East China,0.02804678409608995,12.453422349441338,5.0,Low Product Dependency,Low Value Supplier-Product,14.269108030124379,High Cost Variance,50.72074825109409,High Procurement Priority
SUP0003,P003,561,101742,96168494.9,149795.16339563864,149795.16339563864,945.2192300131707,Air Filter AF-120,Filters,Excavator,Komatsu,820,1250,Shanghai Distributor Supplies,Distributor,East China,0.02774448855861738,12.319196122662557,6.0,Low Product Dependency,Low Value Supplier-Product,15.270637806484233,High Cost Variance,50.174066827618056,High Procurement Priority
SUP0008,P003,566,102197,95864561.81,150730.44309748427,150730.44309748427,938.0369463878587,Air Filter AF-120,Filters,Excavator,Komatsu,820,1250,Hangzhou OEM Supplies,OEM,East China,0.02765680424841934,12.280262256142443,7.0,Low Product Dependency,Low Value Supplier-Product,14.394749559494958,High Cost Variance,50.015495570111725,High Procurement Priority
SUP0006,P020,607,106507,91984787.62,135271.7465,135271.7465,863.650160271156,Pivot Pin PP-12,Pins & Bushes,Excavator,JCB,750,1150,Qingdao Distributor Supplies,Distributor,East China,0.02653749432538888,13.08852502171256,1.0,Low Product Dependency,Low Value Supplier-Product,15.153354702820799,High Cost Variance,53.25995445226296,High Procurement Priority
SUP0001,P003,544,97023,91205650.12,148301.87011382115,148301.87011382115,940.0415377797018,Air Filter AF-120,Filters,Excavator,Komatsu,820,1250,Shenzhen OEM Supplies,OEM,South China,0.02631271414684062,11.68345509089611,8.0,Low Product Dependency,Low Value Supplier-Product,14.639211924353868,High Cost Variance,47.58479779615674,Medium Procurement Priority
SUP0001,P020,574,105753,91073079.66,141198.57311627906,141198.57311627906,861.1867243482454,Pivot Pin PP-12,Pins & Bushes,Excavator,JCB,750,1150,Shenzhen OEM Supplies,OEM,South China,0.026274467737613716,12.95879800102028,2.0,Low Product Dependency,Low Value Supplier-Product,14.824896579766067,High Cost Variance,52.732067986688214,High Procurement Priority
SUP0003,P020,572,105812,91055943.56,139656.35515337423,139656.35515337423,860.5445843571617,Pivot Pin PP-12,Pins & Bushes,Excavator,JCB,750,1150,Shanghai Distributor Supplies,Distributor,East China,0.026269523994541896,12.956359703564498,3.0,Low Product Dependency,Low Value Supplier-Product,14.739277914288241,High Cost Variance,52.72214604275484,High Procurement Priority
SUP0004,P020,557,102309,88327421.62,139758.57851265825,139758.57851265825,863.3397024699685,Pivot Pin PP-12,Pins & Bushes,Excavator,JCB,750,1150,Ningbo Distributor Supplies,Distributor,East China,0.02548234888251603,12.568118032218651,4.0,Low Product Dependency,Low Value Supplier-Product,15.111960329329133,High Cost Variance,51.142309224011086,High Procurement Priority
SUP0005,P020,563,100660,87746346.37,137103.666203125,137103.666203125,871.7101765348699,Pivot Pin PP-12,Pins & Bushes,Excavator,JCB,750,1150,Tianjin OEM Supplies,OEM,North China,0.025314709411376497,12.485436774307377,5.0,Low Product Dependency,Low Value Supplier-Product,16.22802353798265,High Cost Variance,50.80586183799126,High Procurement Priority
SUP0008,P020,543,98506,85374641.46,140418.81819078946,140418.81819078946,866.6948354414959,Pivot Pin PP-12,Pins & Bushes,Excavator,JCB,750,1150,Hangzhou OEM Supplies,OEM,East China,0.024630475559028746,12.147966635365574,6.0,Low Product Dependency,Low Value Supplier-Product,15.55931139219946,High Cost Variance,49.432625037112416,Medium Procurement Priority
SUP0002,P020,549,97094,84187232.32,136446.0815559157,136446.0815559157,867.0693587657321,Pivot Pin PP-12,Pins & Bushes,Excavator,JCB,750,1150,Guangzhou Local Vendor Supplies,Local Vendor,South China,0.024287909531210756,11.979010065023708,7.0,Low Product Dependency,Low Value Supplier-Product,15.609247835430939,High Cost Variance,48.74510530315534,Medium Procurement Priority
SUP0007,P020,536,96899,83040108.99,140033.91060708262,140033.91060708262,856.975912960918,Pivot Pin PP-12,Pins & Bushes,Excavator,JCB,750,1150,Suzhou Local Vendor Supplies,Local Vendor,East China,0.023956965908378744,11.815785766787346,8.0,Low Product Dependency,Low Value Supplier-Product,14.263455061455721,High Cost Variance,48.080911387099114,Medium Procurement Priority
SUP0005,P002,632,112819,61249206.03,86024.16577247191,86024.16577247191,542.8979695795921,Engine Oil Filter OF-90,Filters,Loader,JCB,450,720,Tianjin OEM Supplies,OEM,North China,0.017670318098362312,13.392781739073806,1.0,Low Product Dependency,Low Value Supplier-Product,20.643993239909353,High Cost Variance,54.34491011063562,High Procurement Priority
SUP0006,P002,607,109126,58856824.04,85423.54722786647,85423.54722786647,539.3473969539798,Engine Oil Filter OF-90,Filters,Loader,JCB,450,720,Qingdao Distributor Supplies,Distributor,East China,0.016980118934712955,12.869662307731833,2.0,Low Product Dependency,Low Value Supplier-Product,19.854977100884398,High Cost Variance,52.2222085668283,High Procurement Priority
SUP0003,P002,600,108135,58810244.12,86868.89825701625,86868.89825701625,543.8594730660748,Engine Oil Filter OF-90,Filters,Loader,JCB,450,720,Shanghai Distributor Supplies,Distributor,East China,0.01696668068699113,12.859477119344605,3.0,Low Product Dependency,Low Value Supplier-Product,20.857660681349955,High Cost Variance,52.180879352468835,High Procurement Priority
SUP0008,P002,587,108978,58680936.54,87322.82223214286,87322.82223214286,538.4658971535539,Engine Oil Filter OF-90,Filters,Loader,JCB,450,720,Hangzhou OEM Supplies,OEM,East China,0.01692937561449745,12.831202659830804,4.0,Low Product Dependency,Low Value Supplier-Product,19.659088256345303,High Cost Variance,52.06614792544787,High Procurement Priority
SUP0001,P002,568,105674,57344311.94,89321.35816199376,89321.35816199376,542.6529888146564,Engine Oil Filter OF-90,Filters,Loader,JCB,450,720,Shenzhen OEM Supplies,OEM,South China,0.0165437611161066,12.538935662506645,5.0,Low Product Dependency,Low Value Supplier-Product,20.58955306992365,High Cost Variance,50.88019387890748,High Procurement Priority
SUP0007,P002,580,104165,55930048.61,85650.91670750383,85650.91670750383,536.9370576489224,Engine Oil Filter OF-90,Filters,Loader,JCB,450,720,Suzhou Local Vendor Supplies,Local Vendor,East China,0.0161357479427814,12.229692142011238,6.0,Low Product Dependency,Low Value Supplier-Product,19.319346144204985,High Cost Variance,49.625352901802025,Medium Procurement Priority
SUP0002,P002,561,102743,54902724.71,87424.72087579618,87424.72087579618,534.3694919361903,Engine Oil Filter OF-90,Filters,Loader,JCB,450,720,Guangzhou Local Vendor Supplies,Local Vendor,South China,0.015839366303251924,12.005056989005418,7.0,Low Product Dependency,Low Value Supplier-Product,18.748775985820075,High Cost Variance,48.71383373904485,Medium Procurement Priority
SUP0004,P002,550,94847,51555683.87,86940.4449747049,86940.4449747049,543.5668378546501,Engine Oil Filter OF-90,Filters,Loader,JCB,450,720,Ningbo Distributor Supplies,Distributor,East China,0.014873749274648464,11.273191380495646,8.0,Low Product Dependency,Low Value Supplier-Product,20.792630634366695,High Cost Variance,45.7440869394319,Medium Procurement Priority
SUP0007,P008,598,108154,47213910.089999996,70468.52252238806,70468.52252238806,436.5433556780146,Bucket Tooth BT-10,Attachments,Excavator,Komatsu,340,580,Suzhou Local Vendor Supplies,Local Vendor,East China,0.013621153057055845,13.417234835551511,1.0,Low Product Dependency,Low Value Supplier-Product,28.395104611180777,High Cost Variance,54.37823699606277,High Procurement Priority
SUP0006,P008,602,106669,46376377.26,67801.72114035087,67801.72114035087,434.769026240051,Bucket Tooth BT-10,Attachments,Excavator,Komatsu,340,580,Qingdao Distributor Supplies,Distributor,East China,0.0133795259000169,13.17922500664361,2.0,Low Product Dependency,Low Value Supplier-Product,27.873243011779714,High Cost Variance,53.41361537004394,High Procurement Priority
SUP0003,P017,610,114436,44918608.24,66251.63457227139,66251.63457227139,392.5216561221993,Fan Belt FB-30,Belts,Excavator,Tata Hitachi,320,520,Shanghai Distributor Supplies,Distributor,East China,0.012958961390417854,13.615405205333623,1.0,Low Product Dependency,Low Value Supplier-Product,22.66301753818729,High Cost Variance,55.16745474315743,High Procurement Priority
SUP0003,P008,576,102460,44689351.79,68436.98589586523,68436.98589586523,436.16388629709155,Bucket Tooth BT-10,Attachments,Excavator,Komatsu,340,580,Shanghai Distributor Supplies,Distributor,East China,0.012892821195953667,12.699806613602258,3.0,Low Product Dependency,Low Value Supplier-Product,28.283495969732808,High Cost Variance,51.47059750409759,High Procurement Priority
SUP0002,P008,553,101107,44368978.82,69653.02797488226,69653.02797488226,438.8319188582393,Bucket Tooth BT-10,Attachments,Excavator,Komatsu,340,580,Guangzhou Local Vendor Supplies,Local Vendor,South China,0.012800394001268983,12.608763118893618,4.0,Low Product Dependency,Low Value Supplier-Product,29.06821142889391,High Cost Variance,51.101610541217724,High Procurement Priority
SUP0004,P008,567,100105,43497270.4,68070.84569640062,68070.84569640062,434.516461715199,Bucket Tooth BT-10,Attachments,Excavator,Komatsu,340,580,Ningbo Distributor Supplies,Distributor,East China,0.012548907229948612,12.361041281050223,5.0,Low Product Dependency,Low Value Supplier-Product,27.798959327999697,High Cost Variance,50.09762745733703,High Procurement Priority
SUP0005,P008,558,96650,42423625.94,69319.65022875817,69319.65022875817,438.9407753750646,Bucket Tooth BT-10,Attachments,Excavator,Komatsu,340,580,Tianjin OEM Supplies,OEM,North China,0.012239162167727689,12.055933319810642,6.0,Low Product Dependency,Low Value Supplier-Product,29.100228051489594,High Cost Variance,48.86106618155838,Medium Procurement Priority
SUP0008,P008,570,96360,42249194.65,68697.87747967479,68697.87747967479,438.4515841635533,Bucket Tooth BT-10,Attachments,Excavator,Komatsu,340,580,Hangzhou OEM Supplies,OEM,East China,0.012188838962246496,12.006363488035706,7.0,Low Product Dependency,Low Value Supplier-Product,28.956348283398036,High Cost Variance,48.66016636180042,Medium Procurement Priority
SUP0005,P017,586,108774,42215166.6,64450.636030534355,64450.636030534355,388.0997903910861,Fan Belt FB-30,Belts,Excavator,Tata Hitachi,320,520,Tianjin OEM Supplies,OEM,North China,0.012179021913067566,12.795957434803773,2.0,Low Product Dependency,Low Value Supplier-Product,21.28118449721441,High Cost Variance,51.847182807557765,High Procurement Priority
SUP0007,P017,573,105630,41342722.19,63998.02196594427,63998.02196594427,391.3918601722995,Fan Belt FB-30,Belts,Excavator,Tata Hitachi,320,520,Suzhou Local Vendor Supplies,Local Vendor,East China,0.011927322809567561,12.531508365103964,3.0,Low Product Dependency,Low Value Supplier-Product,22.309956303843602,High Cost Variance,50.775677269197494,High Procurement Priority
SUP0008,P017,579,105623,41174542.69,62670.53681887366,62670.53681887366,389.8255369569128,Fan Belt FB-30,Belts,Excavator,Tata Hitachi,320,520,Hangzhou OEM Supplies,OEM,East China,0.011878803237556001,12.480531005620875,4.0,Low Product Dependency,Low Value Supplier-Product,21.82048029903525,High Cost Variance,50.56912512258145,High Procurement Priority
SUP0001,P008,530,94356,41071309.14,69027.41031932773,69027.41031932773,435.2803122217983,Bucket Tooth BT-10,Attachments,Excavator,Komatsu,340,580,Shenzhen OEM Supplies,OEM,South China,0.011849020489579976,11.671632336412435,8.0,Low Product Dependency,Low Value Supplier-Product,28.02362124170539,High Cost Variance,47.303546304387,Medium Procurement Priority
SUP0004,P017,598,104333,40745279.68,60813.850268656715,60813.850268656715,390.53108489164504,Fan Belt FB-30,Belts,Excavator,Tata Hitachi,320,520,Ningbo Distributor Supplies,Distributor,East China,0.011754961404719095,12.350415891867051,5.0,Low Product Dependency,Low Value Supplier-Product,22.040964028639067,High Cost Variance,50.041919391928424,High Procurement Priority
SUP0001,P017,569,104315,40722559.59,63038.01794117648,63038.01794117648,390.38066998993435,Fan Belt FB-30,Belts,Excavator,Tata Hitachi,320,520,Shenzhen OEM Supplies,OEM,South China,0.01174840668762894,12.343529141725577,6.0,Low Product Dependency,Low Value Supplier-Product,21.993959371854487,High Cost Variance,50.0140153765115,High Procurement Priority
SUP0002,P017,581,102240,39840253.13,61292.69712307693,61292.69712307693,389.6738373435055,Fan Belt FB-30,Belts,Excavator,Tata Hitachi,320,520,Guangzhou Local Vendor Supplies,Local Vendor,South China,0.011493862395237562,12.076090758416855,7.0,Low Product Dependency,Low Value Supplier-Product,21.773074169845465,High Cost Variance,48.93039761521363,Medium Procurement Priority
SUP0006,P017,563,100454,38951050.96,61729.08234548336,61729.08234548336,387.7501240368726,Fan Belt FB-30,Belts,Excavator,Tata Hitachi,320,520,Qingdao Distributor Supplies,Distributor,East China,0.011237328699274907,11.806562197128287,8.0,Low Product Dependency,Low Value Supplier-Product,21.171913761522674,High Cost Variance,47.83831078543271,Medium Procurement Priority
SUP0002,P027,576,106344,38375763.410000004,57534.87767616192,57534.87767616192,360.8643967689762,O-Ring Set OR-50,Seals,All,Generic,260,480,Guangzhou Local Vendor Supplies,Local Vendor,South China,0.011071358972229819,12.980779021565283,1.0,Low Product Dependency,Low Value Supplier-Product,38.79399875729852,High Cost Variance,52.575326015504984,High Procurement Priority
SUP0005,P027,600,106246,38071636.18,55660.286812865495,55660.286812865495,358.33477194435557,O-Ring Set OR-50,Seals,All,Generic,260,480,Tianjin OEM Supplies,OEM,North China,0.010983618652888508,12.877906582914536,2.0,Low Product Dependency,Low Value Supplier-Product,37.82106613244445,High Cost Variance,52.15866750902492,High Procurement Priority
SUP0004,P027,599,103349,37449114.66,55234.68238938053,55234.68238938053,362.3558492099585,O-Ring Set OR-50,Seals,All,Generic,260,480,Ningbo Distributor Supplies,Distributor,East China,0.010804021985527821,12.667335806746385,3.0,Low Product Dependency,Low Value Supplier-Product,39.36763431152248,High Cost Variance,51.30580442677183,High Procurement Priority
SUP0001,P027,588,102158,37084739.61,56103.993358547654,56103.993358547654,363.0135634017894,O-Ring Set OR-50,Seals,All,Generic,260,480,Shenzhen OEM Supplies,OEM,South China,0.01069890024668515,12.544084265024894,4.0,Low Product Dependency,Low Value Supplier-Product,39.62060130838054,High Cost Variance,50.80660557459543,High Procurement Priority
SUP0007,P027,592,103436,37078854.9,56350.843313069905,56350.843313069905,358.4714693143586,O-Ring Set OR-50,Seals,All,Generic,260,480,Suzhou Local Vendor Supplies,Local Vendor,East China,0.010697202515328998,12.542093734718046,5.0,Low Product Dependency,Low Value Supplier-Product,37.87364204398409,High Cost Variance,50.79854344060081,High Procurement Priority
SUP0006,P027,572,101177,36709981.95,57449.11103286385,57449.11103286385,362.82931842217107,O-Ring Set OR-50,Seals,All,Generic,260,480,Qingdao Distributor Supplies,Distributor,East China,0.010590783138052683,12.417320757570309,6.0,Low Product Dependency,Low Value Supplier-Product,39.54973785468119,High Cost Variance,50.293182403287936,High Procurement Priority
SUP0003,P027,553,99007,35762455.75,56407.658911671926,56407.658911671926,361.21138656862644,O-Ring Set OR-50,Seals,All,Generic,260,480,Shanghai Distributor Supplies,Distributor,East China,0.01031742303355873,12.096815648969956,7.0,Low Product Dependency,Low Value Supplier-Product,38.92745637254862,High Cost Variance,48.99505841964228,Medium Procurement Priority
SUP0008,P027,567,97821,35102741.27,56254.39306089744,56254.39306089744,358.8466818985699,O-Ring Set OR-50,Seals,All,Generic,260,480,Hangzhou OEM Supplies,OEM,East China,0.01012709624450638,11.873664182490588,8.0,Low Product Dependency,Low Value Supplier-Product,38.01795457637305,High Cost Variance,48.09124046838529,Medium Procurement Priority
SUP0005,P026,584,105592,24454576.87,36336.66696879644,36336.66696879644,231.59497755511782,Grease Cartridge GC-5,Lubricants,All,Generic,180,310,Tianjin OEM Supplies,OEM,North China,0.00705511434780232,12.972416616127362,1.0,Low Product Dependency,Low Value Supplier-Product,28.663876419509894,High Cost Variance,52.476725530392855,High Procurement Priority
SUP0006,P026,585,105410,24447892.34,37042.26112121212,37042.26112121212,231.93143288113083,Grease Cartridge GC-5,Lubricants,All,Generic,180,310,Qingdao Distributor Supplies,Distributor,East China,0.007053185869392653,12.968870674257094,2.0,Low Product Dependency,Low Value Supplier-Product,28.85079604507268,High Cost Variance,52.462381293403006,High Procurement Priority
SUP0002,P026,574,105612,24427629.33,37872.29353488372,37872.29353488372,231.29596381093057,Grease Cartridge GC-5,Lubricants,All,Generic,180,310,Guangzhou Local Vendor Supplies,Local Vendor,South China,0.0070473400167598045,12.958121757642663,3.0,Low Product Dependency,Low Value Supplier-Product,28.497757672739212,High Cost Variance,52.41889919106109,High Procurement Priority
SUP0001,P026,561,102757,24004573.31,37101.34978361669,37101.34978361669,233.60523672353222,Grease Cartridge GC-5,Lubricants,All,Generic,180,310,Shenzhen OEM Supplies,OEM,South China,0.006925288892649469,12.733703278738895,4.0,Low Product Dependency,Low Value Supplier-Product,29.78068706862902,High Cost Variance,51.511069349492445,High Procurement Priority
SUP0003,P026,549,101074,23612181.48,37779.490368,37779.490368,233.6128131863783,Grease Cartridge GC-5,Lubricants,All,Generic,180,310,Shanghai Distributor Supplies,Distributor,East China,0.006812084348383175,12.525551229223403,5.0,Low Product Dependency,Low Value Supplier-Product,29.78489621465461,High Cost Variance,50.66904135314876,High Procurement Priority
SUP0007,P026,571,99247,23335909.03,36179.70392248062,36179.70392248062,235.1296163108205,Grease Cartridge GC-5,Lubricants,All,Generic,180,310,Suzhou Local Vendor Supplies,Local Vendor,East China,0.006732380097671374,12.378997014034557,6.0,Low Product Dependency,Low Value Supplier-Product,30.627564617122506,High Cost Variance,50.0761922677882,High Procurement Priority
SUP0008,P026,564,97838,22719390.88,36235.073173843695,36235.073173843695,232.21438377726446,Grease Cartridge GC-5,Lubricants,All,Generic,180,310,Hangzhou OEM Supplies,OEM,East China,0.006554515394926036,12.051952700991649,7.0,Low Product Dependency,Low Value Supplier-Product,29.007990987369148,High Cost Variance,48.75321481804361,Medium Procurement Priority
SUP0004,P026,537,93112,21509961.3,35730.83272425249,35730.83272425249,231.01169881433114,Grease Cartridge GC-5,Lubricants,All,Generic,180,310,Ningbo Distributor Supplies,Distributor,East China,0.0062055964981537065,11.410386728984385,8.0,Low Product Dependency,Low Value Supplier-Product,28.339832674628408,High Cost Variance,46.157917240196035,Medium Procurement Priority
